circuit_id,circuit_type,num_qubits,bug_type,valid_file,buggy_file,ground_truth_file,bug_description
circuit_0001,ghz,3,syntax,data/valid/circuit_0001_valid.qasm,data/buggy/circuit_0001_buggy.qasm,data/ground_truth/circuit_0001_ground_truth.qasm,Syntax error: missing semicolon on line 3
circuit_0002,ghz,3,structural,data/valid/circuit_0002_valid.qasm,data/buggy/circuit_0002_buggy.qasm,data/ground_truth/circuit_0002_ground_truth.qasm,Structural error: reversed control and target qubits on cx gate
circuit_0003,ghz,5,gate_redundancy,data/valid/circuit_0003_valid.qasm,data/buggy/circuit_0003_buggy.qasm,data/ground_truth/circuit_0003_ground_truth.qasm,Gate redundancy: inserted two consecutive self-canceling H gates on qubit 3
circuit_0004,ghz,4,semantic_deviation,data/valid/circuit_0004_valid.qasm,data/buggy/circuit_0004_buggy.qasm,data/ground_truth/circuit_0004_ground_truth.qasm,Semantic deviation: replaced h with x
circuit_0005,ghz,4,physics_violation,data/valid/circuit_0005_valid.qasm,data/buggy/circuit_0005_buggy.qasm,data/ground_truth/circuit_0005_ground_truth.qasm,Physics violation: uncalibrated gate delay of 1200us exceeds qubit T2 coherence limit (~150us)
circuit_0006,ghz,4,syntax,data/valid/circuit_0006_valid.qasm,data/buggy/circuit_0006_buggy.qasm,data/ground_truth/circuit_0006_ground_truth.qasm,Syntax error: unclosed bracket on line 3
circuit_0007,ghz,3,structural,data/valid/circuit_0007_valid.qasm,data/buggy/circuit_0007_buggy.qasm,data/ground_truth/circuit_0007_ground_truth.qasm,Structural error: omitted cx gate at instruction index 1
circuit_0008,ghz,7,gate_redundancy,data/valid/circuit_0008_valid.qasm,data/buggy/circuit_0008_buggy.qasm,data/ground_truth/circuit_0008_ground_truth.qasm,Gate redundancy: inserted two consecutive self-canceling H gates on qubit 2
circuit_0009,ghz,3,semantic_deviation,data/valid/circuit_0009_valid.qasm,data/buggy/circuit_0009_buggy.qasm,data/ground_truth/circuit_0009_ground_truth.qasm,Semantic deviation: replaced h with x
circuit_0010,ghz,7,physics_violation,data/valid/circuit_0010_valid.qasm,data/buggy/circuit_0010_buggy.qasm,data/ground_truth/circuit_0010_ground_truth.qasm,Physics violation: uncalibrated gate delay of 1200us exceeds qubit T2 coherence limit (~150us)
circuit_0011,ghz,6,syntax,data/valid/circuit_0011_valid.qasm,data/buggy/circuit_0011_buggy.qasm,data/ground_truth/circuit_0011_ground_truth.qasm,Syntax error: unknown keyword 'qbit_invalid' on line 3
circuit_0012,ghz,3,structural,data/valid/circuit_0012_valid.qasm,data/buggy/circuit_0012_buggy.qasm,data/ground_truth/circuit_0012_ground_truth.qasm,Structural error: omitted cx gate at instruction index 1
circuit_0013,ghz,3,gate_redundancy,data/valid/circuit_0013_valid.qasm,data/buggy/circuit_0013_buggy.qasm,data/ground_truth/circuit_0013_ground_truth.qasm,Gate redundancy: inserted two consecutive self-canceling X gates on qubit 0
circuit_0014,ghz,3,semantic_deviation,data/valid/circuit_0014_valid.qasm,data/buggy/circuit_0014_buggy.qasm,data/ground_truth/circuit_0014_ground_truth.qasm,Semantic deviation: replaced h with x
circuit_0015,ghz,4,physics_violation,data/valid/circuit_0015_valid.qasm,data/buggy/circuit_0015_buggy.qasm,data/ground_truth/circuit_0015_ground_truth.qasm,"Physics violation: CNOT between non-connected physical qubits (0, 2) on FakeSherbrooke coupling graph"
circuit_0016,ghz,4,syntax,data/valid/circuit_0016_valid.qasm,data/buggy/circuit_0016_buggy.qasm,data/ground_truth/circuit_0016_ground_truth.qasm,Syntax error: unknown keyword 'qbit_invalid' on line 3
circuit_0017,ghz,7,structural,data/valid/circuit_0017_valid.qasm,data/buggy/circuit_0017_buggy.qasm,data/ground_truth/circuit_0017_ground_truth.qasm,Structural error: omitted h gate at instruction index 0
circuit_0018,ghz,7,gate_redundancy,data/valid/circuit_0018_valid.qasm,data/buggy/circuit_0018_buggy.qasm,data/ground_truth/circuit_0018_ground_truth.qasm,Gate redundancy: inserted two consecutive self-canceling H gates on qubit 4
circuit_0019,ghz,3,semantic_deviation,data/valid/circuit_0019_valid.qasm,data/buggy/circuit_0019_buggy.qasm,data/ground_truth/circuit_0019_ground_truth.qasm,Semantic deviation: replaced h with x
circuit_0020,ghz,7,physics_violation,data/valid/circuit_0020_valid.qasm,data/buggy/circuit_0020_buggy.qasm,data/ground_truth/circuit_0020_ground_truth.qasm,"Physics violation: CNOT between non-connected physical qubits (0, 2) on FakeSherbrooke coupling graph"
circuit_0021,ghz,4,syntax,data/valid/circuit_0021_valid.qasm,data/buggy/circuit_0021_buggy.qasm,data/ground_truth/circuit_0021_ground_truth.qasm,Syntax error: call to undefined gate 'unknown_quantum_op'
circuit_0022,ghz,7,structural,data/valid/circuit_0022_valid.qasm,data/buggy/circuit_0022_buggy.qasm,data/ground_truth/circuit_0022_ground_truth.qasm,Structural error: reversed control and target qubits on cx gate
circuit_0023,ghz,6,gate_redundancy,data/valid/circuit_0023_valid.qasm,data/buggy/circuit_0023_buggy.qasm,data/ground_truth/circuit_0023_ground_truth.qasm,Gate redundancy: inserted two consecutive self-canceling H gates on qubit 2
circuit_0024,ghz,4,semantic_deviation,data/valid/circuit_0024_valid.qasm,data/buggy/circuit_0024_buggy.qasm,data/ground_truth/circuit_0024_ground_truth.qasm,Semantic deviation: replaced h with x
circuit_0025,ghz,6,physics_violation,data/valid/circuit_0025_valid.qasm,data/buggy/circuit_0025_buggy.qasm,data/ground_truth/circuit_0025_ground_truth.qasm,"Physics violation: CNOT between non-connected physical qubits (0, 2) on FakeSherbrooke coupling graph"
circuit_0026,ghz,7,syntax,data/valid/circuit_0026_valid.qasm,data/buggy/circuit_0026_buggy.qasm,data/ground_truth/circuit_0026_ground_truth.qasm,Syntax error: call to undefined gate 'unknown_quantum_op'
circuit_0027,ghz,5,structural,data/valid/circuit_0027_valid.qasm,data/buggy/circuit_0027_buggy.qasm,data/ground_truth/circuit_0027_ground_truth.qasm,Structural error: shifted h from qubit 0 to qubit 1
circuit_0028,ghz,3,gate_redundancy,data/valid/circuit_0028_valid.qasm,data/buggy/circuit_0028_buggy.qasm,data/ground_truth/circuit_0028_ground_truth.qasm,Gate redundancy: inserted two consecutive self-canceling X gates on qubit 2
circuit_0029,ghz,4,semantic_deviation,data/valid/circuit_0029_valid.qasm,data/buggy/circuit_0029_buggy.qasm,data/ground_truth/circuit_0029_ground_truth.qasm,Semantic deviation: replaced h with x
circuit_0030,ghz,6,physics_violation,data/valid/circuit_0030_valid.qasm,data/buggy/circuit_0030_buggy.qasm,data/ground_truth/circuit_0030_ground_truth.qasm,"Physics violation: CNOT between non-connected physical qubits (0, 2) on FakeSherbrooke coupling graph"
circuit_0031,ghz,5,syntax,data/valid/circuit_0031_valid.qasm,data/buggy/circuit_0031_buggy.qasm,data/ground_truth/circuit_0031_ground_truth.qasm,Syntax error: unclosed bracket on line 3
circuit_0032,ghz,5,structural,data/valid/circuit_0032_valid.qasm,data/buggy/circuit_0032_buggy.qasm,data/ground_truth/circuit_0032_ground_truth.qasm,Structural error: shifted h from qubit 0 to qubit 1
circuit_0033,ghz,4,gate_redundancy,data/valid/circuit_0033_valid.qasm,data/buggy/circuit_0033_buggy.qasm,data/ground_truth/circuit_0033_ground_truth.qasm,Gate redundancy: inserted two consecutive self-canceling H gates on qubit 3
circuit_0034,ghz,4,semantic_deviation,data/valid/circuit_0034_valid.qasm,data/buggy/circuit_0034_buggy.qasm,data/ground_truth/circuit_0034_ground_truth.qasm,Semantic deviation: replaced h with x
circuit_0035,ghz,5,physics_violation,data/valid/circuit_0035_valid.qasm,data/buggy/circuit_0035_buggy.qasm,data/ground_truth/circuit_0035_ground_truth.qasm,Physics violation: uncalibrated gate delay of 1200us exceeds qubit T2 coherence limit (~150us)
circuit_0036,ghz,3,syntax,data/valid/circuit_0036_valid.qasm,data/buggy/circuit_0036_buggy.qasm,data/ground_truth/circuit_0036_ground_truth.qasm,Syntax error: unknown keyword 'qbit_invalid' on line 3
circuit_0037,ghz,3,structural,data/valid/circuit_0037_valid.qasm,data/buggy/circuit_0037_buggy.qasm,data/ground_truth/circuit_0037_ground_truth.qasm,Structural error: omitted cx gate at instruction index 1
circuit_0038,ghz,6,gate_redundancy,data/valid/circuit_0038_valid.qasm,data/buggy/circuit_0038_buggy.qasm,data/ground_truth/circuit_0038_ground_truth.qasm,Gate redundancy: inserted two consecutive self-canceling H gates on qubit 4
circuit_0039,ghz,3,semantic_deviation,data/valid/circuit_0039_valid.qasm,data/buggy/circuit_0039_buggy.qasm,data/ground_truth/circuit_0039_ground_truth.qasm,Semantic deviation: replaced h with x
circuit_0040,ghz,5,physics_violation,data/valid/circuit_0040_valid.qasm,data/buggy/circuit_0040_buggy.qasm,data/ground_truth/circuit_0040_ground_truth.qasm,"Physics violation: CNOT between non-connected physical qubits (0, 2) on FakeSherbrooke coupling graph"
circuit_0041,ghz,5,syntax,data/valid/circuit_0041_valid.qasm,data/buggy/circuit_0041_buggy.qasm,data/ground_truth/circuit_0041_ground_truth.qasm,Syntax error: call to undefined gate 'unknown_quantum_op'
circuit_0042,ghz,7,structural,data/valid/circuit_0042_valid.qasm,data/buggy/circuit_0042_buggy.qasm,data/ground_truth/circuit_0042_ground_truth.qasm,Structural error: shifted h from qubit 0 to qubit 1
circuit_0043,ghz,5,gate_redundancy,data/valid/circuit_0043_valid.qasm,data/buggy/circuit_0043_buggy.qasm,data/ground_truth/circuit_0043_ground_truth.qasm,Gate redundancy: inserted two consecutive self-canceling X gates on qubit 4
circuit_0044,ghz,3,semantic_deviation,data/valid/circuit_0044_valid.qasm,data/buggy/circuit_0044_buggy.qasm,data/ground_truth/circuit_0044_ground_truth.qasm,Semantic deviation: replaced h with x
circuit_0045,ghz,6,physics_violation,data/valid/circuit_0045_valid.qasm,data/buggy/circuit_0045_buggy.qasm,data/ground_truth/circuit_0045_ground_truth.qasm,"Physics violation: CNOT between non-connected physical qubits (0, 2) on FakeSherbrooke coupling graph"
circuit_0046,ghz,7,syntax,data/valid/circuit_0046_valid.qasm,data/buggy/circuit_0046_buggy.qasm,data/ground_truth/circuit_0046_ground_truth.qasm,Syntax error: call to undefined gate 'unknown_quantum_op'
circuit_0047,ghz,3,structural,data/valid/circuit_0047_valid.qasm,data/buggy/circuit_0047_buggy.qasm,data/ground_truth/circuit_0047_ground_truth.qasm,Structural error: omitted cx gate at instruction index 2
circuit_0048,ghz,6,gate_redundancy,data/valid/circuit_0048_valid.qasm,data/buggy/circuit_0048_buggy.qasm,data/ground_truth/circuit_0048_ground_truth.qasm,Gate redundancy: inserted two consecutive self-canceling X gates on qubit 0
circuit_0049,ghz,3,semantic_deviation,data/valid/circuit_0049_valid.qasm,data/buggy/circuit_0049_buggy.qasm,data/ground_truth/circuit_0049_ground_truth.qasm,Semantic deviation: replaced h with x
circuit_0050,ghz,7,physics_violation,data/valid/circuit_0050_valid.qasm,data/buggy/circuit_0050_buggy.qasm,data/ground_truth/circuit_0050_ground_truth.qasm,Physics violation: uncalibrated gate delay of 1200us exceeds qubit T2 coherence limit (~150us)
circuit_0051,ghz,5,syntax,data/valid/circuit_0051_valid.qasm,data/buggy/circuit_0051_buggy.qasm,data/ground_truth/circuit_0051_ground_truth.qasm,Syntax error: call to undefined gate 'unknown_quantum_op'
circuit_0052,ghz,7,structural,data/valid/circuit_0052_valid.qasm,data/buggy/circuit_0052_buggy.qasm,data/ground_truth/circuit_0052_ground_truth.qasm,Structural error: shifted h from qubit 0 to qubit 1
circuit_0053,ghz,5,gate_redundancy,data/valid/circuit_0053_valid.qasm,data/buggy/circuit_0053_buggy.qasm,data/ground_truth/circuit_0053_ground_truth.qasm,"Gate redundancy: inserted two duplicate consecutive CNOT gates on (0, 1)"
circuit_0054,ghz,7,semantic_deviation,data/valid/circuit_0054_valid.qasm,data/buggy/circuit_0054_buggy.qasm,data/ground_truth/circuit_0054_ground_truth.qasm,Semantic deviation: replaced h with x
circuit_0055,ghz,4,physics_violation,data/valid/circuit_0055_valid.qasm,data/buggy/circuit_0055_buggy.qasm,data/ground_truth/circuit_0055_ground_truth.qasm,"Physics violation: CNOT between non-connected physical qubits (0, 2) on FakeSherbrooke coupling graph"
circuit_0056,ghz,3,syntax,data/valid/circuit_0056_valid.qasm,data/buggy/circuit_0056_buggy.qasm,data/ground_truth/circuit_0056_ground_truth.qasm,Syntax error: unclosed bracket on line 3
circuit_0057,ghz,3,structural,data/valid/circuit_0057_valid.qasm,data/buggy/circuit_0057_buggy.qasm,data/ground_truth/circuit_0057_ground_truth.qasm,Structural error: reversed control and target qubits on cx gate
circuit_0058,ghz,4,gate_redundancy,data/valid/circuit_0058_valid.qasm,data/buggy/circuit_0058_buggy.qasm,data/ground_truth/circuit_0058_ground_truth.qasm,Gate redundancy: inserted two consecutive self-canceling X gates on qubit 3
circuit_0059,ghz,5,semantic_deviation,data/valid/circuit_0059_valid.qasm,data/buggy/circuit_0059_buggy.qasm,data/ground_truth/circuit_0059_ground_truth.qasm,Semantic deviation: replaced h with x
circuit_0060,ghz,3,physics_violation,data/valid/circuit_0060_valid.qasm,data/buggy/circuit_0060_buggy.qasm,data/ground_truth/circuit_0060_ground_truth.qasm,"Physics violation: CNOT between non-connected physical qubits (0, 2) on FakeSherbrooke coupling graph"
circuit_0061,ghz,4,syntax,data/valid/circuit_0061_valid.qasm,data/buggy/circuit_0061_buggy.qasm,data/ground_truth/circuit_0061_ground_truth.qasm,Syntax error: call to undefined gate 'unknown_quantum_op'
circuit_0062,ghz,3,structural,data/valid/circuit_0062_valid.qasm,data/buggy/circuit_0062_buggy.qasm,data/ground_truth/circuit_0062_ground_truth.qasm,Structural error: omitted h gate at instruction index 0
circuit_0063,ghz,6,gate_redundancy,data/valid/circuit_0063_valid.qasm,data/buggy/circuit_0063_buggy.qasm,data/ground_truth/circuit_0063_ground_truth.qasm,"Gate redundancy: inserted two duplicate consecutive CNOT gates on (0, 1)"
circuit_0064,ghz,5,semantic_deviation,data/valid/circuit_0064_valid.qasm,data/buggy/circuit_0064_buggy.qasm,data/ground_truth/circuit_0064_ground_truth.qasm,Semantic deviation: replaced h with x
circuit_0065,ghz,6,physics_violation,data/valid/circuit_0065_valid.qasm,data/buggy/circuit_0065_buggy.qasm,data/ground_truth/circuit_0065_ground_truth.qasm,"Physics violation: CNOT between non-connected physical qubits (0, 2) on FakeSherbrooke coupling graph"
circuit_0066,ghz,5,syntax,data/valid/circuit_0066_valid.qasm,data/buggy/circuit_0066_buggy.qasm,data/ground_truth/circuit_0066_ground_truth.qasm,Syntax error: unknown keyword 'qbit_invalid' on line 3
circuit_0067,ghz,4,structural,data/valid/circuit_0067_valid.qasm,data/buggy/circuit_0067_buggy.qasm,data/ground_truth/circuit_0067_ground_truth.qasm,Structural error: reversed control and target qubits on cx gate
circuit_0068,ghz,5,gate_redundancy,data/valid/circuit_0068_valid.qasm,data/buggy/circuit_0068_buggy.qasm,data/ground_truth/circuit_0068_ground_truth.qasm,Gate redundancy: inserted two consecutive self-canceling H gates on qubit 1
circuit_0069,ghz,5,semantic_deviation,data/valid/circuit_0069_valid.qasm,data/buggy/circuit_0069_buggy.qasm,data/ground_truth/circuit_0069_ground_truth.qasm,Semantic deviation: replaced h with x
circuit_0070,ghz,4,physics_violation,data/valid/circuit_0070_valid.qasm,data/buggy/circuit_0070_buggy.qasm,data/ground_truth/circuit_0070_ground_truth.qasm,Physics violation: uncalibrated gate delay of 1200us exceeds qubit T2 coherence limit (~150us)
circuit_0071,ghz,5,syntax,data/valid/circuit_0071_valid.qasm,data/buggy/circuit_0071_buggy.qasm,data/ground_truth/circuit_0071_ground_truth.qasm,Syntax error: missing semicolon on line 3
circuit_0072,ghz,3,structural,data/valid/circuit_0072_valid.qasm,data/buggy/circuit_0072_buggy.qasm,data/ground_truth/circuit_0072_ground_truth.qasm,Structural error: omitted cx gate at instruction index 2
circuit_0073,ghz,7,gate_redundancy,data/valid/circuit_0073_valid.qasm,data/buggy/circuit_0073_buggy.qasm,data/ground_truth/circuit_0073_ground_truth.qasm,Gate redundancy: inserted two consecutive self-canceling H gates on qubit 6
circuit_0074,ghz,4,semantic_deviation,data/valid/circuit_0074_valid.qasm,data/buggy/circuit_0074_buggy.qasm,data/ground_truth/circuit_0074_ground_truth.qasm,Semantic deviation: replaced h with x
circuit_0075,ghz,7,physics_violation,data/valid/circuit_0075_valid.qasm,data/buggy/circuit_0075_buggy.qasm,data/ground_truth/circuit_0075_ground_truth.qasm,"Physics violation: CNOT between non-connected physical qubits (0, 2) on FakeSherbrooke coupling graph"
circuit_0076,ghz,4,syntax,data/valid/circuit_0076_valid.qasm,data/buggy/circuit_0076_buggy.qasm,data/ground_truth/circuit_0076_ground_truth.qasm,Syntax error: unknown keyword 'qbit_invalid' on line 3
circuit_0077,ghz,4,structural,data/valid/circuit_0077_valid.qasm,data/buggy/circuit_0077_buggy.qasm,data/ground_truth/circuit_0077_ground_truth.qasm,Structural error: reversed control and target qubits on cx gate
circuit_0078,ghz,6,gate_redundancy,data/valid/circuit_0078_valid.qasm,data/buggy/circuit_0078_buggy.qasm,data/ground_truth/circuit_0078_ground_truth.qasm,"Gate redundancy: inserted two duplicate consecutive CNOT gates on (0, 1)"
circuit_0079,ghz,6,semantic_deviation,data/valid/circuit_0079_valid.qasm,data/buggy/circuit_0079_buggy.qasm,data/ground_truth/circuit_0079_ground_truth.qasm,Semantic deviation: replaced h with x
circuit_0080,ghz,5,physics_violation,data/valid/circuit_0080_valid.qasm,data/buggy/circuit_0080_buggy.qasm,data/ground_truth/circuit_0080_ground_truth.qasm,"Physics violation: CNOT between non-connected physical qubits (0, 2) on FakeSherbrooke coupling graph"
circuit_0081,ghz,7,syntax,data/valid/circuit_0081_valid.qasm,data/buggy/circuit_0081_buggy.qasm,data/ground_truth/circuit_0081_ground_truth.qasm,Syntax error: missing semicolon on line 3
circuit_0082,ghz,4,structural,data/valid/circuit_0082_valid.qasm,data/buggy/circuit_0082_buggy.qasm,data/ground_truth/circuit_0082_ground_truth.qasm,Structural error: reversed control and target qubits on cx gate
circuit_0083,ghz,5,gate_redundancy,data/valid/circuit_0083_valid.qasm,data/buggy/circuit_0083_buggy.qasm,data/ground_truth/circuit_0083_ground_truth.qasm,Gate redundancy: inserted two consecutive self-canceling X gates on qubit 4
circuit_0084,ghz,3,semantic_deviation,data/valid/circuit_0084_valid.qasm,data/buggy/circuit_0084_buggy.qasm,data/ground_truth/circuit_0084_ground_truth.qasm,Semantic deviation: replaced h with x
circuit_0085,ghz,4,physics_violation,data/valid/circuit_0085_valid.qasm,data/buggy/circuit_0085_buggy.qasm,data/ground_truth/circuit_0085_ground_truth.qasm,"Physics violation: CNOT between non-connected physical qubits (0, 2) on FakeSherbrooke coupling graph"
circuit_0086,ghz,3,syntax,data/valid/circuit_0086_valid.qasm,data/buggy/circuit_0086_buggy.qasm,data/ground_truth/circuit_0086_ground_truth.qasm,Syntax error: unknown keyword 'qbit_invalid' on line 3
circuit_0087,ghz,5,structural,data/valid/circuit_0087_valid.qasm,data/buggy/circuit_0087_buggy.qasm,data/ground_truth/circuit_0087_ground_truth.qasm,Structural error: shifted h from qubit 0 to qubit 1
circuit_0088,ghz,6,gate_redundancy,data/valid/circuit_0088_valid.qasm,data/buggy/circuit_0088_buggy.qasm,data/ground_truth/circuit_0088_ground_truth.qasm,"Gate redundancy: inserted two duplicate consecutive CNOT gates on (0, 1)"
circuit_0089,ghz,5,semantic_deviation,data/valid/circuit_0089_valid.qasm,data/buggy/circuit_0089_buggy.qasm,data/ground_truth/circuit_0089_ground_truth.qasm,Semantic deviation: replaced h with x
circuit_0090,ghz,3,physics_violation,data/valid/circuit_0090_valid.qasm,data/buggy/circuit_0090_buggy.qasm,data/ground_truth/circuit_0090_ground_truth.qasm,Physics violation: uncalibrated gate delay of 1200us exceeds qubit T2 coherence limit (~150us)
circuit_0091,ghz,4,syntax,data/valid/circuit_0091_valid.qasm,data/buggy/circuit_0091_buggy.qasm,data/ground_truth/circuit_0091_ground_truth.qasm,Syntax error: call to undefined gate 'unknown_quantum_op'
circuit_0092,ghz,7,structural,data/valid/circuit_0092_valid.qasm,data/buggy/circuit_0092_buggy.qasm,data/ground_truth/circuit_0092_ground_truth.qasm,Structural error: reversed control and target qubits on cx gate
circuit_0093,ghz,5,gate_redundancy,data/valid/circuit_0093_valid.qasm,data/buggy/circuit_0093_buggy.qasm,data/ground_truth/circuit_0093_ground_truth.qasm,"Gate redundancy: inserted two duplicate consecutive CNOT gates on (0, 1)"
circuit_0094,ghz,4,semantic_deviation,data/valid/circuit_0094_valid.qasm,data/buggy/circuit_0094_buggy.qasm,data/ground_truth/circuit_0094_ground_truth.qasm,Semantic deviation: replaced h with x
circuit_0095,ghz,6,physics_violation,data/valid/circuit_0095_valid.qasm,data/buggy/circuit_0095_buggy.qasm,data/ground_truth/circuit_0095_ground_truth.qasm,"Physics violation: CNOT between non-connected physical qubits (0, 2) on FakeSherbrooke coupling graph"
circuit_0096,ghz,6,syntax,data/valid/circuit_0096_valid.qasm,data/buggy/circuit_0096_buggy.qasm,data/ground_truth/circuit_0096_ground_truth.qasm,Syntax error: unknown keyword 'qbit_invalid' on line 3
circuit_0097,ghz,6,structural,data/valid/circuit_0097_valid.qasm,data/buggy/circuit_0097_buggy.qasm,data/ground_truth/circuit_0097_ground_truth.qasm,Structural error: omitted cx gate at instruction index 5
circuit_0098,ghz,4,gate_redundancy,data/valid/circuit_0098_valid.qasm,data/buggy/circuit_0098_buggy.qasm,data/ground_truth/circuit_0098_ground_truth.qasm,Gate redundancy: inserted two consecutive self-canceling X gates on qubit 2
circuit_0099,ghz,5,semantic_deviation,data/valid/circuit_0099_valid.qasm,data/buggy/circuit_0099_buggy.qasm,data/ground_truth/circuit_0099_ground_truth.qasm,Semantic deviation: replaced h with x
circuit_0100,ghz,4,physics_violation,data/valid/circuit_0100_valid.qasm,data/buggy/circuit_0100_buggy.qasm,data/ground_truth/circuit_0100_ground_truth.qasm,Physics violation: uncalibrated gate delay of 1200us exceeds qubit T2 coherence limit (~150us)
circuit_0101,ghz,4,syntax,data/valid/circuit_0101_valid.qasm,data/buggy/circuit_0101_buggy.qasm,data/ground_truth/circuit_0101_ground_truth.qasm,Syntax error: unknown keyword 'qbit_invalid' on line 3
circuit_0102,ghz,7,structural,data/valid/circuit_0102_valid.qasm,data/buggy/circuit_0102_buggy.qasm,data/ground_truth/circuit_0102_ground_truth.qasm,Structural error: reversed control and target qubits on cx gate
circuit_0103,ghz,7,gate_redundancy,data/valid/circuit_0103_valid.qasm,data/buggy/circuit_0103_buggy.qasm,data/ground_truth/circuit_0103_ground_truth.qasm,Gate redundancy: inserted two consecutive self-canceling H gates on qubit 3
circuit_0104,ghz,5,semantic_deviation,data/valid/circuit_0104_valid.qasm,data/buggy/circuit_0104_buggy.qasm,data/ground_truth/circuit_0104_ground_truth.qasm,Semantic deviation: replaced h with x
circuit_0105,ghz,7,physics_violation,data/valid/circuit_0105_valid.qasm,data/buggy/circuit_0105_buggy.qasm,data/ground_truth/circuit_0105_ground_truth.qasm,"Physics violation: CNOT between non-connected physical qubits (0, 2) on FakeSherbrooke coupling graph"
circuit_0106,ghz,6,syntax,data/valid/circuit_0106_valid.qasm,data/buggy/circuit_0106_buggy.qasm,data/ground_truth/circuit_0106_ground_truth.qasm,Syntax error: call to undefined gate 'unknown_quantum_op'
circuit_0107,ghz,7,structural,data/valid/circuit_0107_valid.qasm,data/buggy/circuit_0107_buggy.qasm,data/ground_truth/circuit_0107_ground_truth.qasm,Structural error: omitted h gate at instruction index 0
circuit_0108,ghz,6,gate_redundancy,data/valid/circuit_0108_valid.qasm,data/buggy/circuit_0108_buggy.qasm,data/ground_truth/circuit_0108_ground_truth.qasm,Gate redundancy: inserted two consecutive self-canceling H gates on qubit 1
circuit_0109,ghz,5,semantic_deviation,data/valid/circuit_0109_valid.qasm,data/buggy/circuit_0109_buggy.qasm,data/ground_truth/circuit_0109_ground_truth.qasm,Semantic deviation: replaced h with x
circuit_0110,ghz,4,physics_violation,data/valid/circuit_0110_valid.qasm,data/buggy/circuit_0110_buggy.qasm,data/ground_truth/circuit_0110_ground_truth.qasm,Physics violation: uncalibrated gate delay of 1200us exceeds qubit T2 coherence limit (~150us)
circuit_0111,ghz,4,syntax,data/valid/circuit_0111_valid.qasm,data/buggy/circuit_0111_buggy.qasm,data/ground_truth/circuit_0111_ground_truth.qasm,Syntax error: call to undefined gate 'unknown_quantum_op'
circuit_0112,ghz,7,structural,data/valid/circuit_0112_valid.qasm,data/buggy/circuit_0112_buggy.qasm,data/ground_truth/circuit_0112_ground_truth.qasm,Structural error: omitted cx gate at instruction index 6
circuit_0113,ghz,6,gate_redundancy,data/valid/circuit_0113_valid.qasm,data/buggy/circuit_0113_buggy.qasm,data/ground_truth/circuit_0113_ground_truth.qasm,"Gate redundancy: inserted two duplicate consecutive CNOT gates on (0, 1)"
circuit_0114,ghz,3,semantic_deviation,data/valid/circuit_0114_valid.qasm,data/buggy/circuit_0114_buggy.qasm,data/ground_truth/circuit_0114_ground_truth.qasm,Semantic deviation: replaced h with x
circuit_0115,ghz,3,physics_violation,data/valid/circuit_0115_valid.qasm,data/buggy/circuit_0115_buggy.qasm,data/ground_truth/circuit_0115_ground_truth.qasm,Physics violation: uncalibrated gate delay of 1200us exceeds qubit T2 coherence limit (~150us)
circuit_0116,ghz,3,syntax,data/valid/circuit_0116_valid.qasm,data/buggy/circuit_0116_buggy.qasm,data/ground_truth/circuit_0116_ground_truth.qasm,Syntax error: unknown keyword 'qbit_invalid' on line 3
circuit_0117,ghz,4,structural,data/valid/circuit_0117_valid.qasm,data/buggy/circuit_0117_buggy.qasm,data/ground_truth/circuit_0117_ground_truth.qasm,Structural error: reversed control and target qubits on cx gate
circuit_0118,ghz,4,gate_redundancy,data/valid/circuit_0118_valid.qasm,data/buggy/circuit_0118_buggy.qasm,data/ground_truth/circuit_0118_ground_truth.qasm,Gate redundancy: inserted two consecutive self-canceling X gates on qubit 2
circuit_0119,ghz,6,semantic_deviation,data/valid/circuit_0119_valid.qasm,data/buggy/circuit_0119_buggy.qasm,data/ground_truth/circuit_0119_ground_truth.qasm,Semantic deviation: replaced h with x
circuit_0120,ghz,7,physics_violation,data/valid/circuit_0120_valid.qasm,data/buggy/circuit_0120_buggy.qasm,data/ground_truth/circuit_0120_ground_truth.qasm,"Physics violation: CNOT between non-connected physical qubits (0, 2) on FakeSherbrooke coupling graph"
circuit_0121,ghz,3,syntax,data/valid/circuit_0121_valid.qasm,data/buggy/circuit_0121_buggy.qasm,data/ground_truth/circuit_0121_ground_truth.qasm,Syntax error: call to undefined gate 'unknown_quantum_op'
circuit_0122,ghz,6,structural,data/valid/circuit_0122_valid.qasm,data/buggy/circuit_0122_buggy.qasm,data/ground_truth/circuit_0122_ground_truth.qasm,Structural error: omitted cx gate at instruction index 5
circuit_0123,ghz,6,gate_redundancy,data/valid/circuit_0123_valid.qasm,data/buggy/circuit_0123_buggy.qasm,data/ground_truth/circuit_0123_ground_truth.qasm,Gate redundancy: inserted two consecutive self-canceling X gates on qubit 5
circuit_0124,ghz,7,semantic_deviation,data/valid/circuit_0124_valid.qasm,data/buggy/circuit_0124_buggy.qasm,data/ground_truth/circuit_0124_ground_truth.qasm,Semantic deviation: replaced h with x
circuit_0125,ghz,6,physics_violation,data/valid/circuit_0125_valid.qasm,data/buggy/circuit_0125_buggy.qasm,data/ground_truth/circuit_0125_ground_truth.qasm,"Physics violation: CNOT between non-connected physical qubits (0, 2) on FakeSherbrooke coupling graph"
circuit_0126,ghz,7,syntax,data/valid/circuit_0126_valid.qasm,data/buggy/circuit_0126_buggy.qasm,data/ground_truth/circuit_0126_ground_truth.qasm,Syntax error: missing semicolon on line 3
circuit_0127,ghz,5,structural,data/valid/circuit_0127_valid.qasm,data/buggy/circuit_0127_buggy.qasm,data/ground_truth/circuit_0127_ground_truth.qasm,Structural error: reversed control and target qubits on cx gate
circuit_0128,ghz,7,gate_redundancy,data/valid/circuit_0128_valid.qasm,data/buggy/circuit_0128_buggy.qasm,data/ground_truth/circuit_0128_ground_truth.qasm,Gate redundancy: inserted two consecutive self-canceling H gates on qubit 2
circuit_0129,ghz,3,semantic_deviation,data/valid/circuit_0129_valid.qasm,data/buggy/circuit_0129_buggy.qasm,data/ground_truth/circuit_0129_ground_truth.qasm,Semantic deviation: replaced h with x
circuit_0130,ghz,3,physics_violation,data/valid/circuit_0130_valid.qasm,data/buggy/circuit_0130_buggy.qasm,data/ground_truth/circuit_0130_ground_truth.qasm,Physics violation: uncalibrated gate delay of 1200us exceeds qubit T2 coherence limit (~150us)
circuit_0131,ghz,7,syntax,data/valid/circuit_0131_valid.qasm,data/buggy/circuit_0131_buggy.qasm,data/ground_truth/circuit_0131_ground_truth.qasm,Syntax error: unclosed bracket on line 3
circuit_0132,ghz,5,structural,data/valid/circuit_0132_valid.qasm,data/buggy/circuit_0132_buggy.qasm,data/ground_truth/circuit_0132_ground_truth.qasm,Structural error: omitted cx gate at instruction index 3
circuit_0133,ghz,5,gate_redundancy,data/valid/circuit_0133_valid.qasm,data/buggy/circuit_0133_buggy.qasm,data/ground_truth/circuit_0133_ground_truth.qasm,Gate redundancy: inserted two consecutive self-canceling H gates on qubit 0
circuit_0134,ghz,3,semantic_deviation,data/valid/circuit_0134_valid.qasm,data/buggy/circuit_0134_buggy.qasm,data/ground_truth/circuit_0134_ground_truth.qasm,Semantic deviation: replaced h with x
circuit_0135,ghz,5,physics_violation,data/valid/circuit_0135_valid.qasm,data/buggy/circuit_0135_buggy.qasm,data/ground_truth/circuit_0135_ground_truth.qasm,"Physics violation: CNOT between non-connected physical qubits (0, 2) on FakeSherbrooke coupling graph"
circuit_0136,ghz,6,syntax,data/valid/circuit_0136_valid.qasm,data/buggy/circuit_0136_buggy.qasm,data/ground_truth/circuit_0136_ground_truth.qasm,Syntax error: missing semicolon on line 3
circuit_0137,ghz,4,structural,data/valid/circuit_0137_valid.qasm,data/buggy/circuit_0137_buggy.qasm,data/ground_truth/circuit_0137_ground_truth.qasm,Structural error: omitted h gate at instruction index 0
circuit_0138,ghz,6,gate_redundancy,data/valid/circuit_0138_valid.qasm,data/buggy/circuit_0138_buggy.qasm,data/ground_truth/circuit_0138_ground_truth.qasm,Gate redundancy: inserted two consecutive self-canceling X gates on qubit 5
circuit_0139,ghz,3,semantic_deviation,data/valid/circuit_0139_valid.qasm,data/buggy/circuit_0139_buggy.qasm,data/ground_truth/circuit_0139_ground_truth.qasm,Semantic deviation: replaced h with x
circuit_0140,ghz,5,physics_violation,data/valid/circuit_0140_valid.qasm,data/buggy/circuit_0140_buggy.qasm,data/ground_truth/circuit_0140_ground_truth.qasm,Physics violation: uncalibrated gate delay of 1200us exceeds qubit T2 coherence limit (~150us)
circuit_0141,ghz,7,syntax,data/valid/circuit_0141_valid.qasm,data/buggy/circuit_0141_buggy.qasm,data/ground_truth/circuit_0141_ground_truth.qasm,Syntax error: missing semicolon on line 3
circuit_0142,ghz,4,structural,data/valid/circuit_0142_valid.qasm,data/buggy/circuit_0142_buggy.qasm,data/ground_truth/circuit_0142_ground_truth.qasm,Structural error: reversed control and target qubits on cx gate
circuit_0143,ghz,7,gate_redundancy,data/valid/circuit_0143_valid.qasm,data/buggy/circuit_0143_buggy.qasm,data/ground_truth/circuit_0143_ground_truth.qasm,Gate redundancy: inserted two consecutive self-canceling X gates on qubit 1
circuit_0144,ghz,3,semantic_deviation,data/valid/circuit_0144_valid.qasm,data/buggy/circuit_0144_buggy.qasm,data/ground_truth/circuit_0144_ground_truth.qasm,Semantic deviation: replaced h with x
circuit_0145,ghz,5,physics_violation,data/valid/circuit_0145_valid.qasm,data/buggy/circuit_0145_buggy.qasm,data/ground_truth/circuit_0145_ground_truth.qasm,Physics violation: uncalibrated gate delay of 1200us exceeds qubit T2 coherence limit (~150us)
circuit_0146,ghz,7,syntax,data/valid/circuit_0146_valid.qasm,data/buggy/circuit_0146_buggy.qasm,data/ground_truth/circuit_0146_ground_truth.qasm,Syntax error: unknown keyword 'qbit_invalid' on line 3
circuit_0147,ghz,7,structural,data/valid/circuit_0147_valid.qasm,data/buggy/circuit_0147_buggy.qasm,data/ground_truth/circuit_0147_ground_truth.qasm,Structural error: reversed control and target qubits on cx gate
circuit_0148,ghz,4,gate_redundancy,data/valid/circuit_0148_valid.qasm,data/buggy/circuit_0148_buggy.qasm,data/ground_truth/circuit_0148_ground_truth.qasm,Gate redundancy: inserted two consecutive self-canceling X gates on qubit 2
circuit_0149,ghz,4,semantic_deviation,data/valid/circuit_0149_valid.qasm,data/buggy/circuit_0149_buggy.qasm,data/ground_truth/circuit_0149_ground_truth.qasm,Semantic deviation: replaced h with x
circuit_0150,ghz,5,physics_violation,data/valid/circuit_0150_valid.qasm,data/buggy/circuit_0150_buggy.qasm,data/ground_truth/circuit_0150_ground_truth.qasm,Physics violation: uncalibrated gate delay of 1200us exceeds qubit T2 coherence limit (~150us)
circuit_0151,ghz,4,syntax,data/valid/circuit_0151_valid.qasm,data/buggy/circuit_0151_buggy.qasm,data/ground_truth/circuit_0151_ground_truth.qasm,Syntax error: call to undefined gate 'unknown_quantum_op'
circuit_0152,ghz,7,structural,data/valid/circuit_0152_valid.qasm,data/buggy/circuit_0152_buggy.qasm,data/ground_truth/circuit_0152_ground_truth.qasm,Structural error: shifted h from qubit 0 to qubit 1
circuit_0153,ghz,7,gate_redundancy,data/valid/circuit_0153_valid.qasm,data/buggy/circuit_0153_buggy.qasm,data/ground_truth/circuit_0153_ground_truth.qasm,"Gate redundancy: inserted two duplicate consecutive CNOT gates on (0, 1)"
circuit_0154,ghz,3,semantic_deviation,data/valid/circuit_0154_valid.qasm,data/buggy/circuit_0154_buggy.qasm,data/ground_truth/circuit_0154_ground_truth.qasm,Semantic deviation: replaced h with x
circuit_0155,ghz,7,physics_violation,data/valid/circuit_0155_valid.qasm,data/buggy/circuit_0155_buggy.qasm,data/ground_truth/circuit_0155_ground_truth.qasm,"Physics violation: CNOT between non-connected physical qubits (0, 2) on FakeSherbrooke coupling graph"
circuit_0156,ghz,5,syntax,data/valid/circuit_0156_valid.qasm,data/buggy/circuit_0156_buggy.qasm,data/ground_truth/circuit_0156_ground_truth.qasm,Syntax error: missing semicolon on line 3
circuit_0157,ghz,6,structural,data/valid/circuit_0157_valid.qasm,data/buggy/circuit_0157_buggy.qasm,data/ground_truth/circuit_0157_ground_truth.qasm,Structural error: reversed control and target qubits on cx gate
circuit_0158,ghz,3,gate_redundancy,data/valid/circuit_0158_valid.qasm,data/buggy/circuit_0158_buggy.qasm,data/ground_truth/circuit_0158_ground_truth.qasm,Gate redundancy: inserted two consecutive self-canceling X gates on qubit 2
circuit_0159,ghz,3,semantic_deviation,data/valid/circuit_0159_valid.qasm,data/buggy/circuit_0159_buggy.qasm,data/ground_truth/circuit_0159_ground_truth.qasm,Semantic deviation: replaced h with x
circuit_0160,ghz,5,physics_violation,data/valid/circuit_0160_valid.qasm,data/buggy/circuit_0160_buggy.qasm,data/ground_truth/circuit_0160_ground_truth.qasm,Physics violation: uncalibrated gate delay of 1200us exceeds qubit T2 coherence limit (~150us)
circuit_0161,ghz,5,syntax,data/valid/circuit_0161_valid.qasm,data/buggy/circuit_0161_buggy.qasm,data/ground_truth/circuit_0161_ground_truth.qasm,Syntax error: missing semicolon on line 3
circuit_0162,ghz,4,structural,data/valid/circuit_0162_valid.qasm,data/buggy/circuit_0162_buggy.qasm,data/ground_truth/circuit_0162_ground_truth.qasm,Structural error: reversed control and target qubits on cx gate
circuit_0163,ghz,3,gate_redundancy,data/valid/circuit_0163_valid.qasm,data/buggy/circuit_0163_buggy.qasm,data/ground_truth/circuit_0163_ground_truth.qasm,Gate redundancy: inserted two consecutive self-canceling H gates on qubit 2
circuit_0164,ghz,4,semantic_deviation,data/valid/circuit_0164_valid.qasm,data/buggy/circuit_0164_buggy.qasm,data/ground_truth/circuit_0164_ground_truth.qasm,Semantic deviation: replaced h with x
circuit_0165,ghz,7,physics_violation,data/valid/circuit_0165_valid.qasm,data/buggy/circuit_0165_buggy.qasm,data/ground_truth/circuit_0165_ground_truth.qasm,"Physics violation: CNOT between non-connected physical qubits (0, 2) on FakeSherbrooke coupling graph"
circuit_0166,ghz,3,syntax,data/valid/circuit_0166_valid.qasm,data/buggy/circuit_0166_buggy.qasm,data/ground_truth/circuit_0166_ground_truth.qasm,Syntax error: unclosed bracket on line 3
circuit_0167,ghz,3,structural,data/valid/circuit_0167_valid.qasm,data/buggy/circuit_0167_buggy.qasm,data/ground_truth/circuit_0167_ground_truth.qasm,Structural error: shifted h from qubit 0 to qubit 1
circuit_0168,ghz,6,gate_redundancy,data/valid/circuit_0168_valid.qasm,data/buggy/circuit_0168_buggy.qasm,data/ground_truth/circuit_0168_ground_truth.qasm,Gate redundancy: inserted two consecutive self-canceling H gates on qubit 5
circuit_0169,ghz,3,semantic_deviation,data/valid/circuit_0169_valid.qasm,data/buggy/circuit_0169_buggy.qasm,data/ground_truth/circuit_0169_ground_truth.qasm,Semantic deviation: replaced h with x
circuit_0170,ghz,7,physics_violation,data/valid/circuit_0170_valid.qasm,data/buggy/circuit_0170_buggy.qasm,data/ground_truth/circuit_0170_ground_truth.qasm,Physics violation: uncalibrated gate delay of 1200us exceeds qubit T2 coherence limit (~150us)
circuit_0171,ghz,4,syntax,data/valid/circuit_0171_valid.qasm,data/buggy/circuit_0171_buggy.qasm,data/ground_truth/circuit_0171_ground_truth.qasm,Syntax error: unknown keyword 'qbit_invalid' on line 3
circuit_0172,ghz,4,structural,data/valid/circuit_0172_valid.qasm,data/buggy/circuit_0172_buggy.qasm,data/ground_truth/circuit_0172_ground_truth.qasm,Structural error: shifted h from qubit 0 to qubit 1
circuit_0173,ghz,6,gate_redundancy,data/valid/circuit_0173_valid.qasm,data/buggy/circuit_0173_buggy.qasm,data/ground_truth/circuit_0173_ground_truth.qasm,Gate redundancy: inserted two consecutive self-canceling X gates on qubit 2
circuit_0174,ghz,7,semantic_deviation,data/valid/circuit_0174_valid.qasm,data/buggy/circuit_0174_buggy.qasm,data/ground_truth/circuit_0174_ground_truth.qasm,Semantic deviation: replaced h with x
circuit_0175,ghz,4,physics_violation,data/valid/circuit_0175_valid.qasm,data/buggy/circuit_0175_buggy.qasm,data/ground_truth/circuit_0175_ground_truth.qasm,Physics violation: uncalibrated gate delay of 1200us exceeds qubit T2 coherence limit (~150us)
circuit_0176,ghz,5,syntax,data/valid/circuit_0176_valid.qasm,data/buggy/circuit_0176_buggy.qasm,data/ground_truth/circuit_0176_ground_truth.qasm,Syntax error: unclosed bracket on line 3
circuit_0177,ghz,7,structural,data/valid/circuit_0177_valid.qasm,data/buggy/circuit_0177_buggy.qasm,data/ground_truth/circuit_0177_ground_truth.qasm,Structural error: shifted h from qubit 0 to qubit 1
circuit_0178,ghz,7,gate_redundancy,data/valid/circuit_0178_valid.qasm,data/buggy/circuit_0178_buggy.qasm,data/ground_truth/circuit_0178_ground_truth.qasm,"Gate redundancy: inserted two duplicate consecutive CNOT gates on (0, 1)"
circuit_0179,ghz,6,semantic_deviation,data/valid/circuit_0179_valid.qasm,data/buggy/circuit_0179_buggy.qasm,data/ground_truth/circuit_0179_ground_truth.qasm,Semantic deviation: replaced h with x
circuit_0180,ghz,4,physics_violation,data/valid/circuit_0180_valid.qasm,data/buggy/circuit_0180_buggy.qasm,data/ground_truth/circuit_0180_ground_truth.qasm,"Physics violation: CNOT between non-connected physical qubits (0, 2) on FakeSherbrooke coupling graph"
circuit_0181,ghz,7,syntax,data/valid/circuit_0181_valid.qasm,data/buggy/circuit_0181_buggy.qasm,data/ground_truth/circuit_0181_ground_truth.qasm,Syntax error: unclosed bracket on line 3
circuit_0182,ghz,4,structural,data/valid/circuit_0182_valid.qasm,data/buggy/circuit_0182_buggy.qasm,data/ground_truth/circuit_0182_ground_truth.qasm,Structural error: omitted cx gate at instruction index 1
circuit_0183,ghz,5,gate_redundancy,data/valid/circuit_0183_valid.qasm,data/buggy/circuit_0183_buggy.qasm,data/ground_truth/circuit_0183_ground_truth.qasm,"Gate redundancy: inserted two duplicate consecutive CNOT gates on (0, 1)"
circuit_0184,ghz,6,semantic_deviation,data/valid/circuit_0184_valid.qasm,data/buggy/circuit_0184_buggy.qasm,data/ground_truth/circuit_0184_ground_truth.qasm,Semantic deviation: replaced h with x
circuit_0185,ghz,5,physics_violation,data/valid/circuit_0185_valid.qasm,data/buggy/circuit_0185_buggy.qasm,data/ground_truth/circuit_0185_ground_truth.qasm,Physics violation: uncalibrated gate delay of 1200us exceeds qubit T2 coherence limit (~150us)
circuit_0186,ghz,6,syntax,data/valid/circuit_0186_valid.qasm,data/buggy/circuit_0186_buggy.qasm,data/ground_truth/circuit_0186_ground_truth.qasm,Syntax error: unknown keyword 'qbit_invalid' on line 3
circuit_0187,ghz,7,structural,data/valid/circuit_0187_valid.qasm,data/buggy/circuit_0187_buggy.qasm,data/ground_truth/circuit_0187_ground_truth.qasm,Structural error: shifted h from qubit 0 to qubit 1
circuit_0188,ghz,6,gate_redundancy,data/valid/circuit_0188_valid.qasm,data/buggy/circuit_0188_buggy.qasm,data/ground_truth/circuit_0188_ground_truth.qasm,"Gate redundancy: inserted two duplicate consecutive CNOT gates on (0, 1)"
circuit_0189,ghz,3,semantic_deviation,data/valid/circuit_0189_valid.qasm,data/buggy/circuit_0189_buggy.qasm,data/ground_truth/circuit_0189_ground_truth.qasm,Semantic deviation: replaced h with x
circuit_0190,ghz,4,physics_violation,data/valid/circuit_0190_valid.qasm,data/buggy/circuit_0190_buggy.qasm,data/ground_truth/circuit_0190_ground_truth.qasm,Physics violation: uncalibrated gate delay of 1200us exceeds qubit T2 coherence limit (~150us)
circuit_0191,ghz,4,syntax,data/valid/circuit_0191_valid.qasm,data/buggy/circuit_0191_buggy.qasm,data/ground_truth/circuit_0191_ground_truth.qasm,Syntax error: unknown keyword 'qbit_invalid' on line 3
circuit_0192,ghz,3,structural,data/valid/circuit_0192_valid.qasm,data/buggy/circuit_0192_buggy.qasm,data/ground_truth/circuit_0192_ground_truth.qasm,Structural error: reversed control and target qubits on cx gate
circuit_0193,ghz,5,gate_redundancy,data/valid/circuit_0193_valid.qasm,data/buggy/circuit_0193_buggy.qasm,data/ground_truth/circuit_0193_ground_truth.qasm,Gate redundancy: inserted two consecutive self-canceling H gates on qubit 4
circuit_0194,ghz,3,semantic_deviation,data/valid/circuit_0194_valid.qasm,data/buggy/circuit_0194_buggy.qasm,data/ground_truth/circuit_0194_ground_truth.qasm,Semantic deviation: replaced h with x
circuit_0195,ghz,7,physics_violation,data/valid/circuit_0195_valid.qasm,data/buggy/circuit_0195_buggy.qasm,data/ground_truth/circuit_0195_ground_truth.qasm,Physics violation: uncalibrated gate delay of 1200us exceeds qubit T2 coherence limit (~150us)
circuit_0196,ghz,7,syntax,data/valid/circuit_0196_valid.qasm,data/buggy/circuit_0196_buggy.qasm,data/ground_truth/circuit_0196_ground_truth.qasm,Syntax error: unclosed bracket on line 3
circuit_0197,ghz,4,structural,data/valid/circuit_0197_valid.qasm,data/buggy/circuit_0197_buggy.qasm,data/ground_truth/circuit_0197_ground_truth.qasm,Structural error: omitted cx gate at instruction index 1
circuit_0198,ghz,7,gate_redundancy,data/valid/circuit_0198_valid.qasm,data/buggy/circuit_0198_buggy.qasm,data/ground_truth/circuit_0198_ground_truth.qasm,"Gate redundancy: inserted two duplicate consecutive CNOT gates on (0, 1)"
circuit_0199,ghz,4,semantic_deviation,data/valid/circuit_0199_valid.qasm,data/buggy/circuit_0199_buggy.qasm,data/ground_truth/circuit_0199_ground_truth.qasm,Semantic deviation: replaced h with x
circuit_0200,ghz,3,physics_violation,data/valid/circuit_0200_valid.qasm,data/buggy/circuit_0200_buggy.qasm,data/ground_truth/circuit_0200_ground_truth.qasm,Physics violation: uncalibrated gate delay of 1200us exceeds qubit T2 coherence limit (~150us)
circuit_0201,ghz,3,syntax,data/valid/circuit_0201_valid.qasm,data/buggy/circuit_0201_buggy.qasm,data/ground_truth/circuit_0201_ground_truth.qasm,Syntax error: unclosed bracket on line 3
circuit_0202,ghz,3,structural,data/valid/circuit_0202_valid.qasm,data/buggy/circuit_0202_buggy.qasm,data/ground_truth/circuit_0202_ground_truth.qasm,Structural error: shifted h from qubit 0 to qubit 1
circuit_0203,ghz,4,gate_redundancy,data/valid/circuit_0203_valid.qasm,data/buggy/circuit_0203_buggy.qasm,data/ground_truth/circuit_0203_ground_truth.qasm,Gate redundancy: inserted two consecutive self-canceling X gates on qubit 3
circuit_0204,ghz,3,semantic_deviation,data/valid/circuit_0204_valid.qasm,data/buggy/circuit_0204_buggy.qasm,data/ground_truth/circuit_0204_ground_truth.qasm,Semantic deviation: replaced h with x
circuit_0205,ghz,3,physics_violation,data/valid/circuit_0205_valid.qasm,data/buggy/circuit_0205_buggy.qasm,data/ground_truth/circuit_0205_ground_truth.qasm,Physics violation: uncalibrated gate delay of 1200us exceeds qubit T2 coherence limit (~150us)
circuit_0206,ghz,5,syntax,data/valid/circuit_0206_valid.qasm,data/buggy/circuit_0206_buggy.qasm,data/ground_truth/circuit_0206_ground_truth.qasm,Syntax error: call to undefined gate 'unknown_quantum_op'
circuit_0207,ghz,3,structural,data/valid/circuit_0207_valid.qasm,data/buggy/circuit_0207_buggy.qasm,data/ground_truth/circuit_0207_ground_truth.qasm,Structural error: reversed control and target qubits on cx gate
circuit_0208,ghz,7,gate_redundancy,data/valid/circuit_0208_valid.qasm,data/buggy/circuit_0208_buggy.qasm,data/ground_truth/circuit_0208_ground_truth.qasm,Gate redundancy: inserted two consecutive self-canceling H gates on qubit 1
circuit_0209,ghz,4,semantic_deviation,data/valid/circuit_0209_valid.qasm,data/buggy/circuit_0209_buggy.qasm,data/ground_truth/circuit_0209_ground_truth.qasm,Semantic deviation: replaced h with x
circuit_0210,ghz,5,physics_violation,data/valid/circuit_0210_valid.qasm,data/buggy/circuit_0210_buggy.qasm,data/ground_truth/circuit_0210_ground_truth.qasm,"Physics violation: CNOT between non-connected physical qubits (0, 2) on FakeSherbrooke coupling graph"
circuit_0211,ghz,6,syntax,data/valid/circuit_0211_valid.qasm,data/buggy/circuit_0211_buggy.qasm,data/ground_truth/circuit_0211_ground_truth.qasm,Syntax error: call to undefined gate 'unknown_quantum_op'
circuit_0212,ghz,4,structural,data/valid/circuit_0212_valid.qasm,data/buggy/circuit_0212_buggy.qasm,data/ground_truth/circuit_0212_ground_truth.qasm,Structural error: reversed control and target qubits on cx gate
circuit_0213,ghz,7,gate_redundancy,data/valid/circuit_0213_valid.qasm,data/buggy/circuit_0213_buggy.qasm,data/ground_truth/circuit_0213_ground_truth.qasm,Gate redundancy: inserted two consecutive self-canceling X gates on qubit 5
circuit_0214,ghz,4,semantic_deviation,data/valid/circuit_0214_valid.qasm,data/buggy/circuit_0214_buggy.qasm,data/ground_truth/circuit_0214_ground_truth.qasm,Semantic deviation: replaced h with x
circuit_0215,ghz,7,physics_violation,data/valid/circuit_0215_valid.qasm,data/buggy/circuit_0215_buggy.qasm,data/ground_truth/circuit_0215_ground_truth.qasm,Physics violation: uncalibrated gate delay of 1200us exceeds qubit T2 coherence limit (~150us)
circuit_0216,ghz,7,syntax,data/valid/circuit_0216_valid.qasm,data/buggy/circuit_0216_buggy.qasm,data/ground_truth/circuit_0216_ground_truth.qasm,Syntax error: missing semicolon on line 3
circuit_0217,ghz,6,structural,data/valid/circuit_0217_valid.qasm,data/buggy/circuit_0217_buggy.qasm,data/ground_truth/circuit_0217_ground_truth.qasm,Structural error: omitted cx gate at instruction index 4
circuit_0218,ghz,4,gate_redundancy,data/valid/circuit_0218_valid.qasm,data/buggy/circuit_0218_buggy.qasm,data/ground_truth/circuit_0218_ground_truth.qasm,Gate redundancy: inserted two consecutive self-canceling X gates on qubit 3
circuit_0219,ghz,6,semantic_deviation,data/valid/circuit_0219_valid.qasm,data/buggy/circuit_0219_buggy.qasm,data/ground_truth/circuit_0219_ground_truth.qasm,Semantic deviation: replaced h with x
circuit_0220,ghz,6,physics_violation,data/valid/circuit_0220_valid.qasm,data/buggy/circuit_0220_buggy.qasm,data/ground_truth/circuit_0220_ground_truth.qasm,Physics violation: uncalibrated gate delay of 1200us exceeds qubit T2 coherence limit (~150us)
circuit_0221,ghz,4,syntax,data/valid/circuit_0221_valid.qasm,data/buggy/circuit_0221_buggy.qasm,data/ground_truth/circuit_0221_ground_truth.qasm,Syntax error: call to undefined gate 'unknown_quantum_op'
circuit_0222,ghz,3,structural,data/valid/circuit_0222_valid.qasm,data/buggy/circuit_0222_buggy.qasm,data/ground_truth/circuit_0222_ground_truth.qasm,Structural error: shifted h from qubit 0 to qubit 1
circuit_0223,ghz,3,gate_redundancy,data/valid/circuit_0223_valid.qasm,data/buggy/circuit_0223_buggy.qasm,data/ground_truth/circuit_0223_ground_truth.qasm,Gate redundancy: inserted two consecutive self-canceling H gates on qubit 1
circuit_0224,ghz,6,semantic_deviation,data/valid/circuit_0224_valid.qasm,data/buggy/circuit_0224_buggy.qasm,data/ground_truth/circuit_0224_ground_truth.qasm,Semantic deviation: replaced h with x
circuit_0225,ghz,5,physics_violation,data/valid/circuit_0225_valid.qasm,data/buggy/circuit_0225_buggy.qasm,data/ground_truth/circuit_0225_ground_truth.qasm,"Physics violation: CNOT between non-connected physical qubits (0, 2) on FakeSherbrooke coupling graph"
circuit_0226,ghz,6,syntax,data/valid/circuit_0226_valid.qasm,data/buggy/circuit_0226_buggy.qasm,data/ground_truth/circuit_0226_ground_truth.qasm,Syntax error: unclosed bracket on line 3
circuit_0227,ghz,6,structural,data/valid/circuit_0227_valid.qasm,data/buggy/circuit_0227_buggy.qasm,data/ground_truth/circuit_0227_ground_truth.qasm,Structural error: omitted h gate at instruction index 0
circuit_0228,ghz,6,gate_redundancy,data/valid/circuit_0228_valid.qasm,data/buggy/circuit_0228_buggy.qasm,data/ground_truth/circuit_0228_ground_truth.qasm,Gate redundancy: inserted two consecutive self-canceling X gates on qubit 0
circuit_0229,ghz,3,semantic_deviation,data/valid/circuit_0229_valid.qasm,data/buggy/circuit_0229_buggy.qasm,data/ground_truth/circuit_0229_ground_truth.qasm,Semantic deviation: replaced h with x
circuit_0230,ghz,3,physics_violation,data/valid/circuit_0230_valid.qasm,data/buggy/circuit_0230_buggy.qasm,data/ground_truth/circuit_0230_ground_truth.qasm,Physics violation: uncalibrated gate delay of 1200us exceeds qubit T2 coherence limit (~150us)
circuit_0231,ghz,3,syntax,data/valid/circuit_0231_valid.qasm,data/buggy/circuit_0231_buggy.qasm,data/ground_truth/circuit_0231_ground_truth.qasm,Syntax error: unknown keyword 'qbit_invalid' on line 3
circuit_0232,ghz,6,structural,data/valid/circuit_0232_valid.qasm,data/buggy/circuit_0232_buggy.qasm,data/ground_truth/circuit_0232_ground_truth.qasm,Structural error: omitted cx gate at instruction index 3
circuit_0233,ghz,5,gate_redundancy,data/valid/circuit_0233_valid.qasm,data/buggy/circuit_0233_buggy.qasm,data/ground_truth/circuit_0233_ground_truth.qasm,Gate redundancy: inserted two consecutive self-canceling X gates on qubit 2
circuit_0234,ghz,3,semantic_deviation,data/valid/circuit_0234_valid.qasm,data/buggy/circuit_0234_buggy.qasm,data/ground_truth/circuit_0234_ground_truth.qasm,Semantic deviation: replaced h with x
circuit_0235,ghz,4,physics_violation,data/valid/circuit_0235_valid.qasm,data/buggy/circuit_0235_buggy.qasm,data/ground_truth/circuit_0235_ground_truth.qasm,"Physics violation: CNOT between non-connected physical qubits (0, 2) on FakeSherbrooke coupling graph"
circuit_0236,ghz,4,syntax,data/valid/circuit_0236_valid.qasm,data/buggy/circuit_0236_buggy.qasm,data/ground_truth/circuit_0236_ground_truth.qasm,Syntax error: unclosed bracket on line 3
circuit_0237,ghz,4,structural,data/valid/circuit_0237_valid.qasm,data/buggy/circuit_0237_buggy.qasm,data/ground_truth/circuit_0237_ground_truth.qasm,Structural error: reversed control and target qubits on cx gate
circuit_0238,ghz,7,gate_redundancy,data/valid/circuit_0238_valid.qasm,data/buggy/circuit_0238_buggy.qasm,data/ground_truth/circuit_0238_ground_truth.qasm,Gate redundancy: inserted two consecutive self-canceling H gates on qubit 5
circuit_0239,ghz,6,semantic_deviation,data/valid/circuit_0239_valid.qasm,data/buggy/circuit_0239_buggy.qasm,data/ground_truth/circuit_0239_ground_truth.qasm,Semantic deviation: replaced h with x
circuit_0240,ghz,4,physics_violation,data/valid/circuit_0240_valid.qasm,data/buggy/circuit_0240_buggy.qasm,data/ground_truth/circuit_0240_ground_truth.qasm,"Physics violation: CNOT between non-connected physical qubits (0, 2) on FakeSherbrooke coupling graph"
circuit_0241,ghz,6,syntax,data/valid/circuit_0241_valid.qasm,data/buggy/circuit_0241_buggy.qasm,data/ground_truth/circuit_0241_ground_truth.qasm,Syntax error: missing semicolon on line 3
circuit_0242,ghz,4,structural,data/valid/circuit_0242_valid.qasm,data/buggy/circuit_0242_buggy.qasm,data/ground_truth/circuit_0242_ground_truth.qasm,Structural error: omitted cx gate at instruction index 2
circuit_0243,ghz,5,gate_redundancy,data/valid/circuit_0243_valid.qasm,data/buggy/circuit_0243_buggy.qasm,data/ground_truth/circuit_0243_ground_truth.qasm,"Gate redundancy: inserted two duplicate consecutive CNOT gates on (0, 1)"
circuit_0244,ghz,6,semantic_deviation,data/valid/circuit_0244_valid.qasm,data/buggy/circuit_0244_buggy.qasm,data/ground_truth/circuit_0244_ground_truth.qasm,Semantic deviation: replaced h with x
circuit_0245,ghz,4,physics_violation,data/valid/circuit_0245_valid.qasm,data/buggy/circuit_0245_buggy.qasm,data/ground_truth/circuit_0245_ground_truth.qasm,"Physics violation: CNOT between non-connected physical qubits (0, 2) on FakeSherbrooke coupling graph"
circuit_0246,ghz,3,syntax,data/valid/circuit_0246_valid.qasm,data/buggy/circuit_0246_buggy.qasm,data/ground_truth/circuit_0246_ground_truth.qasm,Syntax error: unclosed bracket on line 3
circuit_0247,ghz,6,structural,data/valid/circuit_0247_valid.qasm,data/buggy/circuit_0247_buggy.qasm,data/ground_truth/circuit_0247_ground_truth.qasm,Structural error: reversed control and target qubits on cx gate
circuit_0248,ghz,7,gate_redundancy,data/valid/circuit_0248_valid.qasm,data/buggy/circuit_0248_buggy.qasm,data/ground_truth/circuit_0248_ground_truth.qasm,"Gate redundancy: inserted two duplicate consecutive CNOT gates on (0, 1)"
circuit_0249,ghz,3,semantic_deviation,data/valid/circuit_0249_valid.qasm,data/buggy/circuit_0249_buggy.qasm,data/ground_truth/circuit_0249_ground_truth.qasm,Semantic deviation: replaced h with x
circuit_0250,ghz,3,physics_violation,data/valid/circuit_0250_valid.qasm,data/buggy/circuit_0250_buggy.qasm,data/ground_truth/circuit_0250_ground_truth.qasm,"Physics violation: CNOT between non-connected physical qubits (0, 2) on FakeSherbrooke coupling graph"
circuit_0251,qaoa_maxcut,8,syntax,data/valid/circuit_0251_valid.qasm,data/buggy/circuit_0251_buggy.qasm,data/ground_truth/circuit_0251_ground_truth.qasm,Syntax error: call to undefined gate 'unknown_quantum_op'
circuit_0252,qaoa_maxcut,4,structural,data/valid/circuit_0252_valid.qasm,data/buggy/circuit_0252_buggy.qasm,data/ground_truth/circuit_0252_ground_truth.qasm,Structural error: omitted h gate at instruction index 1
circuit_0253,qaoa_maxcut,4,gate_redundancy,data/valid/circuit_0253_valid.qasm,data/buggy/circuit_0253_buggy.qasm,data/ground_truth/circuit_0253_ground_truth.qasm,Gate redundancy: inserted two consecutive self-canceling H gates on qubit 2
circuit_0254,qaoa_maxcut,5,semantic_deviation,data/valid/circuit_0254_valid.qasm,data/buggy/circuit_0254_buggy.qasm,data/ground_truth/circuit_0254_ground_truth.qasm,Semantic deviation: shifted rotation parameter by pi/2 on rz
circuit_0255,qaoa_maxcut,5,physics_violation,data/valid/circuit_0255_valid.qasm,data/buggy/circuit_0255_buggy.qasm,data/ground_truth/circuit_0255_ground_truth.qasm,Physics violation: uncalibrated gate delay of 1200us exceeds qubit T2 coherence limit (~150us)
circuit_0256,qaoa_maxcut,7,syntax,data/valid/circuit_0256_valid.qasm,data/buggy/circuit_0256_buggy.qasm,data/ground_truth/circuit_0256_ground_truth.qasm,Syntax error: unknown keyword 'qbit_invalid' on line 3
circuit_0257,qaoa_maxcut,7,structural,data/valid/circuit_0257_valid.qasm,data/buggy/circuit_0257_buggy.qasm,data/ground_truth/circuit_0257_ground_truth.qasm,Structural error: reversed control and target qubits on cx gate
circuit_0258,qaoa_maxcut,7,gate_redundancy,data/valid/circuit_0258_valid.qasm,data/buggy/circuit_0258_buggy.qasm,data/ground_truth/circuit_0258_ground_truth.qasm,"Gate redundancy: inserted two duplicate consecutive CNOT gates on (0, 1)"
circuit_0259,qaoa_maxcut,5,semantic_deviation,data/valid/circuit_0259_valid.qasm,data/buggy/circuit_0259_buggy.qasm,data/ground_truth/circuit_0259_ground_truth.qasm,Semantic deviation: altered gate basis from rz to rx
circuit_0260,qaoa_maxcut,7,physics_violation,data/valid/circuit_0260_valid.qasm,data/buggy/circuit_0260_buggy.qasm,data/ground_truth/circuit_0260_ground_truth.qasm,Physics violation: uncalibrated gate delay of 1200us exceeds qubit T2 coherence limit (~150us)
circuit_0261,qaoa_maxcut,4,syntax,data/valid/circuit_0261_valid.qasm,data/buggy/circuit_0261_buggy.qasm,data/ground_truth/circuit_0261_ground_truth.qasm,Syntax error: missing semicolon on line 3
circuit_0262,qaoa_maxcut,5,structural,data/valid/circuit_0262_valid.qasm,data/buggy/circuit_0262_buggy.qasm,data/ground_truth/circuit_0262_ground_truth.qasm,Structural error: omitted cx gate at instruction index 13
circuit_0263,qaoa_maxcut,7,gate_redundancy,data/valid/circuit_0263_valid.qasm,data/buggy/circuit_0263_buggy.qasm,data/ground_truth/circuit_0263_ground_truth.qasm,Gate redundancy: inserted two consecutive self-canceling X gates on qubit 4
circuit_0264,qaoa_maxcut,4,semantic_deviation,data/valid/circuit_0264_valid.qasm,data/buggy/circuit_0264_buggy.qasm,data/ground_truth/circuit_0264_ground_truth.qasm,Semantic deviation: altered gate basis from rx to rz
circuit_0265,qaoa_maxcut,7,physics_violation,data/valid/circuit_0265_valid.qasm,data/buggy/circuit_0265_buggy.qasm,data/ground_truth/circuit_0265_ground_truth.qasm,Physics violation: uncalibrated gate delay of 1200us exceeds qubit T2 coherence limit (~150us)
circuit_0266,qaoa_maxcut,6,syntax,data/valid/circuit_0266_valid.qasm,data/buggy/circuit_0266_buggy.qasm,data/ground_truth/circuit_0266_ground_truth.qasm,Syntax error: unknown keyword 'qbit_invalid' on line 3
circuit_0267,qaoa_maxcut,7,structural,data/valid/circuit_0267_valid.qasm,data/buggy/circuit_0267_buggy.qasm,data/ground_truth/circuit_0267_ground_truth.qasm,Structural error: omitted cx gate at instruction index 19
circuit_0268,qaoa_maxcut,6,gate_redundancy,data/valid/circuit_0268_valid.qasm,data/buggy/circuit_0268_buggy.qasm,data/ground_truth/circuit_0268_ground_truth.qasm,"Gate redundancy: inserted two duplicate consecutive CNOT gates on (0, 1)"
circuit_0269,qaoa_maxcut,7,semantic_deviation,data/valid/circuit_0269_valid.qasm,data/buggy/circuit_0269_buggy.qasm,data/ground_truth/circuit_0269_ground_truth.qasm,Semantic deviation: shifted rotation parameter by pi/2 on rx
circuit_0270,qaoa_maxcut,8,physics_violation,data/valid/circuit_0270_valid.qasm,data/buggy/circuit_0270_buggy.qasm,data/ground_truth/circuit_0270_ground_truth.qasm,"Physics violation: CNOT between non-connected physical qubits (0, 2) on FakeSherbrooke coupling graph"
circuit_0271,qaoa_maxcut,7,syntax,data/valid/circuit_0271_valid.qasm,data/buggy/circuit_0271_buggy.qasm,data/ground_truth/circuit_0271_ground_truth.qasm,Syntax error: unknown keyword 'qbit_invalid' on line 3
circuit_0272,qaoa_maxcut,5,structural,data/valid/circuit_0272_valid.qasm,data/buggy/circuit_0272_buggy.qasm,data/ground_truth/circuit_0272_ground_truth.qasm,Structural error: omitted cx gate at instruction index 14
circuit_0273,qaoa_maxcut,5,gate_redundancy,data/valid/circuit_0273_valid.qasm,data/buggy/circuit_0273_buggy.qasm,data/ground_truth/circuit_0273_ground_truth.qasm,Gate redundancy: inserted two consecutive self-canceling H gates on qubit 2
circuit_0274,qaoa_maxcut,6,semantic_deviation,data/valid/circuit_0274_valid.qasm,data/buggy/circuit_0274_buggy.qasm,data/ground_truth/circuit_0274_ground_truth.qasm,Semantic deviation: inverted rotation angle from 2.5665 to -2.5665 on rz
circuit_0275,qaoa_maxcut,5,physics_violation,data/valid/circuit_0275_valid.qasm,data/buggy/circuit_0275_buggy.qasm,data/ground_truth/circuit_0275_ground_truth.qasm,Physics violation: uncalibrated gate delay of 1200us exceeds qubit T2 coherence limit (~150us)
circuit_0276,qaoa_maxcut,4,syntax,data/valid/circuit_0276_valid.qasm,data/buggy/circuit_0276_buggy.qasm,data/ground_truth/circuit_0276_ground_truth.qasm,Syntax error: missing semicolon on line 3
circuit_0277,qaoa_maxcut,8,structural,data/valid/circuit_0277_valid.qasm,data/buggy/circuit_0277_buggy.qasm,data/ground_truth/circuit_0277_ground_truth.qasm,Structural error: omitted h gate at instruction index 2
circuit_0278,qaoa_maxcut,8,gate_redundancy,data/valid/circuit_0278_valid.qasm,data/buggy/circuit_0278_buggy.qasm,data/ground_truth/circuit_0278_ground_truth.qasm,Gate redundancy: inserted two consecutive self-canceling H gates on qubit 1
circuit_0279,qaoa_maxcut,4,semantic_deviation,data/valid/circuit_0279_valid.qasm,data/buggy/circuit_0279_buggy.qasm,data/ground_truth/circuit_0279_ground_truth.qasm,Semantic deviation: shifted rotation parameter by pi/2 on rz
circuit_0280,qaoa_maxcut,6,physics_violation,data/valid/circuit_0280_valid.qasm,data/buggy/circuit_0280_buggy.qasm,data/ground_truth/circuit_0280_ground_truth.qasm,Physics violation: uncalibrated gate delay of 1200us exceeds qubit T2 coherence limit (~150us)
circuit_0281,qaoa_maxcut,4,syntax,data/valid/circuit_0281_valid.qasm,data/buggy/circuit_0281_buggy.qasm,data/ground_truth/circuit_0281_ground_truth.qasm,Syntax error: missing semicolon on line 3
circuit_0282,qaoa_maxcut,4,structural,data/valid/circuit_0282_valid.qasm,data/buggy/circuit_0282_buggy.qasm,data/ground_truth/circuit_0282_ground_truth.qasm,Structural error: shifted rz from qubit 2 to qubit 3
circuit_0283,qaoa_maxcut,8,gate_redundancy,data/valid/circuit_0283_valid.qasm,data/buggy/circuit_0283_buggy.qasm,data/ground_truth/circuit_0283_ground_truth.qasm,"Gate redundancy: inserted two duplicate consecutive CNOT gates on (0, 1)"
circuit_0284,qaoa_maxcut,7,semantic_deviation,data/valid/circuit_0284_valid.qasm,data/buggy/circuit_0284_buggy.qasm,data/ground_truth/circuit_0284_ground_truth.qasm,Semantic deviation: shifted rotation parameter by pi/2 on rz
circuit_0285,qaoa_maxcut,8,physics_violation,data/valid/circuit_0285_valid.qasm,data/buggy/circuit_0285_buggy.qasm,data/ground_truth/circuit_0285_ground_truth.qasm,"Physics violation: CNOT between non-connected physical qubits (0, 2) on FakeSherbrooke coupling graph"
circuit_0286,qaoa_maxcut,8,syntax,data/valid/circuit_0286_valid.qasm,data/buggy/circuit_0286_buggy.qasm,data/ground_truth/circuit_0286_ground_truth.qasm,Syntax error: unclosed bracket on line 3
circuit_0287,qaoa_maxcut,5,structural,data/valid/circuit_0287_valid.qasm,data/buggy/circuit_0287_buggy.qasm,data/ground_truth/circuit_0287_ground_truth.qasm,Structural error: reversed control and target qubits on cx gate
circuit_0288,qaoa_maxcut,4,gate_redundancy,data/valid/circuit_0288_valid.qasm,data/buggy/circuit_0288_buggy.qasm,data/ground_truth/circuit_0288_ground_truth.qasm,"Gate redundancy: inserted two duplicate consecutive CNOT gates on (0, 1)"
circuit_0289,qaoa_maxcut,8,semantic_deviation,data/valid/circuit_0289_valid.qasm,data/buggy/circuit_0289_buggy.qasm,data/ground_truth/circuit_0289_ground_truth.qasm,Semantic deviation: inverted rotation angle from 2.6546 to -2.6546 on rz
circuit_0290,qaoa_maxcut,4,physics_violation,data/valid/circuit_0290_valid.qasm,data/buggy/circuit_0290_buggy.qasm,data/ground_truth/circuit_0290_ground_truth.qasm,"Physics violation: CNOT between non-connected physical qubits (0, 2) on FakeSherbrooke coupling graph"
circuit_0291,qaoa_maxcut,5,syntax,data/valid/circuit_0291_valid.qasm,data/buggy/circuit_0291_buggy.qasm,data/ground_truth/circuit_0291_ground_truth.qasm,Syntax error: unclosed bracket on line 3
circuit_0292,qaoa_maxcut,4,structural,data/valid/circuit_0292_valid.qasm,data/buggy/circuit_0292_buggy.qasm,data/ground_truth/circuit_0292_ground_truth.qasm,Structural error: omitted rx gate at instruction index 35
circuit_0293,qaoa_maxcut,8,gate_redundancy,data/valid/circuit_0293_valid.qasm,data/buggy/circuit_0293_buggy.qasm,data/ground_truth/circuit_0293_ground_truth.qasm,Gate redundancy: inserted two consecutive self-canceling X gates on qubit 7
circuit_0294,qaoa_maxcut,4,semantic_deviation,data/valid/circuit_0294_valid.qasm,data/buggy/circuit_0294_buggy.qasm,data/ground_truth/circuit_0294_ground_truth.qasm,Semantic deviation: altered gate basis from rz to rx
circuit_0295,qaoa_maxcut,5,physics_violation,data/valid/circuit_0295_valid.qasm,data/buggy/circuit_0295_buggy.qasm,data/ground_truth/circuit_0295_ground_truth.qasm,"Physics violation: CNOT between non-connected physical qubits (0, 2) on FakeSherbrooke coupling graph"
circuit_0296,qaoa_maxcut,7,syntax,data/valid/circuit_0296_valid.qasm,data/buggy/circuit_0296_buggy.qasm,data/ground_truth/circuit_0296_ground_truth.qasm,Syntax error: missing semicolon on line 3
circuit_0297,qaoa_maxcut,4,structural,data/valid/circuit_0297_valid.qasm,data/buggy/circuit_0297_buggy.qasm,data/ground_truth/circuit_0297_ground_truth.qasm,Structural error: omitted cx gate at instruction index 4
circuit_0298,qaoa_maxcut,8,gate_redundancy,data/valid/circuit_0298_valid.qasm,data/buggy/circuit_0298_buggy.qasm,data/ground_truth/circuit_0298_ground_truth.qasm,Gate redundancy: inserted two consecutive self-canceling H gates on qubit 1
circuit_0299,qaoa_maxcut,5,semantic_deviation,data/valid/circuit_0299_valid.qasm,data/buggy/circuit_0299_buggy.qasm,data/ground_truth/circuit_0299_ground_truth.qasm,Semantic deviation: shifted rotation parameter by pi/2 on rx
circuit_0300,qaoa_maxcut,8,physics_violation,data/valid/circuit_0300_valid.qasm,data/buggy/circuit_0300_buggy.qasm,data/ground_truth/circuit_0300_ground_truth.qasm,"Physics violation: CNOT between non-connected physical qubits (0, 2) on FakeSherbrooke coupling graph"
circuit_0301,qaoa_maxcut,8,syntax,data/valid/circuit_0301_valid.qasm,data/buggy/circuit_0301_buggy.qasm,data/ground_truth/circuit_0301_ground_truth.qasm,Syntax error: unknown keyword 'qbit_invalid' on line 3
circuit_0302,qaoa_maxcut,4,structural,data/valid/circuit_0302_valid.qasm,data/buggy/circuit_0302_buggy.qasm,data/ground_truth/circuit_0302_ground_truth.qasm,Structural error: reversed control and target qubits on cx gate
circuit_0303,qaoa_maxcut,8,gate_redundancy,data/valid/circuit_0303_valid.qasm,data/buggy/circuit_0303_buggy.qasm,data/ground_truth/circuit_0303_ground_truth.qasm,Gate redundancy: inserted two consecutive self-canceling H gates on qubit 2
circuit_0304,qaoa_maxcut,4,semantic_deviation,data/valid/circuit_0304_valid.qasm,data/buggy/circuit_0304_buggy.qasm,data/ground_truth/circuit_0304_ground_truth.qasm,Semantic deviation: altered gate basis from rz to rx
circuit_0305,qaoa_maxcut,7,physics_violation,data/valid/circuit_0305_valid.qasm,data/buggy/circuit_0305_buggy.qasm,data/ground_truth/circuit_0305_ground_truth.qasm,Physics violation: uncalibrated gate delay of 1200us exceeds qubit T2 coherence limit (~150us)
circuit_0306,qaoa_maxcut,8,syntax,data/valid/circuit_0306_valid.qasm,data/buggy/circuit_0306_buggy.qasm,data/ground_truth/circuit_0306_ground_truth.qasm,Syntax error: unclosed bracket on line 3
circuit_0307,qaoa_maxcut,8,structural,data/valid/circuit_0307_valid.qasm,data/buggy/circuit_0307_buggy.qasm,data/ground_truth/circuit_0307_ground_truth.qasm,Structural error: reversed control and target qubits on cx gate
circuit_0308,qaoa_maxcut,8,gate_redundancy,data/valid/circuit_0308_valid.qasm,data/buggy/circuit_0308_buggy.qasm,data/ground_truth/circuit_0308_ground_truth.qasm,Gate redundancy: inserted two consecutive self-canceling H gates on qubit 6
circuit_0309,qaoa_maxcut,6,semantic_deviation,data/valid/circuit_0309_valid.qasm,data/buggy/circuit_0309_buggy.qasm,data/ground_truth/circuit_0309_ground_truth.qasm,Semantic deviation: altered gate basis from rx to rz
circuit_0310,qaoa_maxcut,6,physics_violation,data/valid/circuit_0310_valid.qasm,data/buggy/circuit_0310_buggy.qasm,data/ground_truth/circuit_0310_ground_truth.qasm,Physics violation: uncalibrated gate delay of 1200us exceeds qubit T2 coherence limit (~150us)
circuit_0311,qaoa_maxcut,5,syntax,data/valid/circuit_0311_valid.qasm,data/buggy/circuit_0311_buggy.qasm,data/ground_truth/circuit_0311_ground_truth.qasm,Syntax error: missing semicolon on line 3
circuit_0312,qaoa_maxcut,6,structural,data/valid/circuit_0312_valid.qasm,data/buggy/circuit_0312_buggy.qasm,data/ground_truth/circuit_0312_ground_truth.qasm,Structural error: omitted cx gate at instruction index 6
circuit_0313,qaoa_maxcut,5,gate_redundancy,data/valid/circuit_0313_valid.qasm,data/buggy/circuit_0313_buggy.qasm,data/ground_truth/circuit_0313_ground_truth.qasm,Gate redundancy: inserted two consecutive self-canceling X gates on qubit 4
circuit_0314,qaoa_maxcut,6,semantic_deviation,data/valid/circuit_0314_valid.qasm,data/buggy/circuit_0314_buggy.qasm,data/ground_truth/circuit_0314_ground_truth.qasm,Semantic deviation: inverted rotation angle from 1.754 to -1.754 on rx
circuit_0315,qaoa_maxcut,7,physics_violation,data/valid/circuit_0315_valid.qasm,data/buggy/circuit_0315_buggy.qasm,data/ground_truth/circuit_0315_ground_truth.qasm,"Physics violation: CNOT between non-connected physical qubits (0, 2) on FakeSherbrooke coupling graph"
circuit_0316,qaoa_maxcut,5,syntax,data/valid/circuit_0316_valid.qasm,data/buggy/circuit_0316_buggy.qasm,data/ground_truth/circuit_0316_ground_truth.qasm,Syntax error: unknown keyword 'qbit_invalid' on line 3
circuit_0317,qaoa_maxcut,6,structural,data/valid/circuit_0317_valid.qasm,data/buggy/circuit_0317_buggy.qasm,data/ground_truth/circuit_0317_ground_truth.qasm,Structural error: omitted cx gate at instruction index 32
circuit_0318,qaoa_maxcut,7,gate_redundancy,data/valid/circuit_0318_valid.qasm,data/buggy/circuit_0318_buggy.qasm,data/ground_truth/circuit_0318_ground_truth.qasm,Gate redundancy: inserted two consecutive self-canceling X gates on qubit 1
circuit_0319,qaoa_maxcut,6,semantic_deviation,data/valid/circuit_0319_valid.qasm,data/buggy/circuit_0319_buggy.qasm,data/ground_truth/circuit_0319_ground_truth.qasm,Semantic deviation: inverted rotation angle from 1.3726 to -1.3726 on rx
circuit_0320,qaoa_maxcut,4,physics_violation,data/valid/circuit_0320_valid.qasm,data/buggy/circuit_0320_buggy.qasm,data/ground_truth/circuit_0320_ground_truth.qasm,Physics violation: uncalibrated gate delay of 1200us exceeds qubit T2 coherence limit (~150us)
circuit_0321,qaoa_maxcut,4,syntax,data/valid/circuit_0321_valid.qasm,data/buggy/circuit_0321_buggy.qasm,data/ground_truth/circuit_0321_ground_truth.qasm,Syntax error: unknown keyword 'qbit_invalid' on line 3
circuit_0322,qaoa_maxcut,7,structural,data/valid/circuit_0322_valid.qasm,data/buggy/circuit_0322_buggy.qasm,data/ground_truth/circuit_0322_ground_truth.qasm,Structural error: omitted h gate at instruction index 5
circuit_0323,qaoa_maxcut,8,gate_redundancy,data/valid/circuit_0323_valid.qasm,data/buggy/circuit_0323_buggy.qasm,data/ground_truth/circuit_0323_ground_truth.qasm,"Gate redundancy: inserted two duplicate consecutive CNOT gates on (0, 1)"
circuit_0324,qaoa_maxcut,8,semantic_deviation,data/valid/circuit_0324_valid.qasm,data/buggy/circuit_0324_buggy.qasm,data/ground_truth/circuit_0324_ground_truth.qasm,Semantic deviation: shifted rotation parameter by pi/2 on rz
circuit_0325,qaoa_maxcut,4,physics_violation,data/valid/circuit_0325_valid.qasm,data/buggy/circuit_0325_buggy.qasm,data/ground_truth/circuit_0325_ground_truth.qasm,"Physics violation: CNOT between non-connected physical qubits (0, 2) on FakeSherbrooke coupling graph"
circuit_0326,qaoa_maxcut,4,syntax,data/valid/circuit_0326_valid.qasm,data/buggy/circuit_0326_buggy.qasm,data/ground_truth/circuit_0326_ground_truth.qasm,Syntax error: call to undefined gate 'unknown_quantum_op'
circuit_0327,qaoa_maxcut,8,structural,data/valid/circuit_0327_valid.qasm,data/buggy/circuit_0327_buggy.qasm,data/ground_truth/circuit_0327_ground_truth.qasm,Structural error: reversed control and target qubits on cx gate
circuit_0328,qaoa_maxcut,5,gate_redundancy,data/valid/circuit_0328_valid.qasm,data/buggy/circuit_0328_buggy.qasm,data/ground_truth/circuit_0328_ground_truth.qasm,Gate redundancy: inserted two consecutive self-canceling X gates on qubit 4
circuit_0329,qaoa_maxcut,8,semantic_deviation,data/valid/circuit_0329_valid.qasm,data/buggy/circuit_0329_buggy.qasm,data/ground_truth/circuit_0329_ground_truth.qasm,Semantic deviation: altered gate basis from rx to rz
circuit_0330,qaoa_maxcut,6,physics_violation,data/valid/circuit_0330_valid.qasm,data/buggy/circuit_0330_buggy.qasm,data/ground_truth/circuit_0330_ground_truth.qasm,"Physics violation: CNOT between non-connected physical qubits (0, 2) on FakeSherbrooke coupling graph"
circuit_0331,qaoa_maxcut,5,syntax,data/valid/circuit_0331_valid.qasm,data/buggy/circuit_0331_buggy.qasm,data/ground_truth/circuit_0331_ground_truth.qasm,Syntax error: missing semicolon on line 3
circuit_0332,qaoa_maxcut,6,structural,data/valid/circuit_0332_valid.qasm,data/buggy/circuit_0332_buggy.qasm,data/ground_truth/circuit_0332_ground_truth.qasm,Structural error: reversed control and target qubits on cx gate
circuit_0333,qaoa_maxcut,4,gate_redundancy,data/valid/circuit_0333_valid.qasm,data/buggy/circuit_0333_buggy.qasm,data/ground_truth/circuit_0333_ground_truth.qasm,Gate redundancy: inserted two consecutive self-canceling X gates on qubit 1
circuit_0334,qaoa_maxcut,5,semantic_deviation,data/valid/circuit_0334_valid.qasm,data/buggy/circuit_0334_buggy.qasm,data/ground_truth/circuit_0334_ground_truth.qasm,Semantic deviation: shifted rotation parameter by pi/2 on rz
circuit_0335,qaoa_maxcut,6,physics_violation,data/valid/circuit_0335_valid.qasm,data/buggy/circuit_0335_buggy.qasm,data/ground_truth/circuit_0335_ground_truth.qasm,"Physics violation: CNOT between non-connected physical qubits (0, 2) on FakeSherbrooke coupling graph"
circuit_0336,qaoa_maxcut,6,syntax,data/valid/circuit_0336_valid.qasm,data/buggy/circuit_0336_buggy.qasm,data/ground_truth/circuit_0336_ground_truth.qasm,Syntax error: missing semicolon on line 3
circuit_0337,qaoa_maxcut,5,structural,data/valid/circuit_0337_valid.qasm,data/buggy/circuit_0337_buggy.qasm,data/ground_truth/circuit_0337_ground_truth.qasm,Structural error: omitted rz gate at instruction index 12
circuit_0338,qaoa_maxcut,7,gate_redundancy,data/valid/circuit_0338_valid.qasm,data/buggy/circuit_0338_buggy.qasm,data/ground_truth/circuit_0338_ground_truth.qasm,Gate redundancy: inserted two consecutive self-canceling X gates on qubit 6
circuit_0339,qaoa_maxcut,8,semantic_deviation,data/valid/circuit_0339_valid.qasm,data/buggy/circuit_0339_buggy.qasm,data/ground_truth/circuit_0339_ground_truth.qasm,Semantic deviation: shifted rotation parameter by pi/2 on rx
circuit_0340,qaoa_maxcut,6,physics_violation,data/valid/circuit_0340_valid.qasm,data/buggy/circuit_0340_buggy.qasm,data/ground_truth/circuit_0340_ground_truth.qasm,"Physics violation: CNOT between non-connected physical qubits (0, 2) on FakeSherbrooke coupling graph"
circuit_0341,qaoa_maxcut,8,syntax,data/valid/circuit_0341_valid.qasm,data/buggy/circuit_0341_buggy.qasm,data/ground_truth/circuit_0341_ground_truth.qasm,Syntax error: call to undefined gate 'unknown_quantum_op'
circuit_0342,qaoa_maxcut,8,structural,data/valid/circuit_0342_valid.qasm,data/buggy/circuit_0342_buggy.qasm,data/ground_truth/circuit_0342_ground_truth.qasm,Structural error: shifted rz from qubit 1 to qubit 2
circuit_0343,qaoa_maxcut,4,gate_redundancy,data/valid/circuit_0343_valid.qasm,data/buggy/circuit_0343_buggy.qasm,data/ground_truth/circuit_0343_ground_truth.qasm,Gate redundancy: inserted two consecutive self-canceling X gates on qubit 3
circuit_0344,qaoa_maxcut,8,semantic_deviation,data/valid/circuit_0344_valid.qasm,data/buggy/circuit_0344_buggy.qasm,data/ground_truth/circuit_0344_ground_truth.qasm,Semantic deviation: altered gate basis from rz to rx
circuit_0345,qaoa_maxcut,6,physics_violation,data/valid/circuit_0345_valid.qasm,data/buggy/circuit_0345_buggy.qasm,data/ground_truth/circuit_0345_ground_truth.qasm,Physics violation: uncalibrated gate delay of 1200us exceeds qubit T2 coherence limit (~150us)
circuit_0346,qaoa_maxcut,4,syntax,data/valid/circuit_0346_valid.qasm,data/buggy/circuit_0346_buggy.qasm,data/ground_truth/circuit_0346_ground_truth.qasm,Syntax error: unclosed bracket on line 3
circuit_0347,qaoa_maxcut,5,structural,data/valid/circuit_0347_valid.qasm,data/buggy/circuit_0347_buggy.qasm,data/ground_truth/circuit_0347_ground_truth.qasm,Structural error: shifted rx from qubit 0 to qubit 1
circuit_0348,qaoa_maxcut,6,gate_redundancy,data/valid/circuit_0348_valid.qasm,data/buggy/circuit_0348_buggy.qasm,data/ground_truth/circuit_0348_ground_truth.qasm,"Gate redundancy: inserted two duplicate consecutive CNOT gates on (0, 1)"
circuit_0349,qaoa_maxcut,4,semantic_deviation,data/valid/circuit_0349_valid.qasm,data/buggy/circuit_0349_buggy.qasm,data/ground_truth/circuit_0349_ground_truth.qasm,Semantic deviation: inverted rotation angle from 0.6326 to -0.6326 on rx
circuit_0350,qaoa_maxcut,4,physics_violation,data/valid/circuit_0350_valid.qasm,data/buggy/circuit_0350_buggy.qasm,data/ground_truth/circuit_0350_ground_truth.qasm,Physics violation: uncalibrated gate delay of 1200us exceeds qubit T2 coherence limit (~150us)
circuit_0351,qaoa_maxcut,8,syntax,data/valid/circuit_0351_valid.qasm,data/buggy/circuit_0351_buggy.qasm,data/ground_truth/circuit_0351_ground_truth.qasm,Syntax error: unclosed bracket on line 3
circuit_0352,qaoa_maxcut,5,structural,data/valid/circuit_0352_valid.qasm,data/buggy/circuit_0352_buggy.qasm,data/ground_truth/circuit_0352_ground_truth.qasm,Structural error: omitted cx gate at instruction index 7
circuit_0353,qaoa_maxcut,6,gate_redundancy,data/valid/circuit_0353_valid.qasm,data/buggy/circuit_0353_buggy.qasm,data/ground_truth/circuit_0353_ground_truth.qasm,Gate redundancy: inserted two consecutive self-canceling H gates on qubit 0
circuit_0354,qaoa_maxcut,6,semantic_deviation,data/valid/circuit_0354_valid.qasm,data/buggy/circuit_0354_buggy.qasm,data/ground_truth/circuit_0354_ground_truth.qasm,Semantic deviation: shifted rotation parameter by pi/2 on rz
circuit_0355,qaoa_maxcut,8,physics_violation,data/valid/circuit_0355_valid.qasm,data/buggy/circuit_0355_buggy.qasm,data/ground_truth/circuit_0355_ground_truth.qasm,"Physics violation: CNOT between non-connected physical qubits (0, 2) on FakeSherbrooke coupling graph"
circuit_0356,qaoa_maxcut,5,syntax,data/valid/circuit_0356_valid.qasm,data/buggy/circuit_0356_buggy.qasm,data/ground_truth/circuit_0356_ground_truth.qasm,Syntax error: call to undefined gate 'unknown_quantum_op'
circuit_0357,qaoa_maxcut,6,structural,data/valid/circuit_0357_valid.qasm,data/buggy/circuit_0357_buggy.qasm,data/ground_truth/circuit_0357_ground_truth.qasm,Structural error: omitted h gate at instruction index 5
circuit_0358,qaoa_maxcut,5,gate_redundancy,data/valid/circuit_0358_valid.qasm,data/buggy/circuit_0358_buggy.qasm,data/ground_truth/circuit_0358_ground_truth.qasm,Gate redundancy: inserted two consecutive self-canceling H gates on qubit 2
circuit_0359,qaoa_maxcut,6,semantic_deviation,data/valid/circuit_0359_valid.qasm,data/buggy/circuit_0359_buggy.qasm,data/ground_truth/circuit_0359_ground_truth.qasm,Semantic deviation: inverted rotation angle from 1.8349 to -1.8349 on rz
circuit_0360,qaoa_maxcut,8,physics_violation,data/valid/circuit_0360_valid.qasm,data/buggy/circuit_0360_buggy.qasm,data/ground_truth/circuit_0360_ground_truth.qasm,Physics violation: uncalibrated gate delay of 1200us exceeds qubit T2 coherence limit (~150us)
circuit_0361,qaoa_maxcut,7,syntax,data/valid/circuit_0361_valid.qasm,data/buggy/circuit_0361_buggy.qasm,data/ground_truth/circuit_0361_ground_truth.qasm,Syntax error: unknown keyword 'qbit_invalid' on line 3
circuit_0362,qaoa_maxcut,6,structural,data/valid/circuit_0362_valid.qasm,data/buggy/circuit_0362_buggy.qasm,data/ground_truth/circuit_0362_ground_truth.qasm,Structural error: omitted rx gate at instruction index 25
circuit_0363,qaoa_maxcut,4,gate_redundancy,data/valid/circuit_0363_valid.qasm,data/buggy/circuit_0363_buggy.qasm,data/ground_truth/circuit_0363_ground_truth.qasm,Gate redundancy: inserted two consecutive self-canceling X gates on qubit 3
circuit_0364,qaoa_maxcut,4,semantic_deviation,data/valid/circuit_0364_valid.qasm,data/buggy/circuit_0364_buggy.qasm,data/ground_truth/circuit_0364_ground_truth.qasm,Semantic deviation: shifted rotation parameter by pi/2 on rx
circuit_0365,qaoa_maxcut,7,physics_violation,data/valid/circuit_0365_valid.qasm,data/buggy/circuit_0365_buggy.qasm,data/ground_truth/circuit_0365_ground_truth.qasm,"Physics violation: CNOT between non-connected physical qubits (0, 2) on FakeSherbrooke coupling graph"
circuit_0366,qaoa_maxcut,6,syntax,data/valid/circuit_0366_valid.qasm,data/buggy/circuit_0366_buggy.qasm,data/ground_truth/circuit_0366_ground_truth.qasm,Syntax error: call to undefined gate 'unknown_quantum_op'
circuit_0367,qaoa_maxcut,4,structural,data/valid/circuit_0367_valid.qasm,data/buggy/circuit_0367_buggy.qasm,data/ground_truth/circuit_0367_ground_truth.qasm,Structural error: shifted rx from qubit 1 to qubit 2
circuit_0368,qaoa_maxcut,4,gate_redundancy,data/valid/circuit_0368_valid.qasm,data/buggy/circuit_0368_buggy.qasm,data/ground_truth/circuit_0368_ground_truth.qasm,Gate redundancy: inserted two consecutive self-canceling X gates on qubit 2
circuit_0369,qaoa_maxcut,6,semantic_deviation,data/valid/circuit_0369_valid.qasm,data/buggy/circuit_0369_buggy.qasm,data/ground_truth/circuit_0369_ground_truth.qasm,Semantic deviation: inverted rotation angle from 0.7778 to -0.7778 on rx
circuit_0370,qaoa_maxcut,5,physics_violation,data/valid/circuit_0370_valid.qasm,data/buggy/circuit_0370_buggy.qasm,data/ground_truth/circuit_0370_ground_truth.qasm,Physics violation: uncalibrated gate delay of 1200us exceeds qubit T2 coherence limit (~150us)
circuit_0371,qaoa_maxcut,6,syntax,data/valid/circuit_0371_valid.qasm,data/buggy/circuit_0371_buggy.qasm,data/ground_truth/circuit_0371_ground_truth.qasm,Syntax error: call to undefined gate 'unknown_quantum_op'
circuit_0372,qaoa_maxcut,5,structural,data/valid/circuit_0372_valid.qasm,data/buggy/circuit_0372_buggy.qasm,data/ground_truth/circuit_0372_ground_truth.qasm,Structural error: reversed control and target qubits on cx gate
circuit_0373,qaoa_maxcut,7,gate_redundancy,data/valid/circuit_0373_valid.qasm,data/buggy/circuit_0373_buggy.qasm,data/ground_truth/circuit_0373_ground_truth.qasm,Gate redundancy: inserted two consecutive self-canceling H gates on qubit 6
circuit_0374,qaoa_maxcut,8,semantic_deviation,data/valid/circuit_0374_valid.qasm,data/buggy/circuit_0374_buggy.qasm,data/ground_truth/circuit_0374_ground_truth.qasm,Semantic deviation: inverted rotation angle from 1.6211 to -1.6211 on rz
circuit_0375,qaoa_maxcut,7,physics_violation,data/valid/circuit_0375_valid.qasm,data/buggy/circuit_0375_buggy.qasm,data/ground_truth/circuit_0375_ground_truth.qasm,"Physics violation: CNOT between non-connected physical qubits (0, 2) on FakeSherbrooke coupling graph"
circuit_0376,qaoa_maxcut,8,syntax,data/valid/circuit_0376_valid.qasm,data/buggy/circuit_0376_buggy.qasm,data/ground_truth/circuit_0376_ground_truth.qasm,Syntax error: unclosed bracket on line 3
circuit_0377,qaoa_maxcut,4,structural,data/valid/circuit_0377_valid.qasm,data/buggy/circuit_0377_buggy.qasm,data/ground_truth/circuit_0377_ground_truth.qasm,Structural error: shifted rx from qubit 2 to qubit 3
circuit_0378,qaoa_maxcut,4,gate_redundancy,data/valid/circuit_0378_valid.qasm,data/buggy/circuit_0378_buggy.qasm,data/ground_truth/circuit_0378_ground_truth.qasm,Gate redundancy: inserted two consecutive self-canceling X gates on qubit 2
circuit_0379,qaoa_maxcut,4,semantic_deviation,data/valid/circuit_0379_valid.qasm,data/buggy/circuit_0379_buggy.qasm,data/ground_truth/circuit_0379_ground_truth.qasm,Semantic deviation: shifted rotation parameter by pi/2 on rz
circuit_0380,qaoa_maxcut,5,physics_violation,data/valid/circuit_0380_valid.qasm,data/buggy/circuit_0380_buggy.qasm,data/ground_truth/circuit_0380_ground_truth.qasm,Physics violation: uncalibrated gate delay of 1200us exceeds qubit T2 coherence limit (~150us)
circuit_0381,qaoa_maxcut,8,syntax,data/valid/circuit_0381_valid.qasm,data/buggy/circuit_0381_buggy.qasm,data/ground_truth/circuit_0381_ground_truth.qasm,Syntax error: unclosed bracket on line 3
circuit_0382,qaoa_maxcut,4,structural,data/valid/circuit_0382_valid.qasm,data/buggy/circuit_0382_buggy.qasm,data/ground_truth/circuit_0382_ground_truth.qasm,Structural error: shifted rz from qubit 3 to qubit 0
circuit_0383,qaoa_maxcut,6,gate_redundancy,data/valid/circuit_0383_valid.qasm,data/buggy/circuit_0383_buggy.qasm,data/ground_truth/circuit_0383_ground_truth.qasm,Gate redundancy: inserted two consecutive self-canceling H gates on qubit 1
circuit_0384,qaoa_maxcut,8,semantic_deviation,data/valid/circuit_0384_valid.qasm,data/buggy/circuit_0384_buggy.qasm,data/ground_truth/circuit_0384_ground_truth.qasm,Semantic deviation: shifted rotation parameter by pi/2 on rz
circuit_0385,qaoa_maxcut,8,physics_violation,data/valid/circuit_0385_valid.qasm,data/buggy/circuit_0385_buggy.qasm,data/ground_truth/circuit_0385_ground_truth.qasm,"Physics violation: CNOT between non-connected physical qubits (0, 2) on FakeSherbrooke coupling graph"
circuit_0386,qaoa_maxcut,5,syntax,data/valid/circuit_0386_valid.qasm,data/buggy/circuit_0386_buggy.qasm,data/ground_truth/circuit_0386_ground_truth.qasm,Syntax error: unclosed bracket on line 3
circuit_0387,qaoa_maxcut,7,structural,data/valid/circuit_0387_valid.qasm,data/buggy/circuit_0387_buggy.qasm,data/ground_truth/circuit_0387_ground_truth.qasm,Structural error: shifted h from qubit 3 to qubit 4
circuit_0388,qaoa_maxcut,5,gate_redundancy,data/valid/circuit_0388_valid.qasm,data/buggy/circuit_0388_buggy.qasm,data/ground_truth/circuit_0388_ground_truth.qasm,Gate redundancy: inserted two consecutive self-canceling H gates on qubit 1
circuit_0389,qaoa_maxcut,4,semantic_deviation,data/valid/circuit_0389_valid.qasm,data/buggy/circuit_0389_buggy.qasm,data/ground_truth/circuit_0389_ground_truth.qasm,Semantic deviation: inverted rotation angle from 2.5132 to -2.5132 on rx
circuit_0390,qaoa_maxcut,6,physics_violation,data/valid/circuit_0390_valid.qasm,data/buggy/circuit_0390_buggy.qasm,data/ground_truth/circuit_0390_ground_truth.qasm,Physics violation: uncalibrated gate delay of 1200us exceeds qubit T2 coherence limit (~150us)
circuit_0391,qaoa_maxcut,6,syntax,data/valid/circuit_0391_valid.qasm,data/buggy/circuit_0391_buggy.qasm,data/ground_truth/circuit_0391_ground_truth.qasm,Syntax error: unknown keyword 'qbit_invalid' on line 3
circuit_0392,qaoa_maxcut,4,structural,data/valid/circuit_0392_valid.qasm,data/buggy/circuit_0392_buggy.qasm,data/ground_truth/circuit_0392_ground_truth.qasm,Structural error: reversed control and target qubits on cx gate
circuit_0393,qaoa_maxcut,6,gate_redundancy,data/valid/circuit_0393_valid.qasm,data/buggy/circuit_0393_buggy.qasm,data/ground_truth/circuit_0393_ground_truth.qasm,Gate redundancy: inserted two consecutive self-canceling X gates on qubit 3
circuit_0394,qaoa_maxcut,5,semantic_deviation,data/valid/circuit_0394_valid.qasm,data/buggy/circuit_0394_buggy.qasm,data/ground_truth/circuit_0394_ground_truth.qasm,Semantic deviation: shifted rotation parameter by pi/2 on rz
circuit_0395,qaoa_maxcut,5,physics_violation,data/valid/circuit_0395_valid.qasm,data/buggy/circuit_0395_buggy.qasm,data/ground_truth/circuit_0395_ground_truth.qasm,Physics violation: uncalibrated gate delay of 1200us exceeds qubit T2 coherence limit (~150us)
circuit_0396,qaoa_maxcut,4,syntax,data/valid/circuit_0396_valid.qasm,data/buggy/circuit_0396_buggy.qasm,data/ground_truth/circuit_0396_ground_truth.qasm,Syntax error: unknown keyword 'qbit_invalid' on line 3
circuit_0397,qaoa_maxcut,6,structural,data/valid/circuit_0397_valid.qasm,data/buggy/circuit_0397_buggy.qasm,data/ground_truth/circuit_0397_ground_truth.qasm,Structural error: reversed control and target qubits on cx gate
circuit_0398,qaoa_maxcut,8,gate_redundancy,data/valid/circuit_0398_valid.qasm,data/buggy/circuit_0398_buggy.qasm,data/ground_truth/circuit_0398_ground_truth.qasm,Gate redundancy: inserted two consecutive self-canceling X gates on qubit 4
circuit_0399,qaoa_maxcut,7,semantic_deviation,data/valid/circuit_0399_valid.qasm,data/buggy/circuit_0399_buggy.qasm,data/ground_truth/circuit_0399_ground_truth.qasm,Semantic deviation: shifted rotation parameter by pi/2 on rz
circuit_0400,qaoa_maxcut,8,physics_violation,data/valid/circuit_0400_valid.qasm,data/buggy/circuit_0400_buggy.qasm,data/ground_truth/circuit_0400_ground_truth.qasm,Physics violation: uncalibrated gate delay of 1200us exceeds qubit T2 coherence limit (~150us)
circuit_0401,qaoa_maxcut,5,syntax,data/valid/circuit_0401_valid.qasm,data/buggy/circuit_0401_buggy.qasm,data/ground_truth/circuit_0401_ground_truth.qasm,Syntax error: unknown keyword 'qbit_invalid' on line 3
circuit_0402,qaoa_maxcut,5,structural,data/valid/circuit_0402_valid.qasm,data/buggy/circuit_0402_buggy.qasm,data/ground_truth/circuit_0402_ground_truth.qasm,Structural error: reversed control and target qubits on cx gate
circuit_0403,qaoa_maxcut,5,gate_redundancy,data/valid/circuit_0403_valid.qasm,data/buggy/circuit_0403_buggy.qasm,data/ground_truth/circuit_0403_ground_truth.qasm,"Gate redundancy: inserted two duplicate consecutive CNOT gates on (0, 1)"
circuit_0404,qaoa_maxcut,5,semantic_deviation,data/valid/circuit_0404_valid.qasm,data/buggy/circuit_0404_buggy.qasm,data/ground_truth/circuit_0404_ground_truth.qasm,Semantic deviation: altered gate basis from rx to rz
circuit_0405,qaoa_maxcut,7,physics_violation,data/valid/circuit_0405_valid.qasm,data/buggy/circuit_0405_buggy.qasm,data/ground_truth/circuit_0405_ground_truth.qasm,Physics violation: uncalibrated gate delay of 1200us exceeds qubit T2 coherence limit (~150us)
circuit_0406,qaoa_maxcut,4,syntax,data/valid/circuit_0406_valid.qasm,data/buggy/circuit_0406_buggy.qasm,data/ground_truth/circuit_0406_ground_truth.qasm,Syntax error: unclosed bracket on line 3
circuit_0407,qaoa_maxcut,5,structural,data/valid/circuit_0407_valid.qasm,data/buggy/circuit_0407_buggy.qasm,data/ground_truth/circuit_0407_ground_truth.qasm,Structural error: omitted rz gate at instruction index 6
circuit_0408,qaoa_maxcut,6,gate_redundancy,data/valid/circuit_0408_valid.qasm,data/buggy/circuit_0408_buggy.qasm,data/ground_truth/circuit_0408_ground_truth.qasm,Gate redundancy: inserted two consecutive self-canceling X gates on qubit 5
circuit_0409,qaoa_maxcut,7,semantic_deviation,data/valid/circuit_0409_valid.qasm,data/buggy/circuit_0409_buggy.qasm,data/ground_truth/circuit_0409_ground_truth.qasm,Semantic deviation: altered gate basis from rz to rx
circuit_0410,qaoa_maxcut,5,physics_violation,data/valid/circuit_0410_valid.qasm,data/buggy/circuit_0410_buggy.qasm,data/ground_truth/circuit_0410_ground_truth.qasm,Physics violation: uncalibrated gate delay of 1200us exceeds qubit T2 coherence limit (~150us)
circuit_0411,qaoa_maxcut,6,syntax,data/valid/circuit_0411_valid.qasm,data/buggy/circuit_0411_buggy.qasm,data/ground_truth/circuit_0411_ground_truth.qasm,Syntax error: unknown keyword 'qbit_invalid' on line 3
circuit_0412,qaoa_maxcut,5,structural,data/valid/circuit_0412_valid.qasm,data/buggy/circuit_0412_buggy.qasm,data/ground_truth/circuit_0412_ground_truth.qasm,Structural error: reversed control and target qubits on cx gate
circuit_0413,qaoa_maxcut,4,gate_redundancy,data/valid/circuit_0413_valid.qasm,data/buggy/circuit_0413_buggy.qasm,data/ground_truth/circuit_0413_ground_truth.qasm,"Gate redundancy: inserted two duplicate consecutive CNOT gates on (0, 1)"
circuit_0414,qaoa_maxcut,7,semantic_deviation,data/valid/circuit_0414_valid.qasm,data/buggy/circuit_0414_buggy.qasm,data/ground_truth/circuit_0414_ground_truth.qasm,Semantic deviation: shifted rotation parameter by pi/2 on rx
circuit_0415,qaoa_maxcut,4,physics_violation,data/valid/circuit_0415_valid.qasm,data/buggy/circuit_0415_buggy.qasm,data/ground_truth/circuit_0415_ground_truth.qasm,"Physics violation: CNOT between non-connected physical qubits (0, 2) on FakeSherbrooke coupling graph"
circuit_0416,qaoa_maxcut,7,syntax,data/valid/circuit_0416_valid.qasm,data/buggy/circuit_0416_buggy.qasm,data/ground_truth/circuit_0416_ground_truth.qasm,Syntax error: missing semicolon on line 3
circuit_0417,qaoa_maxcut,5,structural,data/valid/circuit_0417_valid.qasm,data/buggy/circuit_0417_buggy.qasm,data/ground_truth/circuit_0417_ground_truth.qasm,Structural error: shifted rx from qubit 2 to qubit 3
circuit_0418,qaoa_maxcut,5,gate_redundancy,data/valid/circuit_0418_valid.qasm,data/buggy/circuit_0418_buggy.qasm,data/ground_truth/circuit_0418_ground_truth.qasm,Gate redundancy: inserted two consecutive self-canceling H gates on qubit 0
circuit_0419,qaoa_maxcut,7,semantic_deviation,data/valid/circuit_0419_valid.qasm,data/buggy/circuit_0419_buggy.qasm,data/ground_truth/circuit_0419_ground_truth.qasm,Semantic deviation: shifted rotation parameter by pi/2 on rx
circuit_0420,qaoa_maxcut,6,physics_violation,data/valid/circuit_0420_valid.qasm,data/buggy/circuit_0420_buggy.qasm,data/ground_truth/circuit_0420_ground_truth.qasm,"Physics violation: CNOT between non-connected physical qubits (0, 2) on FakeSherbrooke coupling graph"
circuit_0421,qaoa_maxcut,6,syntax,data/valid/circuit_0421_valid.qasm,data/buggy/circuit_0421_buggy.qasm,data/ground_truth/circuit_0421_ground_truth.qasm,Syntax error: unknown keyword 'qbit_invalid' on line 3
circuit_0422,qaoa_maxcut,5,structural,data/valid/circuit_0422_valid.qasm,data/buggy/circuit_0422_buggy.qasm,data/ground_truth/circuit_0422_ground_truth.qasm,Structural error: reversed control and target qubits on cx gate
circuit_0423,qaoa_maxcut,5,gate_redundancy,data/valid/circuit_0423_valid.qasm,data/buggy/circuit_0423_buggy.qasm,data/ground_truth/circuit_0423_ground_truth.qasm,Gate redundancy: inserted two consecutive self-canceling X gates on qubit 0
circuit_0424,qaoa_maxcut,4,semantic_deviation,data/valid/circuit_0424_valid.qasm,data/buggy/circuit_0424_buggy.qasm,data/ground_truth/circuit_0424_ground_truth.qasm,Semantic deviation: inverted rotation angle from 0.9894 to -0.9894 on rz
circuit_0425,qaoa_maxcut,5,physics_violation,data/valid/circuit_0425_valid.qasm,data/buggy/circuit_0425_buggy.qasm,data/ground_truth/circuit_0425_ground_truth.qasm,Physics violation: uncalibrated gate delay of 1200us exceeds qubit T2 coherence limit (~150us)
circuit_0426,qaoa_maxcut,7,syntax,data/valid/circuit_0426_valid.qasm,data/buggy/circuit_0426_buggy.qasm,data/ground_truth/circuit_0426_ground_truth.qasm,Syntax error: unknown keyword 'qbit_invalid' on line 3
circuit_0427,qaoa_maxcut,6,structural,data/valid/circuit_0427_valid.qasm,data/buggy/circuit_0427_buggy.qasm,data/ground_truth/circuit_0427_ground_truth.qasm,Structural error: reversed control and target qubits on cx gate
circuit_0428,qaoa_maxcut,6,gate_redundancy,data/valid/circuit_0428_valid.qasm,data/buggy/circuit_0428_buggy.qasm,data/ground_truth/circuit_0428_ground_truth.qasm,Gate redundancy: inserted two consecutive self-canceling X gates on qubit 2
circuit_0429,qaoa_maxcut,4,semantic_deviation,data/valid/circuit_0429_valid.qasm,data/buggy/circuit_0429_buggy.qasm,data/ground_truth/circuit_0429_ground_truth.qasm,Semantic deviation: altered gate basis from rz to rx
circuit_0430,qaoa_maxcut,6,physics_violation,data/valid/circuit_0430_valid.qasm,data/buggy/circuit_0430_buggy.qasm,data/ground_truth/circuit_0430_ground_truth.qasm,"Physics violation: CNOT between non-connected physical qubits (0, 2) on FakeSherbrooke coupling graph"
circuit_0431,qaoa_maxcut,6,syntax,data/valid/circuit_0431_valid.qasm,data/buggy/circuit_0431_buggy.qasm,data/ground_truth/circuit_0431_ground_truth.qasm,Syntax error: unclosed bracket on line 3
circuit_0432,qaoa_maxcut,8,structural,data/valid/circuit_0432_valid.qasm,data/buggy/circuit_0432_buggy.qasm,data/ground_truth/circuit_0432_ground_truth.qasm,Structural error: omitted h gate at instruction index 3
circuit_0433,qaoa_maxcut,7,gate_redundancy,data/valid/circuit_0433_valid.qasm,data/buggy/circuit_0433_buggy.qasm,data/ground_truth/circuit_0433_ground_truth.qasm,Gate redundancy: inserted two consecutive self-canceling X gates on qubit 6
circuit_0434,qaoa_maxcut,8,semantic_deviation,data/valid/circuit_0434_valid.qasm,data/buggy/circuit_0434_buggy.qasm,data/ground_truth/circuit_0434_ground_truth.qasm,Semantic deviation: altered gate basis from rz to rx
circuit_0435,qaoa_maxcut,6,physics_violation,data/valid/circuit_0435_valid.qasm,data/buggy/circuit_0435_buggy.qasm,data/ground_truth/circuit_0435_ground_truth.qasm,Physics violation: uncalibrated gate delay of 1200us exceeds qubit T2 coherence limit (~150us)
circuit_0436,qaoa_maxcut,4,syntax,data/valid/circuit_0436_valid.qasm,data/buggy/circuit_0436_buggy.qasm,data/ground_truth/circuit_0436_ground_truth.qasm,Syntax error: unclosed bracket on line 3
circuit_0437,qaoa_maxcut,4,structural,data/valid/circuit_0437_valid.qasm,data/buggy/circuit_0437_buggy.qasm,data/ground_truth/circuit_0437_ground_truth.qasm,Structural error: reversed control and target qubits on cx gate
circuit_0438,qaoa_maxcut,6,gate_redundancy,data/valid/circuit_0438_valid.qasm,data/buggy/circuit_0438_buggy.qasm,data/ground_truth/circuit_0438_ground_truth.qasm,Gate redundancy: inserted two consecutive self-canceling H gates on qubit 5
circuit_0439,qaoa_maxcut,5,semantic_deviation,data/valid/circuit_0439_valid.qasm,data/buggy/circuit_0439_buggy.qasm,data/ground_truth/circuit_0439_ground_truth.qasm,Semantic deviation: shifted rotation parameter by pi/2 on rx
circuit_0440,qaoa_maxcut,8,physics_violation,data/valid/circuit_0440_valid.qasm,data/buggy/circuit_0440_buggy.qasm,data/ground_truth/circuit_0440_ground_truth.qasm,Physics violation: uncalibrated gate delay of 1200us exceeds qubit T2 coherence limit (~150us)
circuit_0441,qaoa_maxcut,6,syntax,data/valid/circuit_0441_valid.qasm,data/buggy/circuit_0441_buggy.qasm,data/ground_truth/circuit_0441_ground_truth.qasm,Syntax error: unclosed bracket on line 3
circuit_0442,qaoa_maxcut,4,structural,data/valid/circuit_0442_valid.qasm,data/buggy/circuit_0442_buggy.qasm,data/ground_truth/circuit_0442_ground_truth.qasm,Structural error: shifted rz from qubit 2 to qubit 3
circuit_0443,qaoa_maxcut,4,gate_redundancy,data/valid/circuit_0443_valid.qasm,data/buggy/circuit_0443_buggy.qasm,data/ground_truth/circuit_0443_ground_truth.qasm,Gate redundancy: inserted two consecutive self-canceling X gates on qubit 1
circuit_0444,qaoa_maxcut,8,semantic_deviation,data/valid/circuit_0444_valid.qasm,data/buggy/circuit_0444_buggy.qasm,data/ground_truth/circuit_0444_ground_truth.qasm,Semantic deviation: inverted rotation angle from 0.8646 to -0.8646 on rz
circuit_0445,qaoa_maxcut,7,physics_violation,data/valid/circuit_0445_valid.qasm,data/buggy/circuit_0445_buggy.qasm,data/ground_truth/circuit_0445_ground_truth.qasm,Physics violation: uncalibrated gate delay of 1200us exceeds qubit T2 coherence limit (~150us)
circuit_0446,qaoa_maxcut,6,syntax,data/valid/circuit_0446_valid.qasm,data/buggy/circuit_0446_buggy.qasm,data/ground_truth/circuit_0446_ground_truth.qasm,Syntax error: missing semicolon on line 3
circuit_0447,qaoa_maxcut,6,structural,data/valid/circuit_0447_valid.qasm,data/buggy/circuit_0447_buggy.qasm,data/ground_truth/circuit_0447_ground_truth.qasm,Structural error: omitted rz gate at instruction index 19
circuit_0448,qaoa_maxcut,7,gate_redundancy,data/valid/circuit_0448_valid.qasm,data/buggy/circuit_0448_buggy.qasm,data/ground_truth/circuit_0448_ground_truth.qasm,"Gate redundancy: inserted two duplicate consecutive CNOT gates on (0, 1)"
circuit_0449,qaoa_maxcut,8,semantic_deviation,data/valid/circuit_0449_valid.qasm,data/buggy/circuit_0449_buggy.qasm,data/ground_truth/circuit_0449_ground_truth.qasm,Semantic deviation: shifted rotation parameter by pi/2 on rz
circuit_0450,qaoa_maxcut,8,physics_violation,data/valid/circuit_0450_valid.qasm,data/buggy/circuit_0450_buggy.qasm,data/ground_truth/circuit_0450_ground_truth.qasm,"Physics violation: CNOT between non-connected physical qubits (0, 2) on FakeSherbrooke coupling graph"
circuit_0451,qaoa_maxcut,4,syntax,data/valid/circuit_0451_valid.qasm,data/buggy/circuit_0451_buggy.qasm,data/ground_truth/circuit_0451_ground_truth.qasm,Syntax error: unclosed bracket on line 3
circuit_0452,qaoa_maxcut,7,structural,data/valid/circuit_0452_valid.qasm,data/buggy/circuit_0452_buggy.qasm,data/ground_truth/circuit_0452_ground_truth.qasm,Structural error: shifted rx from qubit 5 to qubit 6
circuit_0453,qaoa_maxcut,8,gate_redundancy,data/valid/circuit_0453_valid.qasm,data/buggy/circuit_0453_buggy.qasm,data/ground_truth/circuit_0453_ground_truth.qasm,"Gate redundancy: inserted two duplicate consecutive CNOT gates on (0, 1)"
circuit_0454,qaoa_maxcut,5,semantic_deviation,data/valid/circuit_0454_valid.qasm,data/buggy/circuit_0454_buggy.qasm,data/ground_truth/circuit_0454_ground_truth.qasm,Semantic deviation: shifted rotation parameter by pi/2 on rz
circuit_0455,qaoa_maxcut,6,physics_violation,data/valid/circuit_0455_valid.qasm,data/buggy/circuit_0455_buggy.qasm,data/ground_truth/circuit_0455_ground_truth.qasm,Physics violation: uncalibrated gate delay of 1200us exceeds qubit T2 coherence limit (~150us)
circuit_0456,qaoa_maxcut,4,syntax,data/valid/circuit_0456_valid.qasm,data/buggy/circuit_0456_buggy.qasm,data/ground_truth/circuit_0456_ground_truth.qasm,Syntax error: call to undefined gate 'unknown_quantum_op'
circuit_0457,qaoa_maxcut,7,structural,data/valid/circuit_0457_valid.qasm,data/buggy/circuit_0457_buggy.qasm,data/ground_truth/circuit_0457_ground_truth.qasm,Structural error: omitted rz gate at instruction index 11
circuit_0458,qaoa_maxcut,4,gate_redundancy,data/valid/circuit_0458_valid.qasm,data/buggy/circuit_0458_buggy.qasm,data/ground_truth/circuit_0458_ground_truth.qasm,Gate redundancy: inserted two consecutive self-canceling H gates on qubit 3
circuit_0459,qaoa_maxcut,8,semantic_deviation,data/valid/circuit_0459_valid.qasm,data/buggy/circuit_0459_buggy.qasm,data/ground_truth/circuit_0459_ground_truth.qasm,Semantic deviation: altered gate basis from rz to rx
circuit_0460,qaoa_maxcut,8,physics_violation,data/valid/circuit_0460_valid.qasm,data/buggy/circuit_0460_buggy.qasm,data/ground_truth/circuit_0460_ground_truth.qasm,Physics violation: uncalibrated gate delay of 1200us exceeds qubit T2 coherence limit (~150us)
circuit_0461,qaoa_maxcut,5,syntax,data/valid/circuit_0461_valid.qasm,data/buggy/circuit_0461_buggy.qasm,data/ground_truth/circuit_0461_ground_truth.qasm,Syntax error: unknown keyword 'qbit_invalid' on line 3
circuit_0462,qaoa_maxcut,6,structural,data/valid/circuit_0462_valid.qasm,data/buggy/circuit_0462_buggy.qasm,data/ground_truth/circuit_0462_ground_truth.qasm,Structural error: reversed control and target qubits on cx gate
circuit_0463,qaoa_maxcut,7,gate_redundancy,data/valid/circuit_0463_valid.qasm,data/buggy/circuit_0463_buggy.qasm,data/ground_truth/circuit_0463_ground_truth.qasm,Gate redundancy: inserted two consecutive self-canceling X gates on qubit 6
circuit_0464,qaoa_maxcut,4,semantic_deviation,data/valid/circuit_0464_valid.qasm,data/buggy/circuit_0464_buggy.qasm,data/ground_truth/circuit_0464_ground_truth.qasm,Semantic deviation: shifted rotation parameter by pi/2 on rx
circuit_0465,qaoa_maxcut,6,physics_violation,data/valid/circuit_0465_valid.qasm,data/buggy/circuit_0465_buggy.qasm,data/ground_truth/circuit_0465_ground_truth.qasm,Physics violation: uncalibrated gate delay of 1200us exceeds qubit T2 coherence limit (~150us)
circuit_0466,qaoa_maxcut,8,syntax,data/valid/circuit_0466_valid.qasm,data/buggy/circuit_0466_buggy.qasm,data/ground_truth/circuit_0466_ground_truth.qasm,Syntax error: call to undefined gate 'unknown_quantum_op'
circuit_0467,qaoa_maxcut,6,structural,data/valid/circuit_0467_valid.qasm,data/buggy/circuit_0467_buggy.qasm,data/ground_truth/circuit_0467_ground_truth.qasm,Structural error: shifted rx from qubit 0 to qubit 1
circuit_0468,qaoa_maxcut,4,gate_redundancy,data/valid/circuit_0468_valid.qasm,data/buggy/circuit_0468_buggy.qasm,data/ground_truth/circuit_0468_ground_truth.qasm,"Gate redundancy: inserted two duplicate consecutive CNOT gates on (0, 1)"
circuit_0469,qaoa_maxcut,6,semantic_deviation,data/valid/circuit_0469_valid.qasm,data/buggy/circuit_0469_buggy.qasm,data/ground_truth/circuit_0469_ground_truth.qasm,Semantic deviation: shifted rotation parameter by pi/2 on rz
circuit_0470,qaoa_maxcut,8,physics_violation,data/valid/circuit_0470_valid.qasm,data/buggy/circuit_0470_buggy.qasm,data/ground_truth/circuit_0470_ground_truth.qasm,"Physics violation: CNOT between non-connected physical qubits (0, 2) on FakeSherbrooke coupling graph"
circuit_0471,qaoa_maxcut,6,syntax,data/valid/circuit_0471_valid.qasm,data/buggy/circuit_0471_buggy.qasm,data/ground_truth/circuit_0471_ground_truth.qasm,Syntax error: missing semicolon on line 3
circuit_0472,qaoa_maxcut,7,structural,data/valid/circuit_0472_valid.qasm,data/buggy/circuit_0472_buggy.qasm,data/ground_truth/circuit_0472_ground_truth.qasm,Structural error: reversed control and target qubits on cx gate
circuit_0473,qaoa_maxcut,6,gate_redundancy,data/valid/circuit_0473_valid.qasm,data/buggy/circuit_0473_buggy.qasm,data/ground_truth/circuit_0473_ground_truth.qasm,Gate redundancy: inserted two consecutive self-canceling X gates on qubit 2
circuit_0474,qaoa_maxcut,7,semantic_deviation,data/valid/circuit_0474_valid.qasm,data/buggy/circuit_0474_buggy.qasm,data/ground_truth/circuit_0474_ground_truth.qasm,Semantic deviation: altered gate basis from rx to rz
circuit_0475,qaoa_maxcut,6,physics_violation,data/valid/circuit_0475_valid.qasm,data/buggy/circuit_0475_buggy.qasm,data/ground_truth/circuit_0475_ground_truth.qasm,Physics violation: uncalibrated gate delay of 1200us exceeds qubit T2 coherence limit (~150us)
circuit_0476,qaoa_maxcut,8,syntax,data/valid/circuit_0476_valid.qasm,data/buggy/circuit_0476_buggy.qasm,data/ground_truth/circuit_0476_ground_truth.qasm,Syntax error: unclosed bracket on line 3
circuit_0477,qaoa_maxcut,5,structural,data/valid/circuit_0477_valid.qasm,data/buggy/circuit_0477_buggy.qasm,data/ground_truth/circuit_0477_ground_truth.qasm,Structural error: shifted rz from qubit 4 to qubit 0
circuit_0478,qaoa_maxcut,5,gate_redundancy,data/valid/circuit_0478_valid.qasm,data/buggy/circuit_0478_buggy.qasm,data/ground_truth/circuit_0478_ground_truth.qasm,Gate redundancy: inserted two consecutive self-canceling X gates on qubit 3
circuit_0479,qaoa_maxcut,7,semantic_deviation,data/valid/circuit_0479_valid.qasm,data/buggy/circuit_0479_buggy.qasm,data/ground_truth/circuit_0479_ground_truth.qasm,Semantic deviation: inverted rotation angle from 0.8644 to -0.8644 on rz
circuit_0480,qaoa_maxcut,7,physics_violation,data/valid/circuit_0480_valid.qasm,data/buggy/circuit_0480_buggy.qasm,data/ground_truth/circuit_0480_ground_truth.qasm,"Physics violation: CNOT between non-connected physical qubits (0, 2) on FakeSherbrooke coupling graph"
circuit_0481,qaoa_maxcut,5,syntax,data/valid/circuit_0481_valid.qasm,data/buggy/circuit_0481_buggy.qasm,data/ground_truth/circuit_0481_ground_truth.qasm,Syntax error: unclosed bracket on line 3
circuit_0482,qaoa_maxcut,8,structural,data/valid/circuit_0482_valid.qasm,data/buggy/circuit_0482_buggy.qasm,data/ground_truth/circuit_0482_ground_truth.qasm,Structural error: omitted h gate at instruction index 0
circuit_0483,qaoa_maxcut,8,gate_redundancy,data/valid/circuit_0483_valid.qasm,data/buggy/circuit_0483_buggy.qasm,data/ground_truth/circuit_0483_ground_truth.qasm,"Gate redundancy: inserted two duplicate consecutive CNOT gates on (0, 1)"
circuit_0484,qaoa_maxcut,6,semantic_deviation,data/valid/circuit_0484_valid.qasm,data/buggy/circuit_0484_buggy.qasm,data/ground_truth/circuit_0484_ground_truth.qasm,Semantic deviation: inverted rotation angle from 0.6622 to -0.6622 on rz
circuit_0485,qaoa_maxcut,7,physics_violation,data/valid/circuit_0485_valid.qasm,data/buggy/circuit_0485_buggy.qasm,data/ground_truth/circuit_0485_ground_truth.qasm,Physics violation: uncalibrated gate delay of 1200us exceeds qubit T2 coherence limit (~150us)
circuit_0486,qaoa_maxcut,8,syntax,data/valid/circuit_0486_valid.qasm,data/buggy/circuit_0486_buggy.qasm,data/ground_truth/circuit_0486_ground_truth.qasm,Syntax error: missing semicolon on line 3
circuit_0487,qaoa_maxcut,4,structural,data/valid/circuit_0487_valid.qasm,data/buggy/circuit_0487_buggy.qasm,data/ground_truth/circuit_0487_ground_truth.qasm,Structural error: shifted h from qubit 2 to qubit 3
circuit_0488,qaoa_maxcut,6,gate_redundancy,data/valid/circuit_0488_valid.qasm,data/buggy/circuit_0488_buggy.qasm,data/ground_truth/circuit_0488_ground_truth.qasm,Gate redundancy: inserted two consecutive self-canceling H gates on qubit 5
circuit_0489,qaoa_maxcut,6,semantic_deviation,data/valid/circuit_0489_valid.qasm,data/buggy/circuit_0489_buggy.qasm,data/ground_truth/circuit_0489_ground_truth.qasm,Semantic deviation: altered gate basis from rx to rz
circuit_0490,qaoa_maxcut,5,physics_violation,data/valid/circuit_0490_valid.qasm,data/buggy/circuit_0490_buggy.qasm,data/ground_truth/circuit_0490_ground_truth.qasm,"Physics violation: CNOT between non-connected physical qubits (0, 2) on FakeSherbrooke coupling graph"
circuit_0491,qaoa_maxcut,7,syntax,data/valid/circuit_0491_valid.qasm,data/buggy/circuit_0491_buggy.qasm,data/ground_truth/circuit_0491_ground_truth.qasm,Syntax error: call to undefined gate 'unknown_quantum_op'
circuit_0492,qaoa_maxcut,8,structural,data/valid/circuit_0492_valid.qasm,data/buggy/circuit_0492_buggy.qasm,data/ground_truth/circuit_0492_ground_truth.qasm,Structural error: reversed control and target qubits on cx gate
circuit_0493,qaoa_maxcut,8,gate_redundancy,data/valid/circuit_0493_valid.qasm,data/buggy/circuit_0493_buggy.qasm,data/ground_truth/circuit_0493_ground_truth.qasm,Gate redundancy: inserted two consecutive self-canceling X gates on qubit 6
circuit_0494,qaoa_maxcut,6,semantic_deviation,data/valid/circuit_0494_valid.qasm,data/buggy/circuit_0494_buggy.qasm,data/ground_truth/circuit_0494_ground_truth.qasm,Semantic deviation: inverted rotation angle from 1.3068 to -1.3068 on rx
circuit_0495,qaoa_maxcut,7,physics_violation,data/valid/circuit_0495_valid.qasm,data/buggy/circuit_0495_buggy.qasm,data/ground_truth/circuit_0495_ground_truth.qasm,Physics violation: uncalibrated gate delay of 1200us exceeds qubit T2 coherence limit (~150us)
circuit_0496,qaoa_maxcut,7,syntax,data/valid/circuit_0496_valid.qasm,data/buggy/circuit_0496_buggy.qasm,data/ground_truth/circuit_0496_ground_truth.qasm,Syntax error: unclosed bracket on line 3
circuit_0497,qaoa_maxcut,7,structural,data/valid/circuit_0497_valid.qasm,data/buggy/circuit_0497_buggy.qasm,data/ground_truth/circuit_0497_ground_truth.qasm,Structural error: reversed control and target qubits on cx gate
circuit_0498,qaoa_maxcut,5,gate_redundancy,data/valid/circuit_0498_valid.qasm,data/buggy/circuit_0498_buggy.qasm,data/ground_truth/circuit_0498_ground_truth.qasm,"Gate redundancy: inserted two duplicate consecutive CNOT gates on (0, 1)"
circuit_0499,qaoa_maxcut,8,semantic_deviation,data/valid/circuit_0499_valid.qasm,data/buggy/circuit_0499_buggy.qasm,data/ground_truth/circuit_0499_ground_truth.qasm,Semantic deviation: inverted rotation angle from 2.8008 to -2.8008 on rx
circuit_0500,qaoa_maxcut,7,physics_violation,data/valid/circuit_0500_valid.qasm,data/buggy/circuit_0500_buggy.qasm,data/ground_truth/circuit_0500_ground_truth.qasm,Physics violation: uncalibrated gate delay of 1200us exceeds qubit T2 coherence limit (~150us)
circuit_0501,vqe_h2,4,syntax,data/valid/circuit_0501_valid.qasm,data/buggy/circuit_0501_buggy.qasm,data/ground_truth/circuit_0501_ground_truth.qasm,Syntax error: unknown keyword 'qbit_invalid' on line 3
circuit_0502,vqe_h2,4,structural,data/valid/circuit_0502_valid.qasm,data/buggy/circuit_0502_buggy.qasm,data/ground_truth/circuit_0502_ground_truth.qasm,Structural error: shifted ry from qubit 2 to qubit 3
circuit_0503,vqe_h2,4,gate_redundancy,data/valid/circuit_0503_valid.qasm,data/buggy/circuit_0503_buggy.qasm,data/ground_truth/circuit_0503_ground_truth.qasm,Gate redundancy: inserted two consecutive self-canceling X gates on qubit 1
circuit_0504,vqe_h2,4,semantic_deviation,data/valid/circuit_0504_valid.qasm,data/buggy/circuit_0504_buggy.qasm,data/ground_truth/circuit_0504_ground_truth.qasm,Semantic deviation: shifted rotation parameter by pi/2 on ry
circuit_0505,vqe_h2,4,physics_violation,data/valid/circuit_0505_valid.qasm,data/buggy/circuit_0505_buggy.qasm,data/ground_truth/circuit_0505_ground_truth.qasm,"Physics violation: CNOT between non-connected physical qubits (0, 2) on FakeSherbrooke coupling graph"
circuit_0506,vqe_h2,4,syntax,data/valid/circuit_0506_valid.qasm,data/buggy/circuit_0506_buggy.qasm,data/ground_truth/circuit_0506_ground_truth.qasm,Syntax error: missing semicolon on line 3
circuit_0507,vqe_h2,4,structural,data/valid/circuit_0507_valid.qasm,data/buggy/circuit_0507_buggy.qasm,data/ground_truth/circuit_0507_ground_truth.qasm,Structural error: shifted ry from qubit 1 to qubit 2
circuit_0508,vqe_h2,4,gate_redundancy,data/valid/circuit_0508_valid.qasm,data/buggy/circuit_0508_buggy.qasm,data/ground_truth/circuit_0508_ground_truth.qasm,Gate redundancy: inserted two consecutive self-canceling H gates on qubit 1
circuit_0509,vqe_h2,4,semantic_deviation,data/valid/circuit_0509_valid.qasm,data/buggy/circuit_0509_buggy.qasm,data/ground_truth/circuit_0509_ground_truth.qasm,Semantic deviation: inverted rotation angle from -3.0457 to 3.0457 on ry
circuit_0510,vqe_h2,4,physics_violation,data/valid/circuit_0510_valid.qasm,data/buggy/circuit_0510_buggy.qasm,data/ground_truth/circuit_0510_ground_truth.qasm,"Physics violation: CNOT between non-connected physical qubits (0, 2) on FakeSherbrooke coupling graph"
circuit_0511,vqe_h2,4,syntax,data/valid/circuit_0511_valid.qasm,data/buggy/circuit_0511_buggy.qasm,data/ground_truth/circuit_0511_ground_truth.qasm,Syntax error: call to undefined gate 'unknown_quantum_op'
circuit_0512,vqe_h2,4,structural,data/valid/circuit_0512_valid.qasm,data/buggy/circuit_0512_buggy.qasm,data/ground_truth/circuit_0512_ground_truth.qasm,Structural error: shifted ry from qubit 3 to qubit 0
circuit_0513,vqe_h2,4,gate_redundancy,data/valid/circuit_0513_valid.qasm,data/buggy/circuit_0513_buggy.qasm,data/ground_truth/circuit_0513_ground_truth.qasm,Gate redundancy: inserted two consecutive self-canceling X gates on qubit 1
circuit_0514,vqe_h2,4,semantic_deviation,data/valid/circuit_0514_valid.qasm,data/buggy/circuit_0514_buggy.qasm,data/ground_truth/circuit_0514_ground_truth.qasm,Semantic deviation: inverted rotation angle from -2.9081 to 2.9081 on rz
circuit_0515,vqe_h2,4,physics_violation,data/valid/circuit_0515_valid.qasm,data/buggy/circuit_0515_buggy.qasm,data/ground_truth/circuit_0515_ground_truth.qasm,"Physics violation: CNOT between non-connected physical qubits (0, 2) on FakeSherbrooke coupling graph"
circuit_0516,vqe_h2,4,syntax,data/valid/circuit_0516_valid.qasm,data/buggy/circuit_0516_buggy.qasm,data/ground_truth/circuit_0516_ground_truth.qasm,Syntax error: call to undefined gate 'unknown_quantum_op'
circuit_0517,vqe_h2,4,structural,data/valid/circuit_0517_valid.qasm,data/buggy/circuit_0517_buggy.qasm,data/ground_truth/circuit_0517_ground_truth.qasm,Structural error: omitted cx gate at instruction index 13
circuit_0518,vqe_h2,4,gate_redundancy,data/valid/circuit_0518_valid.qasm,data/buggy/circuit_0518_buggy.qasm,data/ground_truth/circuit_0518_ground_truth.qasm,"Gate redundancy: inserted two duplicate consecutive CNOT gates on (0, 1)"
circuit_0519,vqe_h2,4,semantic_deviation,data/valid/circuit_0519_valid.qasm,data/buggy/circuit_0519_buggy.qasm,data/ground_truth/circuit_0519_ground_truth.qasm,Semantic deviation: inverted rotation angle from -1.8898 to 1.8898 on ry
circuit_0520,vqe_h2,4,physics_violation,data/valid/circuit_0520_valid.qasm,data/buggy/circuit_0520_buggy.qasm,data/ground_truth/circuit_0520_ground_truth.qasm,Physics violation: uncalibrated gate delay of 1200us exceeds qubit T2 coherence limit (~150us)
circuit_0521,vqe_h2,4,syntax,data/valid/circuit_0521_valid.qasm,data/buggy/circuit_0521_buggy.qasm,data/ground_truth/circuit_0521_ground_truth.qasm,Syntax error: unclosed bracket on line 3
circuit_0522,vqe_h2,4,structural,data/valid/circuit_0522_valid.qasm,data/buggy/circuit_0522_buggy.qasm,data/ground_truth/circuit_0522_ground_truth.qasm,Structural error: reversed control and target qubits on cx gate
circuit_0523,vqe_h2,4,gate_redundancy,data/valid/circuit_0523_valid.qasm,data/buggy/circuit_0523_buggy.qasm,data/ground_truth/circuit_0523_ground_truth.qasm,"Gate redundancy: inserted two duplicate consecutive CNOT gates on (0, 1)"
circuit_0524,vqe_h2,4,semantic_deviation,data/valid/circuit_0524_valid.qasm,data/buggy/circuit_0524_buggy.qasm,data/ground_truth/circuit_0524_ground_truth.qasm,Semantic deviation: altered gate basis from rz to rx
circuit_0525,vqe_h2,4,physics_violation,data/valid/circuit_0525_valid.qasm,data/buggy/circuit_0525_buggy.qasm,data/ground_truth/circuit_0525_ground_truth.qasm,"Physics violation: CNOT between non-connected physical qubits (0, 2) on FakeSherbrooke coupling graph"
circuit_0526,vqe_h2,4,syntax,data/valid/circuit_0526_valid.qasm,data/buggy/circuit_0526_buggy.qasm,data/ground_truth/circuit_0526_ground_truth.qasm,Syntax error: missing semicolon on line 3
circuit_0527,vqe_h2,4,structural,data/valid/circuit_0527_valid.qasm,data/buggy/circuit_0527_buggy.qasm,data/ground_truth/circuit_0527_ground_truth.qasm,Structural error: shifted rz from qubit 2 to qubit 3
circuit_0528,vqe_h2,4,gate_redundancy,data/valid/circuit_0528_valid.qasm,data/buggy/circuit_0528_buggy.qasm,data/ground_truth/circuit_0528_ground_truth.qasm,Gate redundancy: inserted two consecutive self-canceling X gates on qubit 0
circuit_0529,vqe_h2,4,semantic_deviation,data/valid/circuit_0529_valid.qasm,data/buggy/circuit_0529_buggy.qasm,data/ground_truth/circuit_0529_ground_truth.qasm,Semantic deviation: shifted rotation parameter by pi/2 on ry
circuit_0530,vqe_h2,4,physics_violation,data/valid/circuit_0530_valid.qasm,data/buggy/circuit_0530_buggy.qasm,data/ground_truth/circuit_0530_ground_truth.qasm,"Physics violation: CNOT between non-connected physical qubits (0, 2) on FakeSherbrooke coupling graph"
circuit_0531,vqe_h2,4,syntax,data/valid/circuit_0531_valid.qasm,data/buggy/circuit_0531_buggy.qasm,data/ground_truth/circuit_0531_ground_truth.qasm,Syntax error: unclosed bracket on line 3
circuit_0532,vqe_h2,4,structural,data/valid/circuit_0532_valid.qasm,data/buggy/circuit_0532_buggy.qasm,data/ground_truth/circuit_0532_ground_truth.qasm,Structural error: reversed control and target qubits on cx gate
circuit_0533,vqe_h2,4,gate_redundancy,data/valid/circuit_0533_valid.qasm,data/buggy/circuit_0533_buggy.qasm,data/ground_truth/circuit_0533_ground_truth.qasm,Gate redundancy: inserted two consecutive self-canceling H gates on qubit 3
circuit_0534,vqe_h2,4,semantic_deviation,data/valid/circuit_0534_valid.qasm,data/buggy/circuit_0534_buggy.qasm,data/ground_truth/circuit_0534_ground_truth.qasm,Semantic deviation: inverted rotation angle from -1.8868 to 1.8868 on rz
circuit_0535,vqe_h2,4,physics_violation,data/valid/circuit_0535_valid.qasm,data/buggy/circuit_0535_buggy.qasm,data/ground_truth/circuit_0535_ground_truth.qasm,Physics violation: uncalibrated gate delay of 1200us exceeds qubit T2 coherence limit (~150us)
circuit_0536,vqe_h2,4,syntax,data/valid/circuit_0536_valid.qasm,data/buggy/circuit_0536_buggy.qasm,data/ground_truth/circuit_0536_ground_truth.qasm,Syntax error: unclosed bracket on line 3
circuit_0537,vqe_h2,4,structural,data/valid/circuit_0537_valid.qasm,data/buggy/circuit_0537_buggy.qasm,data/ground_truth/circuit_0537_ground_truth.qasm,Structural error: reversed control and target qubits on cx gate
circuit_0538,vqe_h2,4,gate_redundancy,data/valid/circuit_0538_valid.qasm,data/buggy/circuit_0538_buggy.qasm,data/ground_truth/circuit_0538_ground_truth.qasm,"Gate redundancy: inserted two duplicate consecutive CNOT gates on (0, 1)"
circuit_0539,vqe_h2,4,semantic_deviation,data/valid/circuit_0539_valid.qasm,data/buggy/circuit_0539_buggy.qasm,data/ground_truth/circuit_0539_ground_truth.qasm,Semantic deviation: inverted rotation angle from 1.3284 to -1.3284 on ry
circuit_0540,vqe_h2,4,physics_violation,data/valid/circuit_0540_valid.qasm,data/buggy/circuit_0540_buggy.qasm,data/ground_truth/circuit_0540_ground_truth.qasm,"Physics violation: CNOT between non-connected physical qubits (0, 2) on FakeSherbrooke coupling graph"
circuit_0541,vqe_h2,4,syntax,data/valid/circuit_0541_valid.qasm,data/buggy/circuit_0541_buggy.qasm,data/ground_truth/circuit_0541_ground_truth.qasm,Syntax error: missing semicolon on line 3
circuit_0542,vqe_h2,4,structural,data/valid/circuit_0542_valid.qasm,data/buggy/circuit_0542_buggy.qasm,data/ground_truth/circuit_0542_ground_truth.qasm,Structural error: shifted ry from qubit 2 to qubit 3
circuit_0543,vqe_h2,4,gate_redundancy,data/valid/circuit_0543_valid.qasm,data/buggy/circuit_0543_buggy.qasm,data/ground_truth/circuit_0543_ground_truth.qasm,Gate redundancy: inserted two consecutive self-canceling X gates on qubit 1
circuit_0544,vqe_h2,4,semantic_deviation,data/valid/circuit_0544_valid.qasm,data/buggy/circuit_0544_buggy.qasm,data/ground_truth/circuit_0544_ground_truth.qasm,Semantic deviation: inverted rotation angle from 1.1833 to -1.1833 on rz
circuit_0545,vqe_h2,4,physics_violation,data/valid/circuit_0545_valid.qasm,data/buggy/circuit_0545_buggy.qasm,data/ground_truth/circuit_0545_ground_truth.qasm,Physics violation: uncalibrated gate delay of 1200us exceeds qubit T2 coherence limit (~150us)
circuit_0546,vqe_h2,4,syntax,data/valid/circuit_0546_valid.qasm,data/buggy/circuit_0546_buggy.qasm,data/ground_truth/circuit_0546_ground_truth.qasm,Syntax error: call to undefined gate 'unknown_quantum_op'
circuit_0547,vqe_h2,4,structural,data/valid/circuit_0547_valid.qasm,data/buggy/circuit_0547_buggy.qasm,data/ground_truth/circuit_0547_ground_truth.qasm,Structural error: omitted rz gate at instruction index 10
circuit_0548,vqe_h2,4,gate_redundancy,data/valid/circuit_0548_valid.qasm,data/buggy/circuit_0548_buggy.qasm,data/ground_truth/circuit_0548_ground_truth.qasm,Gate redundancy: inserted two consecutive self-canceling X gates on qubit 3
circuit_0549,vqe_h2,4,semantic_deviation,data/valid/circuit_0549_valid.qasm,data/buggy/circuit_0549_buggy.qasm,data/ground_truth/circuit_0549_ground_truth.qasm,Semantic deviation: altered gate basis from rz to rx
circuit_0550,vqe_h2,4,physics_violation,data/valid/circuit_0550_valid.qasm,data/buggy/circuit_0550_buggy.qasm,data/ground_truth/circuit_0550_ground_truth.qasm,"Physics violation: CNOT between non-connected physical qubits (0, 2) on FakeSherbrooke coupling graph"
circuit_0551,vqe_h2,4,syntax,data/valid/circuit_0551_valid.qasm,data/buggy/circuit_0551_buggy.qasm,data/ground_truth/circuit_0551_ground_truth.qasm,Syntax error: unclosed bracket on line 3
circuit_0552,vqe_h2,4,structural,data/valid/circuit_0552_valid.qasm,data/buggy/circuit_0552_buggy.qasm,data/ground_truth/circuit_0552_ground_truth.qasm,Structural error: omitted cx gate at instruction index 15
circuit_0553,vqe_h2,4,gate_redundancy,data/valid/circuit_0553_valid.qasm,data/buggy/circuit_0553_buggy.qasm,data/ground_truth/circuit_0553_ground_truth.qasm,Gate redundancy: inserted two consecutive self-canceling H gates on qubit 3
circuit_0554,vqe_h2,4,semantic_deviation,data/valid/circuit_0554_valid.qasm,data/buggy/circuit_0554_buggy.qasm,data/ground_truth/circuit_0554_ground_truth.qasm,Semantic deviation: inverted rotation angle from -1.6996 to 1.6996 on rz
circuit_0555,vqe_h2,4,physics_violation,data/valid/circuit_0555_valid.qasm,data/buggy/circuit_0555_buggy.qasm,data/ground_truth/circuit_0555_ground_truth.qasm,"Physics violation: CNOT between non-connected physical qubits (0, 2) on FakeSherbrooke coupling graph"
circuit_0556,vqe_h2,4,syntax,data/valid/circuit_0556_valid.qasm,data/buggy/circuit_0556_buggy.qasm,data/ground_truth/circuit_0556_ground_truth.qasm,Syntax error: missing semicolon on line 3
circuit_0557,vqe_h2,4,structural,data/valid/circuit_0557_valid.qasm,data/buggy/circuit_0557_buggy.qasm,data/ground_truth/circuit_0557_ground_truth.qasm,Structural error: shifted x from qubit 0 to qubit 1
circuit_0558,vqe_h2,4,gate_redundancy,data/valid/circuit_0558_valid.qasm,data/buggy/circuit_0558_buggy.qasm,data/ground_truth/circuit_0558_ground_truth.qasm,Gate redundancy: inserted two consecutive self-canceling H gates on qubit 3
circuit_0559,vqe_h2,4,semantic_deviation,data/valid/circuit_0559_valid.qasm,data/buggy/circuit_0559_buggy.qasm,data/ground_truth/circuit_0559_ground_truth.qasm,Semantic deviation: altered gate basis from ry to rx
circuit_0560,vqe_h2,4,physics_violation,data/valid/circuit_0560_valid.qasm,data/buggy/circuit_0560_buggy.qasm,data/ground_truth/circuit_0560_ground_truth.qasm,Physics violation: uncalibrated gate delay of 1200us exceeds qubit T2 coherence limit (~150us)
circuit_0561,vqe_h2,4,syntax,data/valid/circuit_0561_valid.qasm,data/buggy/circuit_0561_buggy.qasm,data/ground_truth/circuit_0561_ground_truth.qasm,Syntax error: unknown keyword 'qbit_invalid' on line 3
circuit_0562,vqe_h2,4,structural,data/valid/circuit_0562_valid.qasm,data/buggy/circuit_0562_buggy.qasm,data/ground_truth/circuit_0562_ground_truth.qasm,Structural error: omitted cx gate at instruction index 6
circuit_0563,vqe_h2,4,gate_redundancy,data/valid/circuit_0563_valid.qasm,data/buggy/circuit_0563_buggy.qasm,data/ground_truth/circuit_0563_ground_truth.qasm,Gate redundancy: inserted two consecutive self-canceling X gates on qubit 3
circuit_0564,vqe_h2,4,semantic_deviation,data/valid/circuit_0564_valid.qasm,data/buggy/circuit_0564_buggy.qasm,data/ground_truth/circuit_0564_ground_truth.qasm,Semantic deviation: shifted rotation parameter by pi/2 on ry
circuit_0565,vqe_h2,4,physics_violation,data/valid/circuit_0565_valid.qasm,data/buggy/circuit_0565_buggy.qasm,data/ground_truth/circuit_0565_ground_truth.qasm,"Physics violation: CNOT between non-connected physical qubits (0, 2) on FakeSherbrooke coupling graph"
circuit_0566,vqe_h2,4,syntax,data/valid/circuit_0566_valid.qasm,data/buggy/circuit_0566_buggy.qasm,data/ground_truth/circuit_0566_ground_truth.qasm,Syntax error: unknown keyword 'qbit_invalid' on line 3
circuit_0567,vqe_h2,4,structural,data/valid/circuit_0567_valid.qasm,data/buggy/circuit_0567_buggy.qasm,data/ground_truth/circuit_0567_ground_truth.qasm,Structural error: shifted rz from qubit 3 to qubit 0
circuit_0568,vqe_h2,4,gate_redundancy,data/valid/circuit_0568_valid.qasm,data/buggy/circuit_0568_buggy.qasm,data/ground_truth/circuit_0568_ground_truth.qasm,Gate redundancy: inserted two consecutive self-canceling H gates on qubit 2
circuit_0569,vqe_h2,4,semantic_deviation,data/valid/circuit_0569_valid.qasm,data/buggy/circuit_0569_buggy.qasm,data/ground_truth/circuit_0569_ground_truth.qasm,Semantic deviation: altered gate basis from rz to rx
circuit_0570,vqe_h2,4,physics_violation,data/valid/circuit_0570_valid.qasm,data/buggy/circuit_0570_buggy.qasm,data/ground_truth/circuit_0570_ground_truth.qasm,"Physics violation: CNOT between non-connected physical qubits (0, 2) on FakeSherbrooke coupling graph"
circuit_0571,vqe_h2,4,syntax,data/valid/circuit_0571_valid.qasm,data/buggy/circuit_0571_buggy.qasm,data/ground_truth/circuit_0571_ground_truth.qasm,Syntax error: unclosed bracket on line 3
circuit_0572,vqe_h2,4,structural,data/valid/circuit_0572_valid.qasm,data/buggy/circuit_0572_buggy.qasm,data/ground_truth/circuit_0572_ground_truth.qasm,Structural error: reversed control and target qubits on cx gate
circuit_0573,vqe_h2,4,gate_redundancy,data/valid/circuit_0573_valid.qasm,data/buggy/circuit_0573_buggy.qasm,data/ground_truth/circuit_0573_ground_truth.qasm,Gate redundancy: inserted two consecutive self-canceling X gates on qubit 0
circuit_0574,vqe_h2,4,semantic_deviation,data/valid/circuit_0574_valid.qasm,data/buggy/circuit_0574_buggy.qasm,data/ground_truth/circuit_0574_ground_truth.qasm,Semantic deviation: altered gate basis from ry to rx
circuit_0575,vqe_h2,4,physics_violation,data/valid/circuit_0575_valid.qasm,data/buggy/circuit_0575_buggy.qasm,data/ground_truth/circuit_0575_ground_truth.qasm,Physics violation: uncalibrated gate delay of 1200us exceeds qubit T2 coherence limit (~150us)
circuit_0576,vqe_h2,4,syntax,data/valid/circuit_0576_valid.qasm,data/buggy/circuit_0576_buggy.qasm,data/ground_truth/circuit_0576_ground_truth.qasm,Syntax error: call to undefined gate 'unknown_quantum_op'
circuit_0577,vqe_h2,4,structural,data/valid/circuit_0577_valid.qasm,data/buggy/circuit_0577_buggy.qasm,data/ground_truth/circuit_0577_ground_truth.qasm,Structural error: shifted x from qubit 0 to qubit 1
circuit_0578,vqe_h2,4,gate_redundancy,data/valid/circuit_0578_valid.qasm,data/buggy/circuit_0578_buggy.qasm,data/ground_truth/circuit_0578_ground_truth.qasm,Gate redundancy: inserted two consecutive self-canceling X gates on qubit 3
circuit_0579,vqe_h2,4,semantic_deviation,data/valid/circuit_0579_valid.qasm,data/buggy/circuit_0579_buggy.qasm,data/ground_truth/circuit_0579_ground_truth.qasm,Semantic deviation: altered gate basis from rz to rx
circuit_0580,vqe_h2,4,physics_violation,data/valid/circuit_0580_valid.qasm,data/buggy/circuit_0580_buggy.qasm,data/ground_truth/circuit_0580_ground_truth.qasm,Physics violation: uncalibrated gate delay of 1200us exceeds qubit T2 coherence limit (~150us)
circuit_0581,vqe_h2,4,syntax,data/valid/circuit_0581_valid.qasm,data/buggy/circuit_0581_buggy.qasm,data/ground_truth/circuit_0581_ground_truth.qasm,Syntax error: missing semicolon on line 3
circuit_0582,vqe_h2,4,structural,data/valid/circuit_0582_valid.qasm,data/buggy/circuit_0582_buggy.qasm,data/ground_truth/circuit_0582_ground_truth.qasm,Structural error: omitted x gate at instruction index 1
circuit_0583,vqe_h2,4,gate_redundancy,data/valid/circuit_0583_valid.qasm,data/buggy/circuit_0583_buggy.qasm,data/ground_truth/circuit_0583_ground_truth.qasm,Gate redundancy: inserted two consecutive self-canceling H gates on qubit 0
circuit_0584,vqe_h2,4,semantic_deviation,data/valid/circuit_0584_valid.qasm,data/buggy/circuit_0584_buggy.qasm,data/ground_truth/circuit_0584_ground_truth.qasm,Semantic deviation: inverted rotation angle from 0.0065 to -0.0065 on rz
circuit_0585,vqe_h2,4,physics_violation,data/valid/circuit_0585_valid.qasm,data/buggy/circuit_0585_buggy.qasm,data/ground_truth/circuit_0585_ground_truth.qasm,Physics violation: uncalibrated gate delay of 1200us exceeds qubit T2 coherence limit (~150us)
circuit_0586,vqe_h2,4,syntax,data/valid/circuit_0586_valid.qasm,data/buggy/circuit_0586_buggy.qasm,data/ground_truth/circuit_0586_ground_truth.qasm,Syntax error: call to undefined gate 'unknown_quantum_op'
circuit_0587,vqe_h2,4,structural,data/valid/circuit_0587_valid.qasm,data/buggy/circuit_0587_buggy.qasm,data/ground_truth/circuit_0587_ground_truth.qasm,Structural error: omitted rz gate at instruction index 10
circuit_0588,vqe_h2,4,gate_redundancy,data/valid/circuit_0588_valid.qasm,data/buggy/circuit_0588_buggy.qasm,data/ground_truth/circuit_0588_ground_truth.qasm,Gate redundancy: inserted two consecutive self-canceling H gates on qubit 0
circuit_0589,vqe_h2,4,semantic_deviation,data/valid/circuit_0589_valid.qasm,data/buggy/circuit_0589_buggy.qasm,data/ground_truth/circuit_0589_ground_truth.qasm,Semantic deviation: shifted rotation parameter by pi/2 on rz
circuit_0590,vqe_h2,4,physics_violation,data/valid/circuit_0590_valid.qasm,data/buggy/circuit_0590_buggy.qasm,data/ground_truth/circuit_0590_ground_truth.qasm,Physics violation: uncalibrated gate delay of 1200us exceeds qubit T2 coherence limit (~150us)
circuit_0591,vqe_h2,4,syntax,data/valid/circuit_0591_valid.qasm,data/buggy/circuit_0591_buggy.qasm,data/ground_truth/circuit_0591_ground_truth.qasm,Syntax error: missing semicolon on line 3
circuit_0592,vqe_h2,4,structural,data/valid/circuit_0592_valid.qasm,data/buggy/circuit_0592_buggy.qasm,data/ground_truth/circuit_0592_ground_truth.qasm,Structural error: omitted cx gate at instruction index 7
circuit_0593,vqe_h2,4,gate_redundancy,data/valid/circuit_0593_valid.qasm,data/buggy/circuit_0593_buggy.qasm,data/ground_truth/circuit_0593_ground_truth.qasm,Gate redundancy: inserted two consecutive self-canceling H gates on qubit 3
circuit_0594,vqe_h2,4,semantic_deviation,data/valid/circuit_0594_valid.qasm,data/buggy/circuit_0594_buggy.qasm,data/ground_truth/circuit_0594_ground_truth.qasm,Semantic deviation: inverted rotation angle from 1.1664 to -1.1664 on ry
circuit_0595,vqe_h2,4,physics_violation,data/valid/circuit_0595_valid.qasm,data/buggy/circuit_0595_buggy.qasm,data/ground_truth/circuit_0595_ground_truth.qasm,Physics violation: uncalibrated gate delay of 1200us exceeds qubit T2 coherence limit (~150us)
circuit_0596,vqe_h2,4,syntax,data/valid/circuit_0596_valid.qasm,data/buggy/circuit_0596_buggy.qasm,data/ground_truth/circuit_0596_ground_truth.qasm,Syntax error: unknown keyword 'qbit_invalid' on line 3
circuit_0597,vqe_h2,4,structural,data/valid/circuit_0597_valid.qasm,data/buggy/circuit_0597_buggy.qasm,data/ground_truth/circuit_0597_ground_truth.qasm,Structural error: shifted rz from qubit 3 to qubit 0
circuit_0598,vqe_h2,4,gate_redundancy,data/valid/circuit_0598_valid.qasm,data/buggy/circuit_0598_buggy.qasm,data/ground_truth/circuit_0598_ground_truth.qasm,Gate redundancy: inserted two consecutive self-canceling X gates on qubit 1
circuit_0599,vqe_h2,4,semantic_deviation,data/valid/circuit_0599_valid.qasm,data/buggy/circuit_0599_buggy.qasm,data/ground_truth/circuit_0599_ground_truth.qasm,Semantic deviation: inverted rotation angle from 1.1855 to -1.1855 on rz
circuit_0600,vqe_h2,4,physics_violation,data/valid/circuit_0600_valid.qasm,data/buggy/circuit_0600_buggy.qasm,data/ground_truth/circuit_0600_ground_truth.qasm,Physics violation: uncalibrated gate delay of 1200us exceeds qubit T2 coherence limit (~150us)
circuit_0601,vqe_h2,4,syntax,data/valid/circuit_0601_valid.qasm,data/buggy/circuit_0601_buggy.qasm,data/ground_truth/circuit_0601_ground_truth.qasm,Syntax error: call to undefined gate 'unknown_quantum_op'
circuit_0602,vqe_h2,4,structural,data/valid/circuit_0602_valid.qasm,data/buggy/circuit_0602_buggy.qasm,data/ground_truth/circuit_0602_ground_truth.qasm,Structural error: reversed control and target qubits on cx gate
circuit_0603,vqe_h2,4,gate_redundancy,data/valid/circuit_0603_valid.qasm,data/buggy/circuit_0603_buggy.qasm,data/ground_truth/circuit_0603_ground_truth.qasm,Gate redundancy: inserted two consecutive self-canceling X gates on qubit 3
circuit_0604,vqe_h2,4,semantic_deviation,data/valid/circuit_0604_valid.qasm,data/buggy/circuit_0604_buggy.qasm,data/ground_truth/circuit_0604_ground_truth.qasm,Semantic deviation: altered gate basis from rz to rx
circuit_0605,vqe_h2,4,physics_violation,data/valid/circuit_0605_valid.qasm,data/buggy/circuit_0605_buggy.qasm,data/ground_truth/circuit_0605_ground_truth.qasm,Physics violation: uncalibrated gate delay of 1200us exceeds qubit T2 coherence limit (~150us)
circuit_0606,vqe_h2,4,syntax,data/valid/circuit_0606_valid.qasm,data/buggy/circuit_0606_buggy.qasm,data/ground_truth/circuit_0606_ground_truth.qasm,Syntax error: unknown keyword 'qbit_invalid' on line 3
circuit_0607,vqe_h2,4,structural,data/valid/circuit_0607_valid.qasm,data/buggy/circuit_0607_buggy.qasm,data/ground_truth/circuit_0607_ground_truth.qasm,Structural error: reversed control and target qubits on cx gate
circuit_0608,vqe_h2,4,gate_redundancy,data/valid/circuit_0608_valid.qasm,data/buggy/circuit_0608_buggy.qasm,data/ground_truth/circuit_0608_ground_truth.qasm,Gate redundancy: inserted two consecutive self-canceling H gates on qubit 3
circuit_0609,vqe_h2,4,semantic_deviation,data/valid/circuit_0609_valid.qasm,data/buggy/circuit_0609_buggy.qasm,data/ground_truth/circuit_0609_ground_truth.qasm,Semantic deviation: altered gate basis from ry to rx
circuit_0610,vqe_h2,4,physics_violation,data/valid/circuit_0610_valid.qasm,data/buggy/circuit_0610_buggy.qasm,data/ground_truth/circuit_0610_ground_truth.qasm,"Physics violation: CNOT between non-connected physical qubits (0, 2) on FakeSherbrooke coupling graph"
circuit_0611,vqe_h2,4,syntax,data/valid/circuit_0611_valid.qasm,data/buggy/circuit_0611_buggy.qasm,data/ground_truth/circuit_0611_ground_truth.qasm,Syntax error: call to undefined gate 'unknown_quantum_op'
circuit_0612,vqe_h2,4,structural,data/valid/circuit_0612_valid.qasm,data/buggy/circuit_0612_buggy.qasm,data/ground_truth/circuit_0612_ground_truth.qasm,Structural error: shifted rz from qubit 3 to qubit 0
circuit_0613,vqe_h2,4,gate_redundancy,data/valid/circuit_0613_valid.qasm,data/buggy/circuit_0613_buggy.qasm,data/ground_truth/circuit_0613_ground_truth.qasm,Gate redundancy: inserted two consecutive self-canceling X gates on qubit 2
circuit_0614,vqe_h2,4,semantic_deviation,data/valid/circuit_0614_valid.qasm,data/buggy/circuit_0614_buggy.qasm,data/ground_truth/circuit_0614_ground_truth.qasm,Semantic deviation: altered gate basis from rz to rx
circuit_0615,vqe_h2,4,physics_violation,data/valid/circuit_0615_valid.qasm,data/buggy/circuit_0615_buggy.qasm,data/ground_truth/circuit_0615_ground_truth.qasm,Physics violation: uncalibrated gate delay of 1200us exceeds qubit T2 coherence limit (~150us)
circuit_0616,vqe_h2,4,syntax,data/valid/circuit_0616_valid.qasm,data/buggy/circuit_0616_buggy.qasm,data/ground_truth/circuit_0616_ground_truth.qasm,Syntax error: unknown keyword 'qbit_invalid' on line 3
circuit_0617,vqe_h2,4,structural,data/valid/circuit_0617_valid.qasm,data/buggy/circuit_0617_buggy.qasm,data/ground_truth/circuit_0617_ground_truth.qasm,Structural error: shifted ry from qubit 2 to qubit 3
circuit_0618,vqe_h2,4,gate_redundancy,data/valid/circuit_0618_valid.qasm,data/buggy/circuit_0618_buggy.qasm,data/ground_truth/circuit_0618_ground_truth.qasm,Gate redundancy: inserted two consecutive self-canceling X gates on qubit 2
circuit_0619,vqe_h2,4,semantic_deviation,data/valid/circuit_0619_valid.qasm,data/buggy/circuit_0619_buggy.qasm,data/ground_truth/circuit_0619_ground_truth.qasm,Semantic deviation: shifted rotation parameter by pi/2 on ry
circuit_0620,vqe_h2,4,physics_violation,data/valid/circuit_0620_valid.qasm,data/buggy/circuit_0620_buggy.qasm,data/ground_truth/circuit_0620_ground_truth.qasm,"Physics violation: CNOT between non-connected physical qubits (0, 2) on FakeSherbrooke coupling graph"
circuit_0621,vqe_h2,4,syntax,data/valid/circuit_0621_valid.qasm,data/buggy/circuit_0621_buggy.qasm,data/ground_truth/circuit_0621_ground_truth.qasm,Syntax error: missing semicolon on line 3
circuit_0622,vqe_h2,4,structural,data/valid/circuit_0622_valid.qasm,data/buggy/circuit_0622_buggy.qasm,data/ground_truth/circuit_0622_ground_truth.qasm,Structural error: shifted rz from qubit 2 to qubit 3
circuit_0623,vqe_h2,4,gate_redundancy,data/valid/circuit_0623_valid.qasm,data/buggy/circuit_0623_buggy.qasm,data/ground_truth/circuit_0623_ground_truth.qasm,"Gate redundancy: inserted two duplicate consecutive CNOT gates on (0, 1)"
circuit_0624,vqe_h2,4,semantic_deviation,data/valid/circuit_0624_valid.qasm,data/buggy/circuit_0624_buggy.qasm,data/ground_truth/circuit_0624_ground_truth.qasm,Semantic deviation: shifted rotation parameter by pi/2 on rz
circuit_0625,vqe_h2,4,physics_violation,data/valid/circuit_0625_valid.qasm,data/buggy/circuit_0625_buggy.qasm,data/ground_truth/circuit_0625_ground_truth.qasm,"Physics violation: CNOT between non-connected physical qubits (0, 2) on FakeSherbrooke coupling graph"
circuit_0626,vqe_h2,4,syntax,data/valid/circuit_0626_valid.qasm,data/buggy/circuit_0626_buggy.qasm,data/ground_truth/circuit_0626_ground_truth.qasm,Syntax error: call to undefined gate 'unknown_quantum_op'
circuit_0627,vqe_h2,4,structural,data/valid/circuit_0627_valid.qasm,data/buggy/circuit_0627_buggy.qasm,data/ground_truth/circuit_0627_ground_truth.qasm,Structural error: reversed control and target qubits on cx gate
circuit_0628,vqe_h2,4,gate_redundancy,data/valid/circuit_0628_valid.qasm,data/buggy/circuit_0628_buggy.qasm,data/ground_truth/circuit_0628_ground_truth.qasm,"Gate redundancy: inserted two duplicate consecutive CNOT gates on (0, 1)"
circuit_0629,vqe_h2,4,semantic_deviation,data/valid/circuit_0629_valid.qasm,data/buggy/circuit_0629_buggy.qasm,data/ground_truth/circuit_0629_ground_truth.qasm,Semantic deviation: shifted rotation parameter by pi/2 on ry
circuit_0630,vqe_h2,4,physics_violation,data/valid/circuit_0630_valid.qasm,data/buggy/circuit_0630_buggy.qasm,data/ground_truth/circuit_0630_ground_truth.qasm,"Physics violation: CNOT between non-connected physical qubits (0, 2) on FakeSherbrooke coupling graph"
circuit_0631,vqe_h2,4,syntax,data/valid/circuit_0631_valid.qasm,data/buggy/circuit_0631_buggy.qasm,data/ground_truth/circuit_0631_ground_truth.qasm,Syntax error: unclosed bracket on line 3
circuit_0632,vqe_h2,4,structural,data/valid/circuit_0632_valid.qasm,data/buggy/circuit_0632_buggy.qasm,data/ground_truth/circuit_0632_ground_truth.qasm,Structural error: reversed control and target qubits on cx gate
circuit_0633,vqe_h2,4,gate_redundancy,data/valid/circuit_0633_valid.qasm,data/buggy/circuit_0633_buggy.qasm,data/ground_truth/circuit_0633_ground_truth.qasm,Gate redundancy: inserted two consecutive self-canceling X gates on qubit 3
circuit_0634,vqe_h2,4,semantic_deviation,data/valid/circuit_0634_valid.qasm,data/buggy/circuit_0634_buggy.qasm,data/ground_truth/circuit_0634_ground_truth.qasm,Semantic deviation: altered gate basis from ry to rx
circuit_0635,vqe_h2,4,physics_violation,data/valid/circuit_0635_valid.qasm,data/buggy/circuit_0635_buggy.qasm,data/ground_truth/circuit_0635_ground_truth.qasm,"Physics violation: CNOT between non-connected physical qubits (0, 2) on FakeSherbrooke coupling graph"
circuit_0636,vqe_h2,4,syntax,data/valid/circuit_0636_valid.qasm,data/buggy/circuit_0636_buggy.qasm,data/ground_truth/circuit_0636_ground_truth.qasm,Syntax error: missing semicolon on line 3
circuit_0637,vqe_h2,4,structural,data/valid/circuit_0637_valid.qasm,data/buggy/circuit_0637_buggy.qasm,data/ground_truth/circuit_0637_ground_truth.qasm,Structural error: shifted rz from qubit 3 to qubit 0
circuit_0638,vqe_h2,4,gate_redundancy,data/valid/circuit_0638_valid.qasm,data/buggy/circuit_0638_buggy.qasm,data/ground_truth/circuit_0638_ground_truth.qasm,"Gate redundancy: inserted two duplicate consecutive CNOT gates on (0, 1)"
circuit_0639,vqe_h2,4,semantic_deviation,data/valid/circuit_0639_valid.qasm,data/buggy/circuit_0639_buggy.qasm,data/ground_truth/circuit_0639_ground_truth.qasm,Semantic deviation: altered gate basis from rz to rx
circuit_0640,vqe_h2,4,physics_violation,data/valid/circuit_0640_valid.qasm,data/buggy/circuit_0640_buggy.qasm,data/ground_truth/circuit_0640_ground_truth.qasm,"Physics violation: CNOT between non-connected physical qubits (0, 2) on FakeSherbrooke coupling graph"
circuit_0641,vqe_h2,4,syntax,data/valid/circuit_0641_valid.qasm,data/buggy/circuit_0641_buggy.qasm,data/ground_truth/circuit_0641_ground_truth.qasm,Syntax error: call to undefined gate 'unknown_quantum_op'
circuit_0642,vqe_h2,4,structural,data/valid/circuit_0642_valid.qasm,data/buggy/circuit_0642_buggy.qasm,data/ground_truth/circuit_0642_ground_truth.qasm,Structural error: reversed control and target qubits on cx gate
circuit_0643,vqe_h2,4,gate_redundancy,data/valid/circuit_0643_valid.qasm,data/buggy/circuit_0643_buggy.qasm,data/ground_truth/circuit_0643_ground_truth.qasm,Gate redundancy: inserted two consecutive self-canceling H gates on qubit 1
circuit_0644,vqe_h2,4,semantic_deviation,data/valid/circuit_0644_valid.qasm,data/buggy/circuit_0644_buggy.qasm,data/ground_truth/circuit_0644_ground_truth.qasm,Semantic deviation: shifted rotation parameter by pi/2 on rz
circuit_0645,vqe_h2,4,physics_violation,data/valid/circuit_0645_valid.qasm,data/buggy/circuit_0645_buggy.qasm,data/ground_truth/circuit_0645_ground_truth.qasm,Physics violation: uncalibrated gate delay of 1200us exceeds qubit T2 coherence limit (~150us)
circuit_0646,vqe_h2,4,syntax,data/valid/circuit_0646_valid.qasm,data/buggy/circuit_0646_buggy.qasm,data/ground_truth/circuit_0646_ground_truth.qasm,Syntax error: unclosed bracket on line 3
circuit_0647,vqe_h2,4,structural,data/valid/circuit_0647_valid.qasm,data/buggy/circuit_0647_buggy.qasm,data/ground_truth/circuit_0647_ground_truth.qasm,Structural error: shifted ry from qubit 0 to qubit 1
circuit_0648,vqe_h2,4,gate_redundancy,data/valid/circuit_0648_valid.qasm,data/buggy/circuit_0648_buggy.qasm,data/ground_truth/circuit_0648_ground_truth.qasm,Gate redundancy: inserted two consecutive self-canceling H gates on qubit 1
circuit_0649,vqe_h2,4,semantic_deviation,data/valid/circuit_0649_valid.qasm,data/buggy/circuit_0649_buggy.qasm,data/ground_truth/circuit_0649_ground_truth.qasm,Semantic deviation: inverted rotation angle from -0.364 to 0.364 on ry
circuit_0650,vqe_h2,4,physics_violation,data/valid/circuit_0650_valid.qasm,data/buggy/circuit_0650_buggy.qasm,data/ground_truth/circuit_0650_ground_truth.qasm,"Physics violation: CNOT between non-connected physical qubits (0, 2) on FakeSherbrooke coupling graph"
circuit_0651,vqe_h2,4,syntax,data/valid/circuit_0651_valid.qasm,data/buggy/circuit_0651_buggy.qasm,data/ground_truth/circuit_0651_ground_truth.qasm,Syntax error: call to undefined gate 'unknown_quantum_op'
circuit_0652,vqe_h2,4,structural,data/valid/circuit_0652_valid.qasm,data/buggy/circuit_0652_buggy.qasm,data/ground_truth/circuit_0652_ground_truth.qasm,Structural error: shifted rz from qubit 1 to qubit 2
circuit_0653,vqe_h2,4,gate_redundancy,data/valid/circuit_0653_valid.qasm,data/buggy/circuit_0653_buggy.qasm,data/ground_truth/circuit_0653_ground_truth.qasm,Gate redundancy: inserted two consecutive self-canceling H gates on qubit 2
circuit_0654,vqe_h2,4,semantic_deviation,data/valid/circuit_0654_valid.qasm,data/buggy/circuit_0654_buggy.qasm,data/ground_truth/circuit_0654_ground_truth.qasm,Semantic deviation: inverted rotation angle from -0.3166 to 0.3166 on ry
circuit_0655,vqe_h2,4,physics_violation,data/valid/circuit_0655_valid.qasm,data/buggy/circuit_0655_buggy.qasm,data/ground_truth/circuit_0655_ground_truth.qasm,"Physics violation: CNOT between non-connected physical qubits (0, 2) on FakeSherbrooke coupling graph"
circuit_0656,vqe_h2,4,syntax,data/valid/circuit_0656_valid.qasm,data/buggy/circuit_0656_buggy.qasm,data/ground_truth/circuit_0656_ground_truth.qasm,Syntax error: unclosed bracket on line 3
circuit_0657,vqe_h2,4,structural,data/valid/circuit_0657_valid.qasm,data/buggy/circuit_0657_buggy.qasm,data/ground_truth/circuit_0657_ground_truth.qasm,Structural error: reversed control and target qubits on cx gate
circuit_0658,vqe_h2,4,gate_redundancy,data/valid/circuit_0658_valid.qasm,data/buggy/circuit_0658_buggy.qasm,data/ground_truth/circuit_0658_ground_truth.qasm,Gate redundancy: inserted two consecutive self-canceling X gates on qubit 3
circuit_0659,vqe_h2,4,semantic_deviation,data/valid/circuit_0659_valid.qasm,data/buggy/circuit_0659_buggy.qasm,data/ground_truth/circuit_0659_ground_truth.qasm,Semantic deviation: shifted rotation parameter by pi/2 on rz
circuit_0660,vqe_h2,4,physics_violation,data/valid/circuit_0660_valid.qasm,data/buggy/circuit_0660_buggy.qasm,data/ground_truth/circuit_0660_ground_truth.qasm,"Physics violation: CNOT between non-connected physical qubits (0, 2) on FakeSherbrooke coupling graph"
circuit_0661,vqe_h2,4,syntax,data/valid/circuit_0661_valid.qasm,data/buggy/circuit_0661_buggy.qasm,data/ground_truth/circuit_0661_ground_truth.qasm,Syntax error: missing semicolon on line 3
circuit_0662,vqe_h2,4,structural,data/valid/circuit_0662_valid.qasm,data/buggy/circuit_0662_buggy.qasm,data/ground_truth/circuit_0662_ground_truth.qasm,Structural error: shifted ry from qubit 3 to qubit 0
circuit_0663,vqe_h2,4,gate_redundancy,data/valid/circuit_0663_valid.qasm,data/buggy/circuit_0663_buggy.qasm,data/ground_truth/circuit_0663_ground_truth.qasm,Gate redundancy: inserted two consecutive self-canceling H gates on qubit 2
circuit_0664,vqe_h2,4,semantic_deviation,data/valid/circuit_0664_valid.qasm,data/buggy/circuit_0664_buggy.qasm,data/ground_truth/circuit_0664_ground_truth.qasm,Semantic deviation: altered gate basis from rz to rx
circuit_0665,vqe_h2,4,physics_violation,data/valid/circuit_0665_valid.qasm,data/buggy/circuit_0665_buggy.qasm,data/ground_truth/circuit_0665_ground_truth.qasm,"Physics violation: CNOT between non-connected physical qubits (0, 2) on FakeSherbrooke coupling graph"
circuit_0666,vqe_h2,4,syntax,data/valid/circuit_0666_valid.qasm,data/buggy/circuit_0666_buggy.qasm,data/ground_truth/circuit_0666_ground_truth.qasm,Syntax error: missing semicolon on line 3
circuit_0667,vqe_h2,4,structural,data/valid/circuit_0667_valid.qasm,data/buggy/circuit_0667_buggy.qasm,data/ground_truth/circuit_0667_ground_truth.qasm,Structural error: shifted ry from qubit 2 to qubit 3
circuit_0668,vqe_h2,4,gate_redundancy,data/valid/circuit_0668_valid.qasm,data/buggy/circuit_0668_buggy.qasm,data/ground_truth/circuit_0668_ground_truth.qasm,Gate redundancy: inserted two consecutive self-canceling H gates on qubit 1
circuit_0669,vqe_h2,4,semantic_deviation,data/valid/circuit_0669_valid.qasm,data/buggy/circuit_0669_buggy.qasm,data/ground_truth/circuit_0669_ground_truth.qasm,Semantic deviation: shifted rotation parameter by pi/2 on rz
circuit_0670,vqe_h2,4,physics_violation,data/valid/circuit_0670_valid.qasm,data/buggy/circuit_0670_buggy.qasm,data/ground_truth/circuit_0670_ground_truth.qasm,Physics violation: uncalibrated gate delay of 1200us exceeds qubit T2 coherence limit (~150us)
circuit_0671,vqe_h2,4,syntax,data/valid/circuit_0671_valid.qasm,data/buggy/circuit_0671_buggy.qasm,data/ground_truth/circuit_0671_ground_truth.qasm,Syntax error: call to undefined gate 'unknown_quantum_op'
circuit_0672,vqe_h2,4,structural,data/valid/circuit_0672_valid.qasm,data/buggy/circuit_0672_buggy.qasm,data/ground_truth/circuit_0672_ground_truth.qasm,Structural error: omitted ry gate at instruction index 2
circuit_0673,vqe_h2,4,gate_redundancy,data/valid/circuit_0673_valid.qasm,data/buggy/circuit_0673_buggy.qasm,data/ground_truth/circuit_0673_ground_truth.qasm,"Gate redundancy: inserted two duplicate consecutive CNOT gates on (0, 1)"
circuit_0674,vqe_h2,4,semantic_deviation,data/valid/circuit_0674_valid.qasm,data/buggy/circuit_0674_buggy.qasm,data/ground_truth/circuit_0674_ground_truth.qasm,Semantic deviation: shifted rotation parameter by pi/2 on ry
circuit_0675,vqe_h2,4,physics_violation,data/valid/circuit_0675_valid.qasm,data/buggy/circuit_0675_buggy.qasm,data/ground_truth/circuit_0675_ground_truth.qasm,"Physics violation: CNOT between non-connected physical qubits (0, 2) on FakeSherbrooke coupling graph"
circuit_0676,vqe_h2,4,syntax,data/valid/circuit_0676_valid.qasm,data/buggy/circuit_0676_buggy.qasm,data/ground_truth/circuit_0676_ground_truth.qasm,Syntax error: unclosed bracket on line 3
circuit_0677,vqe_h2,4,structural,data/valid/circuit_0677_valid.qasm,data/buggy/circuit_0677_buggy.qasm,data/ground_truth/circuit_0677_ground_truth.qasm,Structural error: reversed control and target qubits on cx gate
circuit_0678,vqe_h2,4,gate_redundancy,data/valid/circuit_0678_valid.qasm,data/buggy/circuit_0678_buggy.qasm,data/ground_truth/circuit_0678_ground_truth.qasm,"Gate redundancy: inserted two duplicate consecutive CNOT gates on (0, 1)"
circuit_0679,vqe_h2,4,semantic_deviation,data/valid/circuit_0679_valid.qasm,data/buggy/circuit_0679_buggy.qasm,data/ground_truth/circuit_0679_ground_truth.qasm,Semantic deviation: altered gate basis from ry to rx
circuit_0680,vqe_h2,4,physics_violation,data/valid/circuit_0680_valid.qasm,data/buggy/circuit_0680_buggy.qasm,data/ground_truth/circuit_0680_ground_truth.qasm,"Physics violation: CNOT between non-connected physical qubits (0, 2) on FakeSherbrooke coupling graph"
circuit_0681,vqe_h2,4,syntax,data/valid/circuit_0681_valid.qasm,data/buggy/circuit_0681_buggy.qasm,data/ground_truth/circuit_0681_ground_truth.qasm,Syntax error: unknown keyword 'qbit_invalid' on line 3
circuit_0682,vqe_h2,4,structural,data/valid/circuit_0682_valid.qasm,data/buggy/circuit_0682_buggy.qasm,data/ground_truth/circuit_0682_ground_truth.qasm,Structural error: shifted ry from qubit 2 to qubit 3
circuit_0683,vqe_h2,4,gate_redundancy,data/valid/circuit_0683_valid.qasm,data/buggy/circuit_0683_buggy.qasm,data/ground_truth/circuit_0683_ground_truth.qasm,Gate redundancy: inserted two consecutive self-canceling X gates on qubit 0
circuit_0684,vqe_h2,4,semantic_deviation,data/valid/circuit_0684_valid.qasm,data/buggy/circuit_0684_buggy.qasm,data/ground_truth/circuit_0684_ground_truth.qasm,Semantic deviation: shifted rotation parameter by pi/2 on rz
circuit_0685,vqe_h2,4,physics_violation,data/valid/circuit_0685_valid.qasm,data/buggy/circuit_0685_buggy.qasm,data/ground_truth/circuit_0685_ground_truth.qasm,"Physics violation: CNOT between non-connected physical qubits (0, 2) on FakeSherbrooke coupling graph"
circuit_0686,vqe_h2,4,syntax,data/valid/circuit_0686_valid.qasm,data/buggy/circuit_0686_buggy.qasm,data/ground_truth/circuit_0686_ground_truth.qasm,Syntax error: missing semicolon on line 3
circuit_0687,vqe_h2,4,structural,data/valid/circuit_0687_valid.qasm,data/buggy/circuit_0687_buggy.qasm,data/ground_truth/circuit_0687_ground_truth.qasm,Structural error: shifted ry from qubit 3 to qubit 0
circuit_0688,vqe_h2,4,gate_redundancy,data/valid/circuit_0688_valid.qasm,data/buggy/circuit_0688_buggy.qasm,data/ground_truth/circuit_0688_ground_truth.qasm,Gate redundancy: inserted two consecutive self-canceling H gates on qubit 2
circuit_0689,vqe_h2,4,semantic_deviation,data/valid/circuit_0689_valid.qasm,data/buggy/circuit_0689_buggy.qasm,data/ground_truth/circuit_0689_ground_truth.qasm,Semantic deviation: altered gate basis from ry to rx
circuit_0690,vqe_h2,4,physics_violation,data/valid/circuit_0690_valid.qasm,data/buggy/circuit_0690_buggy.qasm,data/ground_truth/circuit_0690_ground_truth.qasm,"Physics violation: CNOT between non-connected physical qubits (0, 2) on FakeSherbrooke coupling graph"
circuit_0691,vqe_h2,4,syntax,data/valid/circuit_0691_valid.qasm,data/buggy/circuit_0691_buggy.qasm,data/ground_truth/circuit_0691_ground_truth.qasm,Syntax error: call to undefined gate 'unknown_quantum_op'
circuit_0692,vqe_h2,4,structural,data/valid/circuit_0692_valid.qasm,data/buggy/circuit_0692_buggy.qasm,data/ground_truth/circuit_0692_ground_truth.qasm,Structural error: shifted ry from qubit 3 to qubit 0
circuit_0693,vqe_h2,4,gate_redundancy,data/valid/circuit_0693_valid.qasm,data/buggy/circuit_0693_buggy.qasm,data/ground_truth/circuit_0693_ground_truth.qasm,Gate redundancy: inserted two consecutive self-canceling H gates on qubit 0
circuit_0694,vqe_h2,4,semantic_deviation,data/valid/circuit_0694_valid.qasm,data/buggy/circuit_0694_buggy.qasm,data/ground_truth/circuit_0694_ground_truth.qasm,Semantic deviation: inverted rotation angle from 2.4302 to -2.4302 on rz
circuit_0695,vqe_h2,4,physics_violation,data/valid/circuit_0695_valid.qasm,data/buggy/circuit_0695_buggy.qasm,data/ground_truth/circuit_0695_ground_truth.qasm,"Physics violation: CNOT between non-connected physical qubits (0, 2) on FakeSherbrooke coupling graph"
circuit_0696,vqe_h2,4,syntax,data/valid/circuit_0696_valid.qasm,data/buggy/circuit_0696_buggy.qasm,data/ground_truth/circuit_0696_ground_truth.qasm,Syntax error: unknown keyword 'qbit_invalid' on line 3
circuit_0697,vqe_h2,4,structural,data/valid/circuit_0697_valid.qasm,data/buggy/circuit_0697_buggy.qasm,data/ground_truth/circuit_0697_ground_truth.qasm,Structural error: omitted rz gate at instruction index 11
circuit_0698,vqe_h2,4,gate_redundancy,data/valid/circuit_0698_valid.qasm,data/buggy/circuit_0698_buggy.qasm,data/ground_truth/circuit_0698_ground_truth.qasm,"Gate redundancy: inserted two duplicate consecutive CNOT gates on (0, 1)"
circuit_0699,vqe_h2,4,semantic_deviation,data/valid/circuit_0699_valid.qasm,data/buggy/circuit_0699_buggy.qasm,data/ground_truth/circuit_0699_ground_truth.qasm,Semantic deviation: altered gate basis from ry to rx
circuit_0700,vqe_h2,4,physics_violation,data/valid/circuit_0700_valid.qasm,data/buggy/circuit_0700_buggy.qasm,data/ground_truth/circuit_0700_ground_truth.qasm,Physics violation: uncalibrated gate delay of 1200us exceeds qubit T2 coherence limit (~150us)
circuit_0701,vqe_h2,4,syntax,data/valid/circuit_0701_valid.qasm,data/buggy/circuit_0701_buggy.qasm,data/ground_truth/circuit_0701_ground_truth.qasm,Syntax error: unclosed bracket on line 3
circuit_0702,vqe_h2,4,structural,data/valid/circuit_0702_valid.qasm,data/buggy/circuit_0702_buggy.qasm,data/ground_truth/circuit_0702_ground_truth.qasm,Structural error: reversed control and target qubits on cx gate
circuit_0703,vqe_h2,4,gate_redundancy,data/valid/circuit_0703_valid.qasm,data/buggy/circuit_0703_buggy.qasm,data/ground_truth/circuit_0703_ground_truth.qasm,Gate redundancy: inserted two consecutive self-canceling X gates on qubit 1
circuit_0704,vqe_h2,4,semantic_deviation,data/valid/circuit_0704_valid.qasm,data/buggy/circuit_0704_buggy.qasm,data/ground_truth/circuit_0704_ground_truth.qasm,Semantic deviation: altered gate basis from rz to rx
circuit_0705,vqe_h2,4,physics_violation,data/valid/circuit_0705_valid.qasm,data/buggy/circuit_0705_buggy.qasm,data/ground_truth/circuit_0705_ground_truth.qasm,Physics violation: uncalibrated gate delay of 1200us exceeds qubit T2 coherence limit (~150us)
circuit_0706,vqe_h2,4,syntax,data/valid/circuit_0706_valid.qasm,data/buggy/circuit_0706_buggy.qasm,data/ground_truth/circuit_0706_ground_truth.qasm,Syntax error: missing semicolon on line 3
circuit_0707,vqe_h2,4,structural,data/valid/circuit_0707_valid.qasm,data/buggy/circuit_0707_buggy.qasm,data/ground_truth/circuit_0707_ground_truth.qasm,Structural error: reversed control and target qubits on cx gate
circuit_0708,vqe_h2,4,gate_redundancy,data/valid/circuit_0708_valid.qasm,data/buggy/circuit_0708_buggy.qasm,data/ground_truth/circuit_0708_ground_truth.qasm,Gate redundancy: inserted two consecutive self-canceling H gates on qubit 1
circuit_0709,vqe_h2,4,semantic_deviation,data/valid/circuit_0709_valid.qasm,data/buggy/circuit_0709_buggy.qasm,data/ground_truth/circuit_0709_ground_truth.qasm,Semantic deviation: shifted rotation parameter by pi/2 on ry
circuit_0710,vqe_h2,4,physics_violation,data/valid/circuit_0710_valid.qasm,data/buggy/circuit_0710_buggy.qasm,data/ground_truth/circuit_0710_ground_truth.qasm,"Physics violation: CNOT between non-connected physical qubits (0, 2) on FakeSherbrooke coupling graph"
circuit_0711,vqe_h2,4,syntax,data/valid/circuit_0711_valid.qasm,data/buggy/circuit_0711_buggy.qasm,data/ground_truth/circuit_0711_ground_truth.qasm,Syntax error: unclosed bracket on line 3
circuit_0712,vqe_h2,4,structural,data/valid/circuit_0712_valid.qasm,data/buggy/circuit_0712_buggy.qasm,data/ground_truth/circuit_0712_ground_truth.qasm,Structural error: omitted cx gate at instruction index 15
circuit_0713,vqe_h2,4,gate_redundancy,data/valid/circuit_0713_valid.qasm,data/buggy/circuit_0713_buggy.qasm,data/ground_truth/circuit_0713_ground_truth.qasm,"Gate redundancy: inserted two duplicate consecutive CNOT gates on (0, 1)"
circuit_0714,vqe_h2,4,semantic_deviation,data/valid/circuit_0714_valid.qasm,data/buggy/circuit_0714_buggy.qasm,data/ground_truth/circuit_0714_ground_truth.qasm,Semantic deviation: shifted rotation parameter by pi/2 on rz
circuit_0715,vqe_h2,4,physics_violation,data/valid/circuit_0715_valid.qasm,data/buggy/circuit_0715_buggy.qasm,data/ground_truth/circuit_0715_ground_truth.qasm,Physics violation: uncalibrated gate delay of 1200us exceeds qubit T2 coherence limit (~150us)
circuit_0716,vqe_h2,4,syntax,data/valid/circuit_0716_valid.qasm,data/buggy/circuit_0716_buggy.qasm,data/ground_truth/circuit_0716_ground_truth.qasm,Syntax error: unclosed bracket on line 3
circuit_0717,vqe_h2,4,structural,data/valid/circuit_0717_valid.qasm,data/buggy/circuit_0717_buggy.qasm,data/ground_truth/circuit_0717_ground_truth.qasm,Structural error: omitted ry gate at instruction index 2
circuit_0718,vqe_h2,4,gate_redundancy,data/valid/circuit_0718_valid.qasm,data/buggy/circuit_0718_buggy.qasm,data/ground_truth/circuit_0718_ground_truth.qasm,Gate redundancy: inserted two consecutive self-canceling X gates on qubit 2
circuit_0719,vqe_h2,4,semantic_deviation,data/valid/circuit_0719_valid.qasm,data/buggy/circuit_0719_buggy.qasm,data/ground_truth/circuit_0719_ground_truth.qasm,Semantic deviation: altered gate basis from ry to rx
circuit_0720,vqe_h2,4,physics_violation,data/valid/circuit_0720_valid.qasm,data/buggy/circuit_0720_buggy.qasm,data/ground_truth/circuit_0720_ground_truth.qasm,Physics violation: uncalibrated gate delay of 1200us exceeds qubit T2 coherence limit (~150us)
circuit_0721,vqe_h2,4,syntax,data/valid/circuit_0721_valid.qasm,data/buggy/circuit_0721_buggy.qasm,data/ground_truth/circuit_0721_ground_truth.qasm,Syntax error: missing semicolon on line 3
circuit_0722,vqe_h2,4,structural,data/valid/circuit_0722_valid.qasm,data/buggy/circuit_0722_buggy.qasm,data/ground_truth/circuit_0722_ground_truth.qasm,Structural error: shifted ry from qubit 0 to qubit 1
circuit_0723,vqe_h2,4,gate_redundancy,data/valid/circuit_0723_valid.qasm,data/buggy/circuit_0723_buggy.qasm,data/ground_truth/circuit_0723_ground_truth.qasm,Gate redundancy: inserted two consecutive self-canceling X gates on qubit 1
circuit_0724,vqe_h2,4,semantic_deviation,data/valid/circuit_0724_valid.qasm,data/buggy/circuit_0724_buggy.qasm,data/ground_truth/circuit_0724_ground_truth.qasm,Semantic deviation: inverted rotation angle from 1.2978 to -1.2978 on rz
circuit_0725,vqe_h2,4,physics_violation,data/valid/circuit_0725_valid.qasm,data/buggy/circuit_0725_buggy.qasm,data/ground_truth/circuit_0725_ground_truth.qasm,"Physics violation: CNOT between non-connected physical qubits (0, 2) on FakeSherbrooke coupling graph"
circuit_0726,vqe_h2,4,syntax,data/valid/circuit_0726_valid.qasm,data/buggy/circuit_0726_buggy.qasm,data/ground_truth/circuit_0726_ground_truth.qasm,Syntax error: missing semicolon on line 3
circuit_0727,vqe_h2,4,structural,data/valid/circuit_0727_valid.qasm,data/buggy/circuit_0727_buggy.qasm,data/ground_truth/circuit_0727_ground_truth.qasm,Structural error: omitted ry gate at instruction index 5
circuit_0728,vqe_h2,4,gate_redundancy,data/valid/circuit_0728_valid.qasm,data/buggy/circuit_0728_buggy.qasm,data/ground_truth/circuit_0728_ground_truth.qasm,Gate redundancy: inserted two consecutive self-canceling H gates on qubit 3
circuit_0729,vqe_h2,4,semantic_deviation,data/valid/circuit_0729_valid.qasm,data/buggy/circuit_0729_buggy.qasm,data/ground_truth/circuit_0729_ground_truth.qasm,Semantic deviation: inverted rotation angle from -0.9082 to 0.9082 on rz
circuit_0730,vqe_h2,4,physics_violation,data/valid/circuit_0730_valid.qasm,data/buggy/circuit_0730_buggy.qasm,data/ground_truth/circuit_0730_ground_truth.qasm,"Physics violation: CNOT between non-connected physical qubits (0, 2) on FakeSherbrooke coupling graph"
circuit_0731,vqe_h2,4,syntax,data/valid/circuit_0731_valid.qasm,data/buggy/circuit_0731_buggy.qasm,data/ground_truth/circuit_0731_ground_truth.qasm,Syntax error: unknown keyword 'qbit_invalid' on line 3
circuit_0732,vqe_h2,4,structural,data/valid/circuit_0732_valid.qasm,data/buggy/circuit_0732_buggy.qasm,data/ground_truth/circuit_0732_ground_truth.qasm,Structural error: reversed control and target qubits on cx gate
circuit_0733,vqe_h2,4,gate_redundancy,data/valid/circuit_0733_valid.qasm,data/buggy/circuit_0733_buggy.qasm,data/ground_truth/circuit_0733_ground_truth.qasm,Gate redundancy: inserted two consecutive self-canceling H gates on qubit 1
circuit_0734,vqe_h2,4,semantic_deviation,data/valid/circuit_0734_valid.qasm,data/buggy/circuit_0734_buggy.qasm,data/ground_truth/circuit_0734_ground_truth.qasm,Semantic deviation: altered gate basis from rz to rx
circuit_0735,vqe_h2,4,physics_violation,data/valid/circuit_0735_valid.qasm,data/buggy/circuit_0735_buggy.qasm,data/ground_truth/circuit_0735_ground_truth.qasm,"Physics violation: CNOT between non-connected physical qubits (0, 2) on FakeSherbrooke coupling graph"
circuit_0736,vqe_h2,4,syntax,data/valid/circuit_0736_valid.qasm,data/buggy/circuit_0736_buggy.qasm,data/ground_truth/circuit_0736_ground_truth.qasm,Syntax error: missing semicolon on line 3
circuit_0737,vqe_h2,4,structural,data/valid/circuit_0737_valid.qasm,data/buggy/circuit_0737_buggy.qasm,data/ground_truth/circuit_0737_ground_truth.qasm,Structural error: shifted rz from qubit 2 to qubit 3
circuit_0738,vqe_h2,4,gate_redundancy,data/valid/circuit_0738_valid.qasm,data/buggy/circuit_0738_buggy.qasm,data/ground_truth/circuit_0738_ground_truth.qasm,Gate redundancy: inserted two consecutive self-canceling X gates on qubit 1
circuit_0739,vqe_h2,4,semantic_deviation,data/valid/circuit_0739_valid.qasm,data/buggy/circuit_0739_buggy.qasm,data/ground_truth/circuit_0739_ground_truth.qasm,Semantic deviation: inverted rotation angle from -0.1192 to 0.1192 on ry
circuit_0740,vqe_h2,4,physics_violation,data/valid/circuit_0740_valid.qasm,data/buggy/circuit_0740_buggy.qasm,data/ground_truth/circuit_0740_ground_truth.qasm,"Physics violation: CNOT between non-connected physical qubits (0, 2) on FakeSherbrooke coupling graph"
circuit_0741,vqe_h2,4,syntax,data/valid/circuit_0741_valid.qasm,data/buggy/circuit_0741_buggy.qasm,data/ground_truth/circuit_0741_ground_truth.qasm,Syntax error: unknown keyword 'qbit_invalid' on line 3
circuit_0742,vqe_h2,4,structural,data/valid/circuit_0742_valid.qasm,data/buggy/circuit_0742_buggy.qasm,data/ground_truth/circuit_0742_ground_truth.qasm,Structural error: reversed control and target qubits on cx gate
circuit_0743,vqe_h2,4,gate_redundancy,data/valid/circuit_0743_valid.qasm,data/buggy/circuit_0743_buggy.qasm,data/ground_truth/circuit_0743_ground_truth.qasm,"Gate redundancy: inserted two duplicate consecutive CNOT gates on (0, 1)"
circuit_0744,vqe_h2,4,semantic_deviation,data/valid/circuit_0744_valid.qasm,data/buggy/circuit_0744_buggy.qasm,data/ground_truth/circuit_0744_ground_truth.qasm,Semantic deviation: inverted rotation angle from 0.9283 to -0.9283 on rz
circuit_0745,vqe_h2,4,physics_violation,data/valid/circuit_0745_valid.qasm,data/buggy/circuit_0745_buggy.qasm,data/ground_truth/circuit_0745_ground_truth.qasm,Physics violation: uncalibrated gate delay of 1200us exceeds qubit T2 coherence limit (~150us)
circuit_0746,vqe_h2,4,syntax,data/valid/circuit_0746_valid.qasm,data/buggy/circuit_0746_buggy.qasm,data/ground_truth/circuit_0746_ground_truth.qasm,Syntax error: call to undefined gate 'unknown_quantum_op'
circuit_0747,vqe_h2,4,structural,data/valid/circuit_0747_valid.qasm,data/buggy/circuit_0747_buggy.qasm,data/ground_truth/circuit_0747_ground_truth.qasm,Structural error: reversed control and target qubits on cx gate
circuit_0748,vqe_h2,4,gate_redundancy,data/valid/circuit_0748_valid.qasm,data/buggy/circuit_0748_buggy.qasm,data/ground_truth/circuit_0748_ground_truth.qasm,"Gate redundancy: inserted two duplicate consecutive CNOT gates on (0, 1)"
circuit_0749,vqe_h2,4,semantic_deviation,data/valid/circuit_0749_valid.qasm,data/buggy/circuit_0749_buggy.qasm,data/ground_truth/circuit_0749_ground_truth.qasm,Semantic deviation: altered gate basis from ry to rx
circuit_0750,vqe_h2,4,physics_violation,data/valid/circuit_0750_valid.qasm,data/buggy/circuit_0750_buggy.qasm,data/ground_truth/circuit_0750_ground_truth.qasm,Physics violation: uncalibrated gate delay of 1200us exceeds qubit T2 coherence limit (~150us)
circuit_0751,qft,6,syntax,data/valid/circuit_0751_valid.qasm,data/buggy/circuit_0751_buggy.qasm,data/ground_truth/circuit_0751_ground_truth.qasm,Syntax error: unclosed bracket on line 3
circuit_0752,qft,4,structural,data/valid/circuit_0752_valid.qasm,data/buggy/circuit_0752_buggy.qasm,data/ground_truth/circuit_0752_ground_truth.qasm,Structural error: reversed control and target qubits on cp gate
circuit_0753,qft,6,gate_redundancy,data/valid/circuit_0753_valid.qasm,data/buggy/circuit_0753_buggy.qasm,data/ground_truth/circuit_0753_ground_truth.qasm,Gate redundancy: inserted two consecutive self-canceling H gates on qubit 3
circuit_0754,qft,4,semantic_deviation,data/valid/circuit_0754_valid.qasm,data/buggy/circuit_0754_buggy.qasm,data/ground_truth/circuit_0754_ground_truth.qasm,Semantic deviation: shifted rotation parameter by pi/2 on cp
circuit_0755,qft,5,physics_violation,data/valid/circuit_0755_valid.qasm,data/buggy/circuit_0755_buggy.qasm,data/ground_truth/circuit_0755_ground_truth.qasm,Physics violation: uncalibrated gate delay of 1200us exceeds qubit T2 coherence limit (~150us)
circuit_0756,qft,6,syntax,data/valid/circuit_0756_valid.qasm,data/buggy/circuit_0756_buggy.qasm,data/ground_truth/circuit_0756_ground_truth.qasm,Syntax error: call to undefined gate 'unknown_quantum_op'
circuit_0757,qft,6,structural,data/valid/circuit_0757_valid.qasm,data/buggy/circuit_0757_buggy.qasm,data/ground_truth/circuit_0757_ground_truth.qasm,Structural error: omitted h gate at instruction index 20
circuit_0758,qft,6,gate_redundancy,data/valid/circuit_0758_valid.qasm,data/buggy/circuit_0758_buggy.qasm,data/ground_truth/circuit_0758_ground_truth.qasm,"Gate redundancy: inserted two duplicate consecutive CNOT gates on (0, 1)"
circuit_0759,qft,6,semantic_deviation,data/valid/circuit_0759_valid.qasm,data/buggy/circuit_0759_buggy.qasm,data/ground_truth/circuit_0759_ground_truth.qasm,Semantic deviation: inverted rotation angle from 0.7853981633974483 to -0.7854 on cp
circuit_0760,qft,5,physics_violation,data/valid/circuit_0760_valid.qasm,data/buggy/circuit_0760_buggy.qasm,data/ground_truth/circuit_0760_ground_truth.qasm,"Physics violation: CNOT between non-connected physical qubits (0, 2) on FakeSherbrooke coupling graph"
circuit_0761,qft,4,syntax,data/valid/circuit_0761_valid.qasm,data/buggy/circuit_0761_buggy.qasm,data/ground_truth/circuit_0761_ground_truth.qasm,Syntax error: missing semicolon on line 3
circuit_0762,qft,4,structural,data/valid/circuit_0762_valid.qasm,data/buggy/circuit_0762_buggy.qasm,data/ground_truth/circuit_0762_ground_truth.qasm,Structural error: reversed control and target qubits on swap gate
circuit_0763,qft,6,gate_redundancy,data/valid/circuit_0763_valid.qasm,data/buggy/circuit_0763_buggy.qasm,data/ground_truth/circuit_0763_ground_truth.qasm,Gate redundancy: inserted two consecutive self-canceling H gates on qubit 0
circuit_0764,qft,5,semantic_deviation,data/valid/circuit_0764_valid.qasm,data/buggy/circuit_0764_buggy.qasm,data/ground_truth/circuit_0764_ground_truth.qasm,Semantic deviation: inverted rotation angle from 1.5707963267948966 to -1.5708 on cp
circuit_0765,qft,4,physics_violation,data/valid/circuit_0765_valid.qasm,data/buggy/circuit_0765_buggy.qasm,data/ground_truth/circuit_0765_ground_truth.qasm,Physics violation: uncalibrated gate delay of 1200us exceeds qubit T2 coherence limit (~150us)
circuit_0766,qft,4,syntax,data/valid/circuit_0766_valid.qasm,data/buggy/circuit_0766_buggy.qasm,data/ground_truth/circuit_0766_ground_truth.qasm,Syntax error: unclosed bracket on line 3
circuit_0767,qft,4,structural,data/valid/circuit_0767_valid.qasm,data/buggy/circuit_0767_buggy.qasm,data/ground_truth/circuit_0767_ground_truth.qasm,Structural error: omitted cp gate at instruction index 6
circuit_0768,qft,4,gate_redundancy,data/valid/circuit_0768_valid.qasm,data/buggy/circuit_0768_buggy.qasm,data/ground_truth/circuit_0768_ground_truth.qasm,"Gate redundancy: inserted two duplicate consecutive CNOT gates on (0, 1)"
circuit_0769,qft,4,semantic_deviation,data/valid/circuit_0769_valid.qasm,data/buggy/circuit_0769_buggy.qasm,data/ground_truth/circuit_0769_ground_truth.qasm,Semantic deviation: inverted rotation angle from 1.5707963267948966 to -1.5708 on cp
circuit_0770,qft,4,physics_violation,data/valid/circuit_0770_valid.qasm,data/buggy/circuit_0770_buggy.qasm,data/ground_truth/circuit_0770_ground_truth.qasm,"Physics violation: CNOT between non-connected physical qubits (0, 2) on FakeSherbrooke coupling graph"
circuit_0771,qft,5,syntax,data/valid/circuit_0771_valid.qasm,data/buggy/circuit_0771_buggy.qasm,data/ground_truth/circuit_0771_ground_truth.qasm,Syntax error: unknown keyword 'qbit_invalid' on line 3
circuit_0772,qft,6,structural,data/valid/circuit_0772_valid.qasm,data/buggy/circuit_0772_buggy.qasm,data/ground_truth/circuit_0772_ground_truth.qasm,Structural error: shifted h from qubit 1 to qubit 2
circuit_0773,qft,4,gate_redundancy,data/valid/circuit_0773_valid.qasm,data/buggy/circuit_0773_buggy.qasm,data/ground_truth/circuit_0773_ground_truth.qasm,Gate redundancy: inserted two consecutive self-canceling X gates on qubit 0
circuit_0774,qft,5,semantic_deviation,data/valid/circuit_0774_valid.qasm,data/buggy/circuit_0774_buggy.qasm,data/ground_truth/circuit_0774_ground_truth.qasm,Semantic deviation: inverted rotation angle from 0.39269908169872414 to -0.3927 on cp
circuit_0775,qft,5,physics_violation,data/valid/circuit_0775_valid.qasm,data/buggy/circuit_0775_buggy.qasm,data/ground_truth/circuit_0775_ground_truth.qasm,"Physics violation: CNOT between non-connected physical qubits (0, 2) on FakeSherbrooke coupling graph"
circuit_0776,qft,6,syntax,data/valid/circuit_0776_valid.qasm,data/buggy/circuit_0776_buggy.qasm,data/ground_truth/circuit_0776_ground_truth.qasm,Syntax error: call to undefined gate 'unknown_quantum_op'
circuit_0777,qft,6,structural,data/valid/circuit_0777_valid.qasm,data/buggy/circuit_0777_buggy.qasm,data/ground_truth/circuit_0777_ground_truth.qasm,Structural error: reversed control and target qubits on cp gate
circuit_0778,qft,4,gate_redundancy,data/valid/circuit_0778_valid.qasm,data/buggy/circuit_0778_buggy.qasm,data/ground_truth/circuit_0778_ground_truth.qasm,Gate redundancy: inserted two consecutive self-canceling X gates on qubit 3
circuit_0779,qft,6,semantic_deviation,data/valid/circuit_0779_valid.qasm,data/buggy/circuit_0779_buggy.qasm,data/ground_truth/circuit_0779_ground_truth.qasm,Semantic deviation: shifted rotation parameter by pi/2 on cp
circuit_0780,qft,6,physics_violation,data/valid/circuit_0780_valid.qasm,data/buggy/circuit_0780_buggy.qasm,data/ground_truth/circuit_0780_ground_truth.qasm,"Physics violation: CNOT between non-connected physical qubits (0, 2) on FakeSherbrooke coupling graph"
circuit_0781,qft,5,syntax,data/valid/circuit_0781_valid.qasm,data/buggy/circuit_0781_buggy.qasm,data/ground_truth/circuit_0781_ground_truth.qasm,Syntax error: unclosed bracket on line 3
circuit_0782,qft,5,structural,data/valid/circuit_0782_valid.qasm,data/buggy/circuit_0782_buggy.qasm,data/ground_truth/circuit_0782_ground_truth.qasm,Structural error: shifted h from qubit 1 to qubit 2
circuit_0783,qft,5,gate_redundancy,data/valid/circuit_0783_valid.qasm,data/buggy/circuit_0783_buggy.qasm,data/ground_truth/circuit_0783_ground_truth.qasm,Gate redundancy: inserted two consecutive self-canceling H gates on qubit 4
circuit_0784,qft,4,semantic_deviation,data/valid/circuit_0784_valid.qasm,data/buggy/circuit_0784_buggy.qasm,data/ground_truth/circuit_0784_ground_truth.qasm,Semantic deviation: shifted rotation parameter by pi/2 on cp
circuit_0785,qft,4,physics_violation,data/valid/circuit_0785_valid.qasm,data/buggy/circuit_0785_buggy.qasm,data/ground_truth/circuit_0785_ground_truth.qasm,Physics violation: uncalibrated gate delay of 1200us exceeds qubit T2 coherence limit (~150us)
circuit_0786,qft,6,syntax,data/valid/circuit_0786_valid.qasm,data/buggy/circuit_0786_buggy.qasm,data/ground_truth/circuit_0786_ground_truth.qasm,Syntax error: unknown keyword 'qbit_invalid' on line 3
circuit_0787,qft,6,structural,data/valid/circuit_0787_valid.qasm,data/buggy/circuit_0787_buggy.qasm,data/ground_truth/circuit_0787_ground_truth.qasm,Structural error: omitted cp gate at instruction index 9
circuit_0788,qft,4,gate_redundancy,data/valid/circuit_0788_valid.qasm,data/buggy/circuit_0788_buggy.qasm,data/ground_truth/circuit_0788_ground_truth.qasm,Gate redundancy: inserted two consecutive self-canceling X gates on qubit 1
circuit_0789,qft,4,semantic_deviation,data/valid/circuit_0789_valid.qasm,data/buggy/circuit_0789_buggy.qasm,data/ground_truth/circuit_0789_ground_truth.qasm,Semantic deviation: shifted rotation parameter by pi/2 on cp
circuit_0790,qft,5,physics_violation,data/valid/circuit_0790_valid.qasm,data/buggy/circuit_0790_buggy.qasm,data/ground_truth/circuit_0790_ground_truth.qasm,Physics violation: uncalibrated gate delay of 1200us exceeds qubit T2 coherence limit (~150us)
circuit_0791,qft,4,syntax,data/valid/circuit_0791_valid.qasm,data/buggy/circuit_0791_buggy.qasm,data/ground_truth/circuit_0791_ground_truth.qasm,Syntax error: unclosed bracket on line 3
circuit_0792,qft,4,structural,data/valid/circuit_0792_valid.qasm,data/buggy/circuit_0792_buggy.qasm,data/ground_truth/circuit_0792_ground_truth.qasm,Structural error: reversed control and target qubits on cp gate
circuit_0793,qft,6,gate_redundancy,data/valid/circuit_0793_valid.qasm,data/buggy/circuit_0793_buggy.qasm,data/ground_truth/circuit_0793_ground_truth.qasm,"Gate redundancy: inserted two duplicate consecutive CNOT gates on (0, 1)"
circuit_0794,qft,6,semantic_deviation,data/valid/circuit_0794_valid.qasm,data/buggy/circuit_0794_buggy.qasm,data/ground_truth/circuit_0794_ground_truth.qasm,Semantic deviation: inverted rotation angle from 0.7853981633974483 to -0.7854 on cp
circuit_0795,qft,5,physics_violation,data/valid/circuit_0795_valid.qasm,data/buggy/circuit_0795_buggy.qasm,data/ground_truth/circuit_0795_ground_truth.qasm,Physics violation: uncalibrated gate delay of 1200us exceeds qubit T2 coherence limit (~150us)
circuit_0796,qft,4,syntax,data/valid/circuit_0796_valid.qasm,data/buggy/circuit_0796_buggy.qasm,data/ground_truth/circuit_0796_ground_truth.qasm,Syntax error: unclosed bracket on line 3
circuit_0797,qft,6,structural,data/valid/circuit_0797_valid.qasm,data/buggy/circuit_0797_buggy.qasm,data/ground_truth/circuit_0797_ground_truth.qasm,Structural error: shifted h from qubit 0 to qubit 1
circuit_0798,qft,4,gate_redundancy,data/valid/circuit_0798_valid.qasm,data/buggy/circuit_0798_buggy.qasm,data/ground_truth/circuit_0798_ground_truth.qasm,Gate redundancy: inserted two consecutive self-canceling X gates on qubit 3
circuit_0799,qft,4,semantic_deviation,data/valid/circuit_0799_valid.qasm,data/buggy/circuit_0799_buggy.qasm,data/ground_truth/circuit_0799_ground_truth.qasm,Semantic deviation: shifted rotation parameter by pi/2 on cp
circuit_0800,qft,5,physics_violation,data/valid/circuit_0800_valid.qasm,data/buggy/circuit_0800_buggy.qasm,data/ground_truth/circuit_0800_ground_truth.qasm,"Physics violation: CNOT between non-connected physical qubits (0, 2) on FakeSherbrooke coupling graph"
circuit_0801,qft,4,syntax,data/valid/circuit_0801_valid.qasm,data/buggy/circuit_0801_buggy.qasm,data/ground_truth/circuit_0801_ground_truth.qasm,Syntax error: missing semicolon on line 3
circuit_0802,qft,5,structural,data/valid/circuit_0802_valid.qasm,data/buggy/circuit_0802_buggy.qasm,data/ground_truth/circuit_0802_ground_truth.qasm,Structural error: shifted h from qubit 4 to qubit 0
circuit_0803,qft,6,gate_redundancy,data/valid/circuit_0803_valid.qasm,data/buggy/circuit_0803_buggy.qasm,data/ground_truth/circuit_0803_ground_truth.qasm,Gate redundancy: inserted two consecutive self-canceling X gates on qubit 5
circuit_0804,qft,6,semantic_deviation,data/valid/circuit_0804_valid.qasm,data/buggy/circuit_0804_buggy.qasm,data/ground_truth/circuit_0804_ground_truth.qasm,Semantic deviation: inverted rotation angle from 0.7853981633974483 to -0.7854 on cp
circuit_0805,qft,6,physics_violation,data/valid/circuit_0805_valid.qasm,data/buggy/circuit_0805_buggy.qasm,data/ground_truth/circuit_0805_ground_truth.qasm,Physics violation: uncalibrated gate delay of 1200us exceeds qubit T2 coherence limit (~150us)
circuit_0806,qft,6,syntax,data/valid/circuit_0806_valid.qasm,data/buggy/circuit_0806_buggy.qasm,data/ground_truth/circuit_0806_ground_truth.qasm,Syntax error: call to undefined gate 'unknown_quantum_op'
circuit_0807,qft,5,structural,data/valid/circuit_0807_valid.qasm,data/buggy/circuit_0807_buggy.qasm,data/ground_truth/circuit_0807_ground_truth.qasm,Structural error: omitted cp gate at instruction index 1
circuit_0808,qft,5,gate_redundancy,data/valid/circuit_0808_valid.qasm,data/buggy/circuit_0808_buggy.qasm,data/ground_truth/circuit_0808_ground_truth.qasm,Gate redundancy: inserted two consecutive self-canceling H gates on qubit 0
circuit_0809,qft,6,semantic_deviation,data/valid/circuit_0809_valid.qasm,data/buggy/circuit_0809_buggy.qasm,data/ground_truth/circuit_0809_ground_truth.qasm,Semantic deviation: shifted rotation parameter by pi/2 on cp
circuit_0810,qft,6,physics_violation,data/valid/circuit_0810_valid.qasm,data/buggy/circuit_0810_buggy.qasm,data/ground_truth/circuit_0810_ground_truth.qasm,"Physics violation: CNOT between non-connected physical qubits (0, 2) on FakeSherbrooke coupling graph"
circuit_0811,qft,6,syntax,data/valid/circuit_0811_valid.qasm,data/buggy/circuit_0811_buggy.qasm,data/ground_truth/circuit_0811_ground_truth.qasm,Syntax error: call to undefined gate 'unknown_quantum_op'
circuit_0812,qft,5,structural,data/valid/circuit_0812_valid.qasm,data/buggy/circuit_0812_buggy.qasm,data/ground_truth/circuit_0812_ground_truth.qasm,Structural error: reversed control and target qubits on cp gate
circuit_0813,qft,6,gate_redundancy,data/valid/circuit_0813_valid.qasm,data/buggy/circuit_0813_buggy.qasm,data/ground_truth/circuit_0813_ground_truth.qasm,Gate redundancy: inserted two consecutive self-canceling X gates on qubit 1
circuit_0814,qft,5,semantic_deviation,data/valid/circuit_0814_valid.qasm,data/buggy/circuit_0814_buggy.qasm,data/ground_truth/circuit_0814_ground_truth.qasm,Semantic deviation: inverted rotation angle from 0.19634954084936207 to -0.1963 on cp
circuit_0815,qft,4,physics_violation,data/valid/circuit_0815_valid.qasm,data/buggy/circuit_0815_buggy.qasm,data/ground_truth/circuit_0815_ground_truth.qasm,Physics violation: uncalibrated gate delay of 1200us exceeds qubit T2 coherence limit (~150us)
circuit_0816,qft,6,syntax,data/valid/circuit_0816_valid.qasm,data/buggy/circuit_0816_buggy.qasm,data/ground_truth/circuit_0816_ground_truth.qasm,Syntax error: missing semicolon on line 3
circuit_0817,qft,5,structural,data/valid/circuit_0817_valid.qasm,data/buggy/circuit_0817_buggy.qasm,data/ground_truth/circuit_0817_ground_truth.qasm,Structural error: shifted h from qubit 1 to qubit 2
circuit_0818,qft,5,gate_redundancy,data/valid/circuit_0818_valid.qasm,data/buggy/circuit_0818_buggy.qasm,data/ground_truth/circuit_0818_ground_truth.qasm,Gate redundancy: inserted two consecutive self-canceling X gates on qubit 0
circuit_0819,qft,5,semantic_deviation,data/valid/circuit_0819_valid.qasm,data/buggy/circuit_0819_buggy.qasm,data/ground_truth/circuit_0819_ground_truth.qasm,Semantic deviation: shifted rotation parameter by pi/2 on cp
circuit_0820,qft,4,physics_violation,data/valid/circuit_0820_valid.qasm,data/buggy/circuit_0820_buggy.qasm,data/ground_truth/circuit_0820_ground_truth.qasm,"Physics violation: CNOT between non-connected physical qubits (0, 2) on FakeSherbrooke coupling graph"
circuit_0821,qft,6,syntax,data/valid/circuit_0821_valid.qasm,data/buggy/circuit_0821_buggy.qasm,data/ground_truth/circuit_0821_ground_truth.qasm,Syntax error: unclosed bracket on line 3
circuit_0822,qft,5,structural,data/valid/circuit_0822_valid.qasm,data/buggy/circuit_0822_buggy.qasm,data/ground_truth/circuit_0822_ground_truth.qasm,Structural error: reversed control and target qubits on cp gate
circuit_0823,qft,6,gate_redundancy,data/valid/circuit_0823_valid.qasm,data/buggy/circuit_0823_buggy.qasm,data/ground_truth/circuit_0823_ground_truth.qasm,Gate redundancy: inserted two consecutive self-canceling H gates on qubit 4
circuit_0824,qft,5,semantic_deviation,data/valid/circuit_0824_valid.qasm,data/buggy/circuit_0824_buggy.qasm,data/ground_truth/circuit_0824_ground_truth.qasm,Semantic deviation: inverted rotation angle from 0.7853981633974483 to -0.7854 on cp
circuit_0825,qft,6,physics_violation,data/valid/circuit_0825_valid.qasm,data/buggy/circuit_0825_buggy.qasm,data/ground_truth/circuit_0825_ground_truth.qasm,"Physics violation: CNOT between non-connected physical qubits (0, 2) on FakeSherbrooke coupling graph"
circuit_0826,qft,4,syntax,data/valid/circuit_0826_valid.qasm,data/buggy/circuit_0826_buggy.qasm,data/ground_truth/circuit_0826_ground_truth.qasm,Syntax error: call to undefined gate 'unknown_quantum_op'
circuit_0827,qft,5,structural,data/valid/circuit_0827_valid.qasm,data/buggy/circuit_0827_buggy.qasm,data/ground_truth/circuit_0827_ground_truth.qasm,Structural error: reversed control and target qubits on swap gate
circuit_0828,qft,5,gate_redundancy,data/valid/circuit_0828_valid.qasm,data/buggy/circuit_0828_buggy.qasm,data/ground_truth/circuit_0828_ground_truth.qasm,Gate redundancy: inserted two consecutive self-canceling X gates on qubit 3
circuit_0829,qft,4,semantic_deviation,data/valid/circuit_0829_valid.qasm,data/buggy/circuit_0829_buggy.qasm,data/ground_truth/circuit_0829_ground_truth.qasm,Semantic deviation: inverted rotation angle from 0.39269908169872414 to -0.3927 on cp
circuit_0830,qft,6,physics_violation,data/valid/circuit_0830_valid.qasm,data/buggy/circuit_0830_buggy.qasm,data/ground_truth/circuit_0830_ground_truth.qasm,Physics violation: uncalibrated gate delay of 1200us exceeds qubit T2 coherence limit (~150us)
circuit_0831,qft,5,syntax,data/valid/circuit_0831_valid.qasm,data/buggy/circuit_0831_buggy.qasm,data/ground_truth/circuit_0831_ground_truth.qasm,Syntax error: unknown keyword 'qbit_invalid' on line 3
circuit_0832,qft,4,structural,data/valid/circuit_0832_valid.qasm,data/buggy/circuit_0832_buggy.qasm,data/ground_truth/circuit_0832_ground_truth.qasm,Structural error: shifted h from qubit 1 to qubit 2
circuit_0833,qft,5,gate_redundancy,data/valid/circuit_0833_valid.qasm,data/buggy/circuit_0833_buggy.qasm,data/ground_truth/circuit_0833_ground_truth.qasm,"Gate redundancy: inserted two duplicate consecutive CNOT gates on (0, 1)"
circuit_0834,qft,5,semantic_deviation,data/valid/circuit_0834_valid.qasm,data/buggy/circuit_0834_buggy.qasm,data/ground_truth/circuit_0834_ground_truth.qasm,Semantic deviation: shifted rotation parameter by pi/2 on cp
circuit_0835,qft,5,physics_violation,data/valid/circuit_0835_valid.qasm,data/buggy/circuit_0835_buggy.qasm,data/ground_truth/circuit_0835_ground_truth.qasm,"Physics violation: CNOT between non-connected physical qubits (0, 2) on FakeSherbrooke coupling graph"
circuit_0836,qft,6,syntax,data/valid/circuit_0836_valid.qasm,data/buggy/circuit_0836_buggy.qasm,data/ground_truth/circuit_0836_ground_truth.qasm,Syntax error: unclosed bracket on line 3
circuit_0837,qft,4,structural,data/valid/circuit_0837_valid.qasm,data/buggy/circuit_0837_buggy.qasm,data/ground_truth/circuit_0837_ground_truth.qasm,Structural error: omitted cp gate at instruction index 8
circuit_0838,qft,4,gate_redundancy,data/valid/circuit_0838_valid.qasm,data/buggy/circuit_0838_buggy.qasm,data/ground_truth/circuit_0838_ground_truth.qasm,Gate redundancy: inserted two consecutive self-canceling X gates on qubit 2
circuit_0839,qft,4,semantic_deviation,data/valid/circuit_0839_valid.qasm,data/buggy/circuit_0839_buggy.qasm,data/ground_truth/circuit_0839_ground_truth.qasm,Semantic deviation: shifted rotation parameter by pi/2 on cp
circuit_0840,qft,4,physics_violation,data/valid/circuit_0840_valid.qasm,data/buggy/circuit_0840_buggy.qasm,data/ground_truth/circuit_0840_ground_truth.qasm,"Physics violation: CNOT between non-connected physical qubits (0, 2) on FakeSherbrooke coupling graph"
circuit_0841,qft,5,syntax,data/valid/circuit_0841_valid.qasm,data/buggy/circuit_0841_buggy.qasm,data/ground_truth/circuit_0841_ground_truth.qasm,Syntax error: missing semicolon on line 3
circuit_0842,qft,6,structural,data/valid/circuit_0842_valid.qasm,data/buggy/circuit_0842_buggy.qasm,data/ground_truth/circuit_0842_ground_truth.qasm,Structural error: shifted h from qubit 0 to qubit 1
circuit_0843,qft,4,gate_redundancy,data/valid/circuit_0843_valid.qasm,data/buggy/circuit_0843_buggy.qasm,data/ground_truth/circuit_0843_ground_truth.qasm,Gate redundancy: inserted two consecutive self-canceling H gates on qubit 0
circuit_0844,qft,6,semantic_deviation,data/valid/circuit_0844_valid.qasm,data/buggy/circuit_0844_buggy.qasm,data/ground_truth/circuit_0844_ground_truth.qasm,Semantic deviation: shifted rotation parameter by pi/2 on cp
circuit_0845,qft,4,physics_violation,data/valid/circuit_0845_valid.qasm,data/buggy/circuit_0845_buggy.qasm,data/ground_truth/circuit_0845_ground_truth.qasm,Physics violation: uncalibrated gate delay of 1200us exceeds qubit T2 coherence limit (~150us)
circuit_0846,qft,4,syntax,data/valid/circuit_0846_valid.qasm,data/buggy/circuit_0846_buggy.qasm,data/ground_truth/circuit_0846_ground_truth.qasm,Syntax error: missing semicolon on line 3
circuit_0847,qft,5,structural,data/valid/circuit_0847_valid.qasm,data/buggy/circuit_0847_buggy.qasm,data/ground_truth/circuit_0847_ground_truth.qasm,Structural error: shifted h from qubit 4 to qubit 0
circuit_0848,qft,5,gate_redundancy,data/valid/circuit_0848_valid.qasm,data/buggy/circuit_0848_buggy.qasm,data/ground_truth/circuit_0848_ground_truth.qasm,Gate redundancy: inserted two consecutive self-canceling X gates on qubit 2
circuit_0849,qft,5,semantic_deviation,data/valid/circuit_0849_valid.qasm,data/buggy/circuit_0849_buggy.qasm,data/ground_truth/circuit_0849_ground_truth.qasm,Semantic deviation: shifted rotation parameter by pi/2 on cp
circuit_0850,qft,6,physics_violation,data/valid/circuit_0850_valid.qasm,data/buggy/circuit_0850_buggy.qasm,data/ground_truth/circuit_0850_ground_truth.qasm,"Physics violation: CNOT between non-connected physical qubits (0, 2) on FakeSherbrooke coupling graph"
circuit_0851,qft,5,syntax,data/valid/circuit_0851_valid.qasm,data/buggy/circuit_0851_buggy.qasm,data/ground_truth/circuit_0851_ground_truth.qasm,Syntax error: unclosed bracket on line 3
circuit_0852,qft,5,structural,data/valid/circuit_0852_valid.qasm,data/buggy/circuit_0852_buggy.qasm,data/ground_truth/circuit_0852_ground_truth.qasm,Structural error: reversed control and target qubits on cp gate
circuit_0853,qft,4,gate_redundancy,data/valid/circuit_0853_valid.qasm,data/buggy/circuit_0853_buggy.qasm,data/ground_truth/circuit_0853_ground_truth.qasm,"Gate redundancy: inserted two duplicate consecutive CNOT gates on (0, 1)"
circuit_0854,qft,4,semantic_deviation,data/valid/circuit_0854_valid.qasm,data/buggy/circuit_0854_buggy.qasm,data/ground_truth/circuit_0854_ground_truth.qasm,Semantic deviation: inverted rotation angle from 0.7853981633974483 to -0.7854 on cp
circuit_0855,qft,5,physics_violation,data/valid/circuit_0855_valid.qasm,data/buggy/circuit_0855_buggy.qasm,data/ground_truth/circuit_0855_ground_truth.qasm,"Physics violation: CNOT between non-connected physical qubits (0, 2) on FakeSherbrooke coupling graph"
circuit_0856,qft,5,syntax,data/valid/circuit_0856_valid.qasm,data/buggy/circuit_0856_buggy.qasm,data/ground_truth/circuit_0856_ground_truth.qasm,Syntax error: call to undefined gate 'unknown_quantum_op'
circuit_0857,qft,6,structural,data/valid/circuit_0857_valid.qasm,data/buggy/circuit_0857_buggy.qasm,data/ground_truth/circuit_0857_ground_truth.qasm,Structural error: omitted cp gate at instruction index 2
circuit_0858,qft,6,gate_redundancy,data/valid/circuit_0858_valid.qasm,data/buggy/circuit_0858_buggy.qasm,data/ground_truth/circuit_0858_ground_truth.qasm,"Gate redundancy: inserted two duplicate consecutive CNOT gates on (0, 1)"
circuit_0859,qft,4,semantic_deviation,data/valid/circuit_0859_valid.qasm,data/buggy/circuit_0859_buggy.qasm,data/ground_truth/circuit_0859_ground_truth.qasm,Semantic deviation: shifted rotation parameter by pi/2 on cp
circuit_0860,qft,6,physics_violation,data/valid/circuit_0860_valid.qasm,data/buggy/circuit_0860_buggy.qasm,data/ground_truth/circuit_0860_ground_truth.qasm,Physics violation: uncalibrated gate delay of 1200us exceeds qubit T2 coherence limit (~150us)
circuit_0861,qft,5,syntax,data/valid/circuit_0861_valid.qasm,data/buggy/circuit_0861_buggy.qasm,data/ground_truth/circuit_0861_ground_truth.qasm,Syntax error: missing semicolon on line 3
circuit_0862,qft,5,structural,data/valid/circuit_0862_valid.qasm,data/buggy/circuit_0862_buggy.qasm,data/ground_truth/circuit_0862_ground_truth.qasm,Structural error: shifted h from qubit 4 to qubit 0
circuit_0863,qft,4,gate_redundancy,data/valid/circuit_0863_valid.qasm,data/buggy/circuit_0863_buggy.qasm,data/ground_truth/circuit_0863_ground_truth.qasm,"Gate redundancy: inserted two duplicate consecutive CNOT gates on (0, 1)"
circuit_0864,qft,5,semantic_deviation,data/valid/circuit_0864_valid.qasm,data/buggy/circuit_0864_buggy.qasm,data/ground_truth/circuit_0864_ground_truth.qasm,Semantic deviation: shifted rotation parameter by pi/2 on cp
circuit_0865,qft,5,physics_violation,data/valid/circuit_0865_valid.qasm,data/buggy/circuit_0865_buggy.qasm,data/ground_truth/circuit_0865_ground_truth.qasm,Physics violation: uncalibrated gate delay of 1200us exceeds qubit T2 coherence limit (~150us)
circuit_0866,qft,5,syntax,data/valid/circuit_0866_valid.qasm,data/buggy/circuit_0866_buggy.qasm,data/ground_truth/circuit_0866_ground_truth.qasm,Syntax error: missing semicolon on line 3
circuit_0867,qft,5,structural,data/valid/circuit_0867_valid.qasm,data/buggy/circuit_0867_buggy.qasm,data/ground_truth/circuit_0867_ground_truth.qasm,Structural error: omitted h gate at instruction index 12
circuit_0868,qft,6,gate_redundancy,data/valid/circuit_0868_valid.qasm,data/buggy/circuit_0868_buggy.qasm,data/ground_truth/circuit_0868_ground_truth.qasm,"Gate redundancy: inserted two duplicate consecutive CNOT gates on (0, 1)"
circuit_0869,qft,6,semantic_deviation,data/valid/circuit_0869_valid.qasm,data/buggy/circuit_0869_buggy.qasm,data/ground_truth/circuit_0869_ground_truth.qasm,Semantic deviation: shifted rotation parameter by pi/2 on cp
circuit_0870,qft,6,physics_violation,data/valid/circuit_0870_valid.qasm,data/buggy/circuit_0870_buggy.qasm,data/ground_truth/circuit_0870_ground_truth.qasm,Physics violation: uncalibrated gate delay of 1200us exceeds qubit T2 coherence limit (~150us)
circuit_0871,qft,6,syntax,data/valid/circuit_0871_valid.qasm,data/buggy/circuit_0871_buggy.qasm,data/ground_truth/circuit_0871_ground_truth.qasm,Syntax error: missing semicolon on line 3
circuit_0872,qft,6,structural,data/valid/circuit_0872_valid.qasm,data/buggy/circuit_0872_buggy.qasm,data/ground_truth/circuit_0872_ground_truth.qasm,Structural error: omitted cp gate at instruction index 9
circuit_0873,qft,4,gate_redundancy,data/valid/circuit_0873_valid.qasm,data/buggy/circuit_0873_buggy.qasm,data/ground_truth/circuit_0873_ground_truth.qasm,Gate redundancy: inserted two consecutive self-canceling X gates on qubit 2
circuit_0874,qft,5,semantic_deviation,data/valid/circuit_0874_valid.qasm,data/buggy/circuit_0874_buggy.qasm,data/ground_truth/circuit_0874_ground_truth.qasm,Semantic deviation: inverted rotation angle from 1.5707963267948966 to -1.5708 on cp
circuit_0875,qft,4,physics_violation,data/valid/circuit_0875_valid.qasm,data/buggy/circuit_0875_buggy.qasm,data/ground_truth/circuit_0875_ground_truth.qasm,"Physics violation: CNOT between non-connected physical qubits (0, 2) on FakeSherbrooke coupling graph"
circuit_0876,qft,5,syntax,data/valid/circuit_0876_valid.qasm,data/buggy/circuit_0876_buggy.qasm,data/ground_truth/circuit_0876_ground_truth.qasm,Syntax error: call to undefined gate 'unknown_quantum_op'
circuit_0877,qft,5,structural,data/valid/circuit_0877_valid.qasm,data/buggy/circuit_0877_buggy.qasm,data/ground_truth/circuit_0877_ground_truth.qasm,Structural error: shifted h from qubit 4 to qubit 0
circuit_0878,qft,5,gate_redundancy,data/valid/circuit_0878_valid.qasm,data/buggy/circuit_0878_buggy.qasm,data/ground_truth/circuit_0878_ground_truth.qasm,"Gate redundancy: inserted two duplicate consecutive CNOT gates on (0, 1)"
circuit_0879,qft,4,semantic_deviation,data/valid/circuit_0879_valid.qasm,data/buggy/circuit_0879_buggy.qasm,data/ground_truth/circuit_0879_ground_truth.qasm,Semantic deviation: shifted rotation parameter by pi/2 on cp
circuit_0880,qft,5,physics_violation,data/valid/circuit_0880_valid.qasm,data/buggy/circuit_0880_buggy.qasm,data/ground_truth/circuit_0880_ground_truth.qasm,"Physics violation: CNOT between non-connected physical qubits (0, 2) on FakeSherbrooke coupling graph"
circuit_0881,qft,5,syntax,data/valid/circuit_0881_valid.qasm,data/buggy/circuit_0881_buggy.qasm,data/ground_truth/circuit_0881_ground_truth.qasm,Syntax error: call to undefined gate 'unknown_quantum_op'
circuit_0882,qft,6,structural,data/valid/circuit_0882_valid.qasm,data/buggy/circuit_0882_buggy.qasm,data/ground_truth/circuit_0882_ground_truth.qasm,Structural error: shifted h from qubit 2 to qubit 3
circuit_0883,qft,6,gate_redundancy,data/valid/circuit_0883_valid.qasm,data/buggy/circuit_0883_buggy.qasm,data/ground_truth/circuit_0883_ground_truth.qasm,Gate redundancy: inserted two consecutive self-canceling X gates on qubit 5
circuit_0884,qft,5,semantic_deviation,data/valid/circuit_0884_valid.qasm,data/buggy/circuit_0884_buggy.qasm,data/ground_truth/circuit_0884_ground_truth.qasm,Semantic deviation: inverted rotation angle from 0.39269908169872414 to -0.3927 on cp
circuit_0885,qft,6,physics_violation,data/valid/circuit_0885_valid.qasm,data/buggy/circuit_0885_buggy.qasm,data/ground_truth/circuit_0885_ground_truth.qasm,"Physics violation: CNOT between non-connected physical qubits (0, 2) on FakeSherbrooke coupling graph"
circuit_0886,qft,4,syntax,data/valid/circuit_0886_valid.qasm,data/buggy/circuit_0886_buggy.qasm,data/ground_truth/circuit_0886_ground_truth.qasm,Syntax error: unclosed bracket on line 3
circuit_0887,qft,5,structural,data/valid/circuit_0887_valid.qasm,data/buggy/circuit_0887_buggy.qasm,data/ground_truth/circuit_0887_ground_truth.qasm,Structural error: omitted swap gate at instruction index 16
circuit_0888,qft,4,gate_redundancy,data/valid/circuit_0888_valid.qasm,data/buggy/circuit_0888_buggy.qasm,data/ground_truth/circuit_0888_ground_truth.qasm,"Gate redundancy: inserted two duplicate consecutive CNOT gates on (0, 1)"
circuit_0889,qft,6,semantic_deviation,data/valid/circuit_0889_valid.qasm,data/buggy/circuit_0889_buggy.qasm,data/ground_truth/circuit_0889_ground_truth.qasm,Semantic deviation: shifted rotation parameter by pi/2 on cp
circuit_0890,qft,6,physics_violation,data/valid/circuit_0890_valid.qasm,data/buggy/circuit_0890_buggy.qasm,data/ground_truth/circuit_0890_ground_truth.qasm,"Physics violation: CNOT between non-connected physical qubits (0, 2) on FakeSherbrooke coupling graph"
circuit_0891,qft,4,syntax,data/valid/circuit_0891_valid.qasm,data/buggy/circuit_0891_buggy.qasm,data/ground_truth/circuit_0891_ground_truth.qasm,Syntax error: unknown keyword 'qbit_invalid' on line 3
circuit_0892,qft,5,structural,data/valid/circuit_0892_valid.qasm,data/buggy/circuit_0892_buggy.qasm,data/ground_truth/circuit_0892_ground_truth.qasm,Structural error: reversed control and target qubits on cp gate
circuit_0893,qft,6,gate_redundancy,data/valid/circuit_0893_valid.qasm,data/buggy/circuit_0893_buggy.qasm,data/ground_truth/circuit_0893_ground_truth.qasm,"Gate redundancy: inserted two duplicate consecutive CNOT gates on (0, 1)"
circuit_0894,qft,6,semantic_deviation,data/valid/circuit_0894_valid.qasm,data/buggy/circuit_0894_buggy.qasm,data/ground_truth/circuit_0894_ground_truth.qasm,Semantic deviation: shifted rotation parameter by pi/2 on cp
circuit_0895,qft,6,physics_violation,data/valid/circuit_0895_valid.qasm,data/buggy/circuit_0895_buggy.qasm,data/ground_truth/circuit_0895_ground_truth.qasm,"Physics violation: CNOT between non-connected physical qubits (0, 2) on FakeSherbrooke coupling graph"
circuit_0896,qft,4,syntax,data/valid/circuit_0896_valid.qasm,data/buggy/circuit_0896_buggy.qasm,data/ground_truth/circuit_0896_ground_truth.qasm,Syntax error: call to undefined gate 'unknown_quantum_op'
circuit_0897,qft,4,structural,data/valid/circuit_0897_valid.qasm,data/buggy/circuit_0897_buggy.qasm,data/ground_truth/circuit_0897_ground_truth.qasm,Structural error: omitted cp gate at instruction index 2
circuit_0898,qft,6,gate_redundancy,data/valid/circuit_0898_valid.qasm,data/buggy/circuit_0898_buggy.qasm,data/ground_truth/circuit_0898_ground_truth.qasm,Gate redundancy: inserted two consecutive self-canceling H gates on qubit 0
circuit_0899,qft,5,semantic_deviation,data/valid/circuit_0899_valid.qasm,data/buggy/circuit_0899_buggy.qasm,data/ground_truth/circuit_0899_ground_truth.qasm,Semantic deviation: shifted rotation parameter by pi/2 on cp
circuit_0900,qft,4,physics_violation,data/valid/circuit_0900_valid.qasm,data/buggy/circuit_0900_buggy.qasm,data/ground_truth/circuit_0900_ground_truth.qasm,Physics violation: uncalibrated gate delay of 1200us exceeds qubit T2 coherence limit (~150us)
circuit_0901,qft,5,syntax,data/valid/circuit_0901_valid.qasm,data/buggy/circuit_0901_buggy.qasm,data/ground_truth/circuit_0901_ground_truth.qasm,Syntax error: unknown keyword 'qbit_invalid' on line 3
circuit_0902,qft,4,structural,data/valid/circuit_0902_valid.qasm,data/buggy/circuit_0902_buggy.qasm,data/ground_truth/circuit_0902_ground_truth.qasm,Structural error: omitted cp gate at instruction index 5
circuit_0903,qft,4,gate_redundancy,data/valid/circuit_0903_valid.qasm,data/buggy/circuit_0903_buggy.qasm,data/ground_truth/circuit_0903_ground_truth.qasm,Gate redundancy: inserted two consecutive self-canceling H gates on qubit 1
circuit_0904,qft,5,semantic_deviation,data/valid/circuit_0904_valid.qasm,data/buggy/circuit_0904_buggy.qasm,data/ground_truth/circuit_0904_ground_truth.qasm,Semantic deviation: shifted rotation parameter by pi/2 on cp
circuit_0905,qft,5,physics_violation,data/valid/circuit_0905_valid.qasm,data/buggy/circuit_0905_buggy.qasm,data/ground_truth/circuit_0905_ground_truth.qasm,"Physics violation: CNOT between non-connected physical qubits (0, 2) on FakeSherbrooke coupling graph"
circuit_0906,qft,5,syntax,data/valid/circuit_0906_valid.qasm,data/buggy/circuit_0906_buggy.qasm,data/ground_truth/circuit_0906_ground_truth.qasm,Syntax error: unclosed bracket on line 3
circuit_0907,qft,4,structural,data/valid/circuit_0907_valid.qasm,data/buggy/circuit_0907_buggy.qasm,data/ground_truth/circuit_0907_ground_truth.qasm,Structural error: reversed control and target qubits on cp gate
circuit_0908,qft,5,gate_redundancy,data/valid/circuit_0908_valid.qasm,data/buggy/circuit_0908_buggy.qasm,data/ground_truth/circuit_0908_ground_truth.qasm,Gate redundancy: inserted two consecutive self-canceling X gates on qubit 3
circuit_0909,qft,5,semantic_deviation,data/valid/circuit_0909_valid.qasm,data/buggy/circuit_0909_buggy.qasm,data/ground_truth/circuit_0909_ground_truth.qasm,Semantic deviation: shifted rotation parameter by pi/2 on cp
circuit_0910,qft,5,physics_violation,data/valid/circuit_0910_valid.qasm,data/buggy/circuit_0910_buggy.qasm,data/ground_truth/circuit_0910_ground_truth.qasm,"Physics violation: CNOT between non-connected physical qubits (0, 2) on FakeSherbrooke coupling graph"
circuit_0911,qft,5,syntax,data/valid/circuit_0911_valid.qasm,data/buggy/circuit_0911_buggy.qasm,data/ground_truth/circuit_0911_ground_truth.qasm,Syntax error: missing semicolon on line 3
circuit_0912,qft,5,structural,data/valid/circuit_0912_valid.qasm,data/buggy/circuit_0912_buggy.qasm,data/ground_truth/circuit_0912_ground_truth.qasm,Structural error: omitted cp gate at instruction index 1
circuit_0913,qft,5,gate_redundancy,data/valid/circuit_0913_valid.qasm,data/buggy/circuit_0913_buggy.qasm,data/ground_truth/circuit_0913_ground_truth.qasm,"Gate redundancy: inserted two duplicate consecutive CNOT gates on (0, 1)"
circuit_0914,qft,5,semantic_deviation,data/valid/circuit_0914_valid.qasm,data/buggy/circuit_0914_buggy.qasm,data/ground_truth/circuit_0914_ground_truth.qasm,Semantic deviation: inverted rotation angle from 0.39269908169872414 to -0.3927 on cp
circuit_0915,qft,4,physics_violation,data/valid/circuit_0915_valid.qasm,data/buggy/circuit_0915_buggy.qasm,data/ground_truth/circuit_0915_ground_truth.qasm,Physics violation: uncalibrated gate delay of 1200us exceeds qubit T2 coherence limit (~150us)
circuit_0916,qft,5,syntax,data/valid/circuit_0916_valid.qasm,data/buggy/circuit_0916_buggy.qasm,data/ground_truth/circuit_0916_ground_truth.qasm,Syntax error: unclosed bracket on line 3
circuit_0917,qft,4,structural,data/valid/circuit_0917_valid.qasm,data/buggy/circuit_0917_buggy.qasm,data/ground_truth/circuit_0917_ground_truth.qasm,Structural error: reversed control and target qubits on cp gate
circuit_0918,qft,6,gate_redundancy,data/valid/circuit_0918_valid.qasm,data/buggy/circuit_0918_buggy.qasm,data/ground_truth/circuit_0918_ground_truth.qasm,Gate redundancy: inserted two consecutive self-canceling H gates on qubit 1
circuit_0919,qft,6,semantic_deviation,data/valid/circuit_0919_valid.qasm,data/buggy/circuit_0919_buggy.qasm,data/ground_truth/circuit_0919_ground_truth.qasm,Semantic deviation: inverted rotation angle from 0.7853981633974483 to -0.7854 on cp
circuit_0920,qft,4,physics_violation,data/valid/circuit_0920_valid.qasm,data/buggy/circuit_0920_buggy.qasm,data/ground_truth/circuit_0920_ground_truth.qasm,Physics violation: uncalibrated gate delay of 1200us exceeds qubit T2 coherence limit (~150us)
circuit_0921,qft,5,syntax,data/valid/circuit_0921_valid.qasm,data/buggy/circuit_0921_buggy.qasm,data/ground_truth/circuit_0921_ground_truth.qasm,Syntax error: unclosed bracket on line 3
circuit_0922,qft,4,structural,data/valid/circuit_0922_valid.qasm,data/buggy/circuit_0922_buggy.qasm,data/ground_truth/circuit_0922_ground_truth.qasm,Structural error: shifted h from qubit 3 to qubit 0
circuit_0923,qft,6,gate_redundancy,data/valid/circuit_0923_valid.qasm,data/buggy/circuit_0923_buggy.qasm,data/ground_truth/circuit_0923_ground_truth.qasm,Gate redundancy: inserted two consecutive self-canceling X gates on qubit 2
circuit_0924,qft,4,semantic_deviation,data/valid/circuit_0924_valid.qasm,data/buggy/circuit_0924_buggy.qasm,data/ground_truth/circuit_0924_ground_truth.qasm,Semantic deviation: shifted rotation parameter by pi/2 on cp
circuit_0925,qft,6,physics_violation,data/valid/circuit_0925_valid.qasm,data/buggy/circuit_0925_buggy.qasm,data/ground_truth/circuit_0925_ground_truth.qasm,"Physics violation: CNOT between non-connected physical qubits (0, 2) on FakeSherbrooke coupling graph"
circuit_0926,qft,4,syntax,data/valid/circuit_0926_valid.qasm,data/buggy/circuit_0926_buggy.qasm,data/ground_truth/circuit_0926_ground_truth.qasm,Syntax error: missing semicolon on line 3
circuit_0927,qft,4,structural,data/valid/circuit_0927_valid.qasm,data/buggy/circuit_0927_buggy.qasm,data/ground_truth/circuit_0927_ground_truth.qasm,Structural error: reversed control and target qubits on cp gate
circuit_0928,qft,4,gate_redundancy,data/valid/circuit_0928_valid.qasm,data/buggy/circuit_0928_buggy.qasm,data/ground_truth/circuit_0928_ground_truth.qasm,Gate redundancy: inserted two consecutive self-canceling H gates on qubit 0
circuit_0929,qft,4,semantic_deviation,data/valid/circuit_0929_valid.qasm,data/buggy/circuit_0929_buggy.qasm,data/ground_truth/circuit_0929_ground_truth.qasm,Semantic deviation: inverted rotation angle from 0.39269908169872414 to -0.3927 on cp
circuit_0930,qft,4,physics_violation,data/valid/circuit_0930_valid.qasm,data/buggy/circuit_0930_buggy.qasm,data/ground_truth/circuit_0930_ground_truth.qasm,"Physics violation: CNOT between non-connected physical qubits (0, 2) on FakeSherbrooke coupling graph"
circuit_0931,qft,6,syntax,data/valid/circuit_0931_valid.qasm,data/buggy/circuit_0931_buggy.qasm,data/ground_truth/circuit_0931_ground_truth.qasm,Syntax error: unknown keyword 'qbit_invalid' on line 3
circuit_0932,qft,4,structural,data/valid/circuit_0932_valid.qasm,data/buggy/circuit_0932_buggy.qasm,data/ground_truth/circuit_0932_ground_truth.qasm,Structural error: reversed control and target qubits on cp gate
circuit_0933,qft,4,gate_redundancy,data/valid/circuit_0933_valid.qasm,data/buggy/circuit_0933_buggy.qasm,data/ground_truth/circuit_0933_ground_truth.qasm,Gate redundancy: inserted two consecutive self-canceling H gates on qubit 0
circuit_0934,qft,4,semantic_deviation,data/valid/circuit_0934_valid.qasm,data/buggy/circuit_0934_buggy.qasm,data/ground_truth/circuit_0934_ground_truth.qasm,Semantic deviation: inverted rotation angle from 0.39269908169872414 to -0.3927 on cp
circuit_0935,qft,5,physics_violation,data/valid/circuit_0935_valid.qasm,data/buggy/circuit_0935_buggy.qasm,data/ground_truth/circuit_0935_ground_truth.qasm,"Physics violation: CNOT between non-connected physical qubits (0, 2) on FakeSherbrooke coupling graph"
circuit_0936,qft,6,syntax,data/valid/circuit_0936_valid.qasm,data/buggy/circuit_0936_buggy.qasm,data/ground_truth/circuit_0936_ground_truth.qasm,Syntax error: unknown keyword 'qbit_invalid' on line 3
circuit_0937,qft,4,structural,data/valid/circuit_0937_valid.qasm,data/buggy/circuit_0937_buggy.qasm,data/ground_truth/circuit_0937_ground_truth.qasm,Structural error: reversed control and target qubits on cp gate
circuit_0938,qft,6,gate_redundancy,data/valid/circuit_0938_valid.qasm,data/buggy/circuit_0938_buggy.qasm,data/ground_truth/circuit_0938_ground_truth.qasm,Gate redundancy: inserted two consecutive self-canceling H gates on qubit 1
circuit_0939,qft,4,semantic_deviation,data/valid/circuit_0939_valid.qasm,data/buggy/circuit_0939_buggy.qasm,data/ground_truth/circuit_0939_ground_truth.qasm,Semantic deviation: inverted rotation angle from 0.7853981633974483 to -0.7854 on cp
circuit_0940,qft,5,physics_violation,data/valid/circuit_0940_valid.qasm,data/buggy/circuit_0940_buggy.qasm,data/ground_truth/circuit_0940_ground_truth.qasm,"Physics violation: CNOT between non-connected physical qubits (0, 2) on FakeSherbrooke coupling graph"
circuit_0941,qft,6,syntax,data/valid/circuit_0941_valid.qasm,data/buggy/circuit_0941_buggy.qasm,data/ground_truth/circuit_0941_ground_truth.qasm,Syntax error: call to undefined gate 'unknown_quantum_op'
circuit_0942,qft,5,structural,data/valid/circuit_0942_valid.qasm,data/buggy/circuit_0942_buggy.qasm,data/ground_truth/circuit_0942_ground_truth.qasm,Structural error: shifted h from qubit 0 to qubit 1
circuit_0943,qft,5,gate_redundancy,data/valid/circuit_0943_valid.qasm,data/buggy/circuit_0943_buggy.qasm,data/ground_truth/circuit_0943_ground_truth.qasm,Gate redundancy: inserted two consecutive self-canceling H gates on qubit 2
circuit_0944,qft,4,semantic_deviation,data/valid/circuit_0944_valid.qasm,data/buggy/circuit_0944_buggy.qasm,data/ground_truth/circuit_0944_ground_truth.qasm,Semantic deviation: inverted rotation angle from 1.5707963267948966 to -1.5708 on cp
circuit_0945,qft,6,physics_violation,data/valid/circuit_0945_valid.qasm,data/buggy/circuit_0945_buggy.qasm,data/ground_truth/circuit_0945_ground_truth.qasm,"Physics violation: CNOT between non-connected physical qubits (0, 2) on FakeSherbrooke coupling graph"
circuit_0946,qft,6,syntax,data/valid/circuit_0946_valid.qasm,data/buggy/circuit_0946_buggy.qasm,data/ground_truth/circuit_0946_ground_truth.qasm,Syntax error: unclosed bracket on line 3
circuit_0947,qft,6,structural,data/valid/circuit_0947_valid.qasm,data/buggy/circuit_0947_buggy.qasm,data/ground_truth/circuit_0947_ground_truth.qasm,Structural error: omitted cp gate at instruction index 4
circuit_0948,qft,6,gate_redundancy,data/valid/circuit_0948_valid.qasm,data/buggy/circuit_0948_buggy.qasm,data/ground_truth/circuit_0948_ground_truth.qasm,"Gate redundancy: inserted two duplicate consecutive CNOT gates on (0, 1)"
circuit_0949,qft,4,semantic_deviation,data/valid/circuit_0949_valid.qasm,data/buggy/circuit_0949_buggy.qasm,data/ground_truth/circuit_0949_ground_truth.qasm,Semantic deviation: shifted rotation parameter by pi/2 on cp
circuit_0950,qft,4,physics_violation,data/valid/circuit_0950_valid.qasm,data/buggy/circuit_0950_buggy.qasm,data/ground_truth/circuit_0950_ground_truth.qasm,"Physics violation: CNOT between non-connected physical qubits (0, 2) on FakeSherbrooke coupling graph"
circuit_0951,qft,5,syntax,data/valid/circuit_0951_valid.qasm,data/buggy/circuit_0951_buggy.qasm,data/ground_truth/circuit_0951_ground_truth.qasm,Syntax error: missing semicolon on line 3
circuit_0952,qft,4,structural,data/valid/circuit_0952_valid.qasm,data/buggy/circuit_0952_buggy.qasm,data/ground_truth/circuit_0952_ground_truth.qasm,Structural error: omitted cp gate at instruction index 8
circuit_0953,qft,6,gate_redundancy,data/valid/circuit_0953_valid.qasm,data/buggy/circuit_0953_buggy.qasm,data/ground_truth/circuit_0953_ground_truth.qasm,Gate redundancy: inserted two consecutive self-canceling X gates on qubit 5
circuit_0954,qft,4,semantic_deviation,data/valid/circuit_0954_valid.qasm,data/buggy/circuit_0954_buggy.qasm,data/ground_truth/circuit_0954_ground_truth.qasm,Semantic deviation: shifted rotation parameter by pi/2 on cp
circuit_0955,qft,5,physics_violation,data/valid/circuit_0955_valid.qasm,data/buggy/circuit_0955_buggy.qasm,data/ground_truth/circuit_0955_ground_truth.qasm,Physics violation: uncalibrated gate delay of 1200us exceeds qubit T2 coherence limit (~150us)
circuit_0956,qft,6,syntax,data/valid/circuit_0956_valid.qasm,data/buggy/circuit_0956_buggy.qasm,data/ground_truth/circuit_0956_ground_truth.qasm,Syntax error: unknown keyword 'qbit_invalid' on line 3
circuit_0957,qft,6,structural,data/valid/circuit_0957_valid.qasm,data/buggy/circuit_0957_buggy.qasm,data/ground_truth/circuit_0957_ground_truth.qasm,Structural error: shifted h from qubit 0 to qubit 1
circuit_0958,qft,5,gate_redundancy,data/valid/circuit_0958_valid.qasm,data/buggy/circuit_0958_buggy.qasm,data/ground_truth/circuit_0958_ground_truth.qasm,Gate redundancy: inserted two consecutive self-canceling H gates on qubit 3
circuit_0959,qft,5,semantic_deviation,data/valid/circuit_0959_valid.qasm,data/buggy/circuit_0959_buggy.qasm,data/ground_truth/circuit_0959_ground_truth.qasm,Semantic deviation: inverted rotation angle from 1.5707963267948966 to -1.5708 on cp
circuit_0960,qft,6,physics_violation,data/valid/circuit_0960_valid.qasm,data/buggy/circuit_0960_buggy.qasm,data/ground_truth/circuit_0960_ground_truth.qasm,Physics violation: uncalibrated gate delay of 1200us exceeds qubit T2 coherence limit (~150us)
circuit_0961,qft,4,syntax,data/valid/circuit_0961_valid.qasm,data/buggy/circuit_0961_buggy.qasm,data/ground_truth/circuit_0961_ground_truth.qasm,Syntax error: call to undefined gate 'unknown_quantum_op'
circuit_0962,qft,4,structural,data/valid/circuit_0962_valid.qasm,data/buggy/circuit_0962_buggy.qasm,data/ground_truth/circuit_0962_ground_truth.qasm,Structural error: reversed control and target qubits on cp gate
circuit_0963,qft,6,gate_redundancy,data/valid/circuit_0963_valid.qasm,data/buggy/circuit_0963_buggy.qasm,data/ground_truth/circuit_0963_ground_truth.qasm,Gate redundancy: inserted two consecutive self-canceling H gates on qubit 4
circuit_0964,qft,6,semantic_deviation,data/valid/circuit_0964_valid.qasm,data/buggy/circuit_0964_buggy.qasm,data/ground_truth/circuit_0964_ground_truth.qasm,Semantic deviation: inverted rotation angle from 1.5707963267948966 to -1.5708 on cp
circuit_0965,qft,6,physics_violation,data/valid/circuit_0965_valid.qasm,data/buggy/circuit_0965_buggy.qasm,data/ground_truth/circuit_0965_ground_truth.qasm,"Physics violation: CNOT between non-connected physical qubits (0, 2) on FakeSherbrooke coupling graph"
circuit_0966,qft,4,syntax,data/valid/circuit_0966_valid.qasm,data/buggy/circuit_0966_buggy.qasm,data/ground_truth/circuit_0966_ground_truth.qasm,Syntax error: call to undefined gate 'unknown_quantum_op'
circuit_0967,qft,4,structural,data/valid/circuit_0967_valid.qasm,data/buggy/circuit_0967_buggy.qasm,data/ground_truth/circuit_0967_ground_truth.qasm,Structural error: omitted h gate at instruction index 0
circuit_0968,qft,6,gate_redundancy,data/valid/circuit_0968_valid.qasm,data/buggy/circuit_0968_buggy.qasm,data/ground_truth/circuit_0968_ground_truth.qasm,"Gate redundancy: inserted two duplicate consecutive CNOT gates on (0, 1)"
circuit_0969,qft,5,semantic_deviation,data/valid/circuit_0969_valid.qasm,data/buggy/circuit_0969_buggy.qasm,data/ground_truth/circuit_0969_ground_truth.qasm,Semantic deviation: shifted rotation parameter by pi/2 on cp
circuit_0970,qft,6,physics_violation,data/valid/circuit_0970_valid.qasm,data/buggy/circuit_0970_buggy.qasm,data/ground_truth/circuit_0970_ground_truth.qasm,Physics violation: uncalibrated gate delay of 1200us exceeds qubit T2 coherence limit (~150us)
circuit_0971,qft,6,syntax,data/valid/circuit_0971_valid.qasm,data/buggy/circuit_0971_buggy.qasm,data/ground_truth/circuit_0971_ground_truth.qasm,Syntax error: call to undefined gate 'unknown_quantum_op'
circuit_0972,qft,4,structural,data/valid/circuit_0972_valid.qasm,data/buggy/circuit_0972_buggy.qasm,data/ground_truth/circuit_0972_ground_truth.qasm,Structural error: shifted h from qubit 0 to qubit 1
circuit_0973,qft,6,gate_redundancy,data/valid/circuit_0973_valid.qasm,data/buggy/circuit_0973_buggy.qasm,data/ground_truth/circuit_0973_ground_truth.qasm,Gate redundancy: inserted two consecutive self-canceling X gates on qubit 2
circuit_0974,qft,4,semantic_deviation,data/valid/circuit_0974_valid.qasm,data/buggy/circuit_0974_buggy.qasm,data/ground_truth/circuit_0974_ground_truth.qasm,Semantic deviation: shifted rotation parameter by pi/2 on cp
circuit_0975,qft,5,physics_violation,data/valid/circuit_0975_valid.qasm,data/buggy/circuit_0975_buggy.qasm,data/ground_truth/circuit_0975_ground_truth.qasm,Physics violation: uncalibrated gate delay of 1200us exceeds qubit T2 coherence limit (~150us)
circuit_0976,qft,6,syntax,data/valid/circuit_0976_valid.qasm,data/buggy/circuit_0976_buggy.qasm,data/ground_truth/circuit_0976_ground_truth.qasm,Syntax error: call to undefined gate 'unknown_quantum_op'
circuit_0977,qft,5,structural,data/valid/circuit_0977_valid.qasm,data/buggy/circuit_0977_buggy.qasm,data/ground_truth/circuit_0977_ground_truth.qasm,Structural error: omitted cp gate at instruction index 10
circuit_0978,qft,6,gate_redundancy,data/valid/circuit_0978_valid.qasm,data/buggy/circuit_0978_buggy.qasm,data/ground_truth/circuit_0978_ground_truth.qasm,Gate redundancy: inserted two consecutive self-canceling X gates on qubit 3
circuit_0979,qft,5,semantic_deviation,data/valid/circuit_0979_valid.qasm,data/buggy/circuit_0979_buggy.qasm,data/ground_truth/circuit_0979_ground_truth.qasm,Semantic deviation: inverted rotation angle from 0.7853981633974483 to -0.7854 on cp
circuit_0980,qft,4,physics_violation,data/valid/circuit_0980_valid.qasm,data/buggy/circuit_0980_buggy.qasm,data/ground_truth/circuit_0980_ground_truth.qasm,"Physics violation: CNOT between non-connected physical qubits (0, 2) on FakeSherbrooke coupling graph"
circuit_0981,qft,6,syntax,data/valid/circuit_0981_valid.qasm,data/buggy/circuit_0981_buggy.qasm,data/ground_truth/circuit_0981_ground_truth.qasm,Syntax error: call to undefined gate 'unknown_quantum_op'
circuit_0982,qft,6,structural,data/valid/circuit_0982_valid.qasm,data/buggy/circuit_0982_buggy.qasm,data/ground_truth/circuit_0982_ground_truth.qasm,Structural error: omitted h gate at instruction index 15
circuit_0983,qft,5,gate_redundancy,data/valid/circuit_0983_valid.qasm,data/buggy/circuit_0983_buggy.qasm,data/ground_truth/circuit_0983_ground_truth.qasm,Gate redundancy: inserted two consecutive self-canceling X gates on qubit 0
circuit_0984,qft,4,semantic_deviation,data/valid/circuit_0984_valid.qasm,data/buggy/circuit_0984_buggy.qasm,data/ground_truth/circuit_0984_ground_truth.qasm,Semantic deviation: shifted rotation parameter by pi/2 on cp
circuit_0985,qft,5,physics_violation,data/valid/circuit_0985_valid.qasm,data/buggy/circuit_0985_buggy.qasm,data/ground_truth/circuit_0985_ground_truth.qasm,"Physics violation: CNOT between non-connected physical qubits (0, 2) on FakeSherbrooke coupling graph"
circuit_0986,qft,5,syntax,data/valid/circuit_0986_valid.qasm,data/buggy/circuit_0986_buggy.qasm,data/ground_truth/circuit_0986_ground_truth.qasm,Syntax error: call to undefined gate 'unknown_quantum_op'
circuit_0987,qft,4,structural,data/valid/circuit_0987_valid.qasm,data/buggy/circuit_0987_buggy.qasm,data/ground_truth/circuit_0987_ground_truth.qasm,Structural error: shifted h from qubit 2 to qubit 3
circuit_0988,qft,5,gate_redundancy,data/valid/circuit_0988_valid.qasm,data/buggy/circuit_0988_buggy.qasm,data/ground_truth/circuit_0988_ground_truth.qasm,Gate redundancy: inserted two consecutive self-canceling X gates on qubit 4
circuit_0989,qft,5,semantic_deviation,data/valid/circuit_0989_valid.qasm,data/buggy/circuit_0989_buggy.qasm,data/ground_truth/circuit_0989_ground_truth.qasm,Semantic deviation: inverted rotation angle from 1.5707963267948966 to -1.5708 on cp
circuit_0990,qft,6,physics_violation,data/valid/circuit_0990_valid.qasm,data/buggy/circuit_0990_buggy.qasm,data/ground_truth/circuit_0990_ground_truth.qasm,Physics violation: uncalibrated gate delay of 1200us exceeds qubit T2 coherence limit (~150us)
circuit_0991,qft,5,syntax,data/valid/circuit_0991_valid.qasm,data/buggy/circuit_0991_buggy.qasm,data/ground_truth/circuit_0991_ground_truth.qasm,Syntax error: unknown keyword 'qbit_invalid' on line 3
circuit_0992,qft,6,structural,data/valid/circuit_0992_valid.qasm,data/buggy/circuit_0992_buggy.qasm,data/ground_truth/circuit_0992_ground_truth.qasm,Structural error: omitted h gate at instruction index 20
circuit_0993,qft,4,gate_redundancy,data/valid/circuit_0993_valid.qasm,data/buggy/circuit_0993_buggy.qasm,data/ground_truth/circuit_0993_ground_truth.qasm,"Gate redundancy: inserted two duplicate consecutive CNOT gates on (0, 1)"
circuit_0994,qft,5,semantic_deviation,data/valid/circuit_0994_valid.qasm,data/buggy/circuit_0994_buggy.qasm,data/ground_truth/circuit_0994_ground_truth.qasm,Semantic deviation: inverted rotation angle from 0.39269908169872414 to -0.3927 on cp
circuit_0995,qft,4,physics_violation,data/valid/circuit_0995_valid.qasm,data/buggy/circuit_0995_buggy.qasm,data/ground_truth/circuit_0995_ground_truth.qasm,"Physics violation: CNOT between non-connected physical qubits (0, 2) on FakeSherbrooke coupling graph"
circuit_0996,qft,6,syntax,data/valid/circuit_0996_valid.qasm,data/buggy/circuit_0996_buggy.qasm,data/ground_truth/circuit_0996_ground_truth.qasm,Syntax error: missing semicolon on line 3
circuit_0997,qft,6,structural,data/valid/circuit_0997_valid.qasm,data/buggy/circuit_0997_buggy.qasm,data/ground_truth/circuit_0997_ground_truth.qasm,Structural error: shifted h from qubit 5 to qubit 0
circuit_0998,qft,6,gate_redundancy,data/valid/circuit_0998_valid.qasm,data/buggy/circuit_0998_buggy.qasm,data/ground_truth/circuit_0998_ground_truth.qasm,Gate redundancy: inserted two consecutive self-canceling H gates on qubit 4
circuit_0999,qft,5,semantic_deviation,data/valid/circuit_0999_valid.qasm,data/buggy/circuit_0999_buggy.qasm,data/ground_truth/circuit_0999_ground_truth.qasm,Semantic deviation: inverted rotation angle from 1.5707963267948966 to -1.5708 on cp
circuit_1000,qft,6,physics_violation,data/valid/circuit_1000_valid.qasm,data/buggy/circuit_1000_buggy.qasm,data/ground_truth/circuit_1000_ground_truth.qasm,"Physics violation: CNOT between non-connected physical qubits (0, 2) on FakeSherbrooke coupling graph"
