circuit_id,circuit_type,num_qubits,bug_type,system_name,pass_at_1,pass_at_3,iterations_used,physics_validity,gate_count_reduction,depth_reduction,final_status
circuit_0001,ghz,3,syntax,physics_constrained_agent,1,1,1,1,2,2,PASS
circuit_0001,ghz,3,syntax,QBugLM_unconstrained,1,1,1,1,2,2,PASS
circuit_0001,ghz,3,syntax,PyZX_heuristic,0,0,1,0,0,0,FAIL
circuit_0002,ghz,3,structural,physics_constrained_agent,1,1,1,1,0,0,PASS
circuit_0002,ghz,3,structural,QBugLM_unconstrained,0,0,1,1,0,0,FAIL
circuit_0002,ghz,3,structural,PyZX_heuristic,0,0,1,1,-2,-1,FAIL
circuit_0003,ghz,5,gate_redundancy,physics_constrained_agent,1,1,1,1,2,0,PASS
circuit_0003,ghz,5,gate_redundancy,QBugLM_unconstrained,1,1,1,1,2,0,PASS
circuit_0003,ghz,5,gate_redundancy,PyZX_heuristic,1,1,1,1,-6,-4,PASS
circuit_0004,ghz,4,semantic_deviation,physics_constrained_agent,1,1,1,1,0,0,PASS
circuit_0004,ghz,4,semantic_deviation,QBugLM_unconstrained,0,0,1,1,0,0,FAIL
circuit_0004,ghz,4,semantic_deviation,PyZX_heuristic,0,0,1,1,-8,-5,FAIL
circuit_0005,ghz,4,physics_violation,physics_constrained_agent,1,1,1,1,1,0,PASS
circuit_0005,ghz,4,physics_violation,QBugLM_unconstrained,0,0,1,0,1,0,FAIL
circuit_0005,ghz,4,physics_violation,PyZX_heuristic,0,0,1,0,0,0,FAIL
circuit_0006,ghz,4,syntax,physics_constrained_agent,1,1,1,1,2,2,PASS
circuit_0006,ghz,4,syntax,QBugLM_unconstrained,0,0,1,0,0,0,FAIL
circuit_0006,ghz,4,syntax,PyZX_heuristic,0,0,1,0,0,0,FAIL
circuit_0007,ghz,3,structural,physics_constrained_agent,1,1,1,1,-1,-2,PASS
circuit_0007,ghz,3,structural,QBugLM_unconstrained,0,0,1,1,0,0,FAIL
circuit_0007,ghz,3,structural,PyZX_heuristic,0,0,1,1,-2,-2,FAIL
circuit_0008,ghz,7,gate_redundancy,physics_constrained_agent,1,1,1,1,2,0,PASS
circuit_0008,ghz,7,gate_redundancy,QBugLM_unconstrained,1,1,1,1,2,0,PASS
circuit_0008,ghz,7,gate_redundancy,PyZX_heuristic,1,1,1,1,-10,-6,PASS
circuit_0009,ghz,3,semantic_deviation,physics_constrained_agent,1,1,1,1,0,0,PASS
circuit_0009,ghz,3,semantic_deviation,QBugLM_unconstrained,0,0,1,1,0,0,FAIL
circuit_0009,ghz,3,semantic_deviation,PyZX_heuristic,0,0,1,1,-6,-4,FAIL
circuit_0010,ghz,7,physics_violation,physics_constrained_agent,1,1,1,1,1,0,PASS
circuit_0010,ghz,7,physics_violation,QBugLM_unconstrained,0,0,1,0,1,0,FAIL
circuit_0010,ghz,7,physics_violation,PyZX_heuristic,0,0,1,0,0,0,FAIL
circuit_0011,ghz,6,syntax,physics_constrained_agent,1,1,1,1,2,2,PASS
circuit_0011,ghz,6,syntax,QBugLM_unconstrained,1,1,1,1,2,2,PASS
circuit_0011,ghz,6,syntax,PyZX_heuristic,0,0,1,0,0,0,FAIL
circuit_0012,ghz,3,structural,physics_constrained_agent,1,1,1,1,-1,-2,PASS
circuit_0012,ghz,3,structural,QBugLM_unconstrained,0,0,1,1,0,0,FAIL
circuit_0012,ghz,3,structural,PyZX_heuristic,0,0,1,1,-2,-2,FAIL
circuit_0013,ghz,3,gate_redundancy,physics_constrained_agent,1,1,1,1,2,2,PASS
circuit_0013,ghz,3,gate_redundancy,QBugLM_unconstrained,1,1,1,1,2,2,PASS
circuit_0013,ghz,3,gate_redundancy,PyZX_heuristic,1,1,1,1,-2,0,PASS
circuit_0014,ghz,3,semantic_deviation,physics_constrained_agent,1,1,1,1,0,0,PASS
circuit_0014,ghz,3,semantic_deviation,QBugLM_unconstrained,0,0,1,1,0,0,FAIL
circuit_0014,ghz,3,semantic_deviation,PyZX_heuristic,0,0,1,1,-6,-4,FAIL
circuit_0015,ghz,4,physics_violation,physics_constrained_agent,0,1,2,1,1,1,PASS
circuit_0015,ghz,4,physics_violation,QBugLM_unconstrained,0,0,1,0,-2,-1,FAIL
circuit_0015,ghz,4,physics_violation,PyZX_heuristic,0,0,1,0,-7,-2,FAIL
circuit_0016,ghz,4,syntax,physics_constrained_agent,1,1,1,1,2,2,PASS
circuit_0016,ghz,4,syntax,QBugLM_unconstrained,1,1,1,1,2,2,PASS
circuit_0016,ghz,4,syntax,PyZX_heuristic,0,0,1,0,0,0,FAIL
circuit_0017,ghz,7,structural,physics_constrained_agent,1,1,1,1,-1,-1,PASS
circuit_0017,ghz,7,structural,QBugLM_unconstrained,0,0,1,1,0,0,FAIL
circuit_0017,ghz,7,structural,PyZX_heuristic,0,0,1,1,-14,-8,FAIL
circuit_0018,ghz,7,gate_redundancy,physics_constrained_agent,1,1,1,1,2,0,PASS
circuit_0018,ghz,7,gate_redundancy,QBugLM_unconstrained,1,1,1,1,2,0,PASS
circuit_0018,ghz,7,gate_redundancy,PyZX_heuristic,1,1,1,1,-10,-6,PASS
circuit_0019,ghz,3,semantic_deviation,physics_constrained_agent,1,1,1,1,0,0,PASS
circuit_0019,ghz,3,semantic_deviation,QBugLM_unconstrained,0,0,1,1,0,0,FAIL
circuit_0019,ghz,3,semantic_deviation,PyZX_heuristic,0,0,1,1,-6,-4,FAIL
circuit_0020,ghz,7,physics_violation,physics_constrained_agent,0,1,2,1,1,0,PASS
circuit_0020,ghz,7,physics_violation,QBugLM_unconstrained,0,0,1,0,-2,0,FAIL
circuit_0020,ghz,7,physics_violation,PyZX_heuristic,0,0,1,0,-13,-8,FAIL
circuit_0021,ghz,4,syntax,physics_constrained_agent,1,1,1,1,2,2,PASS
circuit_0021,ghz,4,syntax,QBugLM_unconstrained,1,1,1,1,2,2,PASS
circuit_0021,ghz,4,syntax,PyZX_heuristic,0,0,1,0,0,0,FAIL
circuit_0022,ghz,7,structural,physics_constrained_agent,1,1,1,1,0,0,PASS
circuit_0022,ghz,7,structural,QBugLM_unconstrained,0,0,1,1,0,0,FAIL
circuit_0022,ghz,7,structural,PyZX_heuristic,0,0,1,1,-12,-5,FAIL
circuit_0023,ghz,6,gate_redundancy,physics_constrained_agent,1,1,1,1,2,0,PASS
circuit_0023,ghz,6,gate_redundancy,QBugLM_unconstrained,1,1,1,1,2,0,PASS
circuit_0023,ghz,6,gate_redundancy,PyZX_heuristic,1,1,1,1,-8,-5,PASS
circuit_0024,ghz,4,semantic_deviation,physics_constrained_agent,1,1,1,1,0,0,PASS
circuit_0024,ghz,4,semantic_deviation,QBugLM_unconstrained,0,0,1,1,0,0,FAIL
circuit_0024,ghz,4,semantic_deviation,PyZX_heuristic,0,0,1,1,-8,-5,FAIL
circuit_0025,ghz,6,physics_violation,physics_constrained_agent,0,1,2,1,1,0,PASS
circuit_0025,ghz,6,physics_violation,QBugLM_unconstrained,0,0,1,0,-2,0,FAIL
circuit_0025,ghz,6,physics_violation,PyZX_heuristic,0,0,1,0,0,0,FAIL
circuit_0026,ghz,7,syntax,physics_constrained_agent,1,1,1,1,2,2,PASS
circuit_0026,ghz,7,syntax,QBugLM_unconstrained,1,1,1,1,2,2,PASS
circuit_0026,ghz,7,syntax,PyZX_heuristic,0,0,1,0,0,0,FAIL
circuit_0027,ghz,5,structural,physics_constrained_agent,1,1,1,1,0,0,PASS
circuit_0027,ghz,5,structural,QBugLM_unconstrained,0,0,1,1,0,0,FAIL
circuit_0027,ghz,5,structural,PyZX_heuristic,0,0,1,1,-8,-5,FAIL
circuit_0028,ghz,3,gate_redundancy,physics_constrained_agent,1,1,1,1,2,0,PASS
circuit_0028,ghz,3,gate_redundancy,QBugLM_unconstrained,1,1,1,1,2,0,PASS
circuit_0028,ghz,3,gate_redundancy,PyZX_heuristic,1,1,1,1,-2,-2,PASS
circuit_0029,ghz,4,semantic_deviation,physics_constrained_agent,1,1,1,1,0,0,PASS
circuit_0029,ghz,4,semantic_deviation,QBugLM_unconstrained,0,0,1,1,0,0,FAIL
circuit_0029,ghz,4,semantic_deviation,PyZX_heuristic,0,0,1,1,-8,-5,FAIL
circuit_0030,ghz,6,physics_violation,physics_constrained_agent,0,1,2,1,1,0,PASS
circuit_0030,ghz,6,physics_violation,QBugLM_unconstrained,0,0,1,0,-2,0,FAIL
circuit_0030,ghz,6,physics_violation,PyZX_heuristic,0,0,1,0,0,0,FAIL
circuit_0031,ghz,5,syntax,physics_constrained_agent,1,1,1,1,2,2,PASS
circuit_0031,ghz,5,syntax,QBugLM_unconstrained,0,0,1,0,0,0,FAIL
circuit_0031,ghz,5,syntax,PyZX_heuristic,0,0,1,0,0,0,FAIL
circuit_0032,ghz,5,structural,physics_constrained_agent,1,1,1,1,0,0,PASS
circuit_0032,ghz,5,structural,QBugLM_unconstrained,0,0,1,1,0,0,FAIL
circuit_0032,ghz,5,structural,PyZX_heuristic,0,0,1,1,-8,-5,FAIL
circuit_0033,ghz,4,gate_redundancy,physics_constrained_agent,1,1,1,1,2,2,PASS
circuit_0033,ghz,4,gate_redundancy,QBugLM_unconstrained,1,1,1,1,2,2,PASS
circuit_0033,ghz,4,gate_redundancy,PyZX_heuristic,1,1,1,1,-4,-1,PASS
circuit_0034,ghz,4,semantic_deviation,physics_constrained_agent,1,1,1,1,0,0,PASS
circuit_0034,ghz,4,semantic_deviation,QBugLM_unconstrained,0,0,1,1,0,0,FAIL
circuit_0034,ghz,4,semantic_deviation,PyZX_heuristic,0,0,1,1,-8,-5,FAIL
circuit_0035,ghz,5,physics_violation,physics_constrained_agent,1,1,1,1,1,0,PASS
circuit_0035,ghz,5,physics_violation,QBugLM_unconstrained,0,0,1,0,1,0,FAIL
circuit_0035,ghz,5,physics_violation,PyZX_heuristic,0,0,1,0,0,0,FAIL
circuit_0036,ghz,3,syntax,physics_constrained_agent,1,1,1,1,2,2,PASS
circuit_0036,ghz,3,syntax,QBugLM_unconstrained,1,1,1,1,2,2,PASS
circuit_0036,ghz,3,syntax,PyZX_heuristic,0,0,1,0,0,0,FAIL
circuit_0037,ghz,3,structural,physics_constrained_agent,1,1,1,1,-1,-2,PASS
circuit_0037,ghz,3,structural,QBugLM_unconstrained,0,0,1,1,0,0,FAIL
circuit_0037,ghz,3,structural,PyZX_heuristic,0,0,1,1,-2,-2,FAIL
circuit_0038,ghz,6,gate_redundancy,physics_constrained_agent,1,1,1,1,2,0,PASS
circuit_0038,ghz,6,gate_redundancy,QBugLM_unconstrained,1,1,1,1,2,0,PASS
circuit_0038,ghz,6,gate_redundancy,PyZX_heuristic,1,1,1,1,-8,-5,PASS
circuit_0039,ghz,3,semantic_deviation,physics_constrained_agent,1,1,1,1,0,0,PASS
circuit_0039,ghz,3,semantic_deviation,QBugLM_unconstrained,0,0,1,1,0,0,FAIL
circuit_0039,ghz,3,semantic_deviation,PyZX_heuristic,0,0,1,1,-6,-4,FAIL
circuit_0040,ghz,5,physics_violation,physics_constrained_agent,0,1,2,1,1,0,PASS
circuit_0040,ghz,5,physics_violation,QBugLM_unconstrained,0,0,1,0,-2,-1,FAIL
circuit_0040,ghz,5,physics_violation,PyZX_heuristic,0,0,1,0,-9,-6,FAIL
circuit_0041,ghz,5,syntax,physics_constrained_agent,1,1,1,1,2,2,PASS
circuit_0041,ghz,5,syntax,QBugLM_unconstrained,1,1,1,1,2,2,PASS
circuit_0041,ghz,5,syntax,PyZX_heuristic,0,0,1,0,0,0,FAIL
circuit_0042,ghz,7,structural,physics_constrained_agent,1,1,1,1,0,0,PASS
circuit_0042,ghz,7,structural,QBugLM_unconstrained,0,0,1,1,0,0,FAIL
circuit_0042,ghz,7,structural,PyZX_heuristic,0,0,1,1,-12,-7,FAIL
circuit_0043,ghz,5,gate_redundancy,physics_constrained_agent,1,1,1,1,2,2,PASS
circuit_0043,ghz,5,gate_redundancy,QBugLM_unconstrained,1,1,1,1,2,2,PASS
circuit_0043,ghz,5,gate_redundancy,PyZX_heuristic,1,1,1,1,-6,-2,PASS
circuit_0044,ghz,3,semantic_deviation,physics_constrained_agent,1,1,1,1,0,0,PASS
circuit_0044,ghz,3,semantic_deviation,QBugLM_unconstrained,0,0,1,1,0,0,FAIL
circuit_0044,ghz,3,semantic_deviation,PyZX_heuristic,0,0,1,1,-6,-4,FAIL
circuit_0045,ghz,6,physics_violation,physics_constrained_agent,0,1,2,1,1,0,PASS
circuit_0045,ghz,6,physics_violation,QBugLM_unconstrained,0,0,1,0,-2,0,FAIL
circuit_0045,ghz,6,physics_violation,PyZX_heuristic,0,0,1,0,0,0,FAIL
circuit_0046,ghz,7,syntax,physics_constrained_agent,1,1,1,1,2,2,PASS
circuit_0046,ghz,7,syntax,QBugLM_unconstrained,1,1,1,1,2,2,PASS
circuit_0046,ghz,7,syntax,PyZX_heuristic,0,0,1,0,0,0,FAIL
circuit_0047,ghz,3,structural,physics_constrained_agent,1,1,1,1,-1,-1,PASS
circuit_0047,ghz,3,structural,QBugLM_unconstrained,0,0,1,1,0,0,FAIL
circuit_0047,ghz,3,structural,PyZX_heuristic,0,0,1,1,-2,-1,FAIL
circuit_0048,ghz,6,gate_redundancy,physics_constrained_agent,1,1,1,1,2,0,PASS
circuit_0048,ghz,6,gate_redundancy,QBugLM_unconstrained,1,1,1,1,2,0,PASS
circuit_0048,ghz,6,gate_redundancy,PyZX_heuristic,1,1,1,1,-8,-5,PASS
circuit_0049,ghz,3,semantic_deviation,physics_constrained_agent,1,1,1,1,0,0,PASS
circuit_0049,ghz,3,semantic_deviation,QBugLM_unconstrained,0,0,1,1,0,0,FAIL
circuit_0049,ghz,3,semantic_deviation,PyZX_heuristic,0,0,1,1,-6,-4,FAIL
circuit_0050,ghz,7,physics_violation,physics_constrained_agent,1,1,1,1,1,0,PASS
circuit_0050,ghz,7,physics_violation,QBugLM_unconstrained,0,0,1,0,1,0,FAIL
circuit_0050,ghz,7,physics_violation,PyZX_heuristic,0,0,1,0,0,0,FAIL
circuit_0051,ghz,5,syntax,physics_constrained_agent,1,1,1,1,2,2,PASS
circuit_0051,ghz,5,syntax,QBugLM_unconstrained,1,1,1,1,2,2,PASS
circuit_0051,ghz,5,syntax,PyZX_heuristic,0,0,1,0,0,0,FAIL
circuit_0052,ghz,7,structural,physics_constrained_agent,1,1,1,1,0,0,PASS
circuit_0052,ghz,7,structural,QBugLM_unconstrained,0,0,1,1,0,0,FAIL
circuit_0052,ghz,7,structural,PyZX_heuristic,0,0,1,1,-12,-7,FAIL
circuit_0053,ghz,5,gate_redundancy,physics_constrained_agent,1,1,1,1,2,0,PASS
circuit_0053,ghz,5,gate_redundancy,QBugLM_unconstrained,1,1,1,1,2,0,PASS
circuit_0053,ghz,5,gate_redundancy,PyZX_heuristic,1,1,1,1,-6,-4,PASS
circuit_0054,ghz,7,semantic_deviation,physics_constrained_agent,1,1,1,1,0,0,PASS
circuit_0054,ghz,7,semantic_deviation,QBugLM_unconstrained,0,0,1,1,0,0,FAIL
circuit_0054,ghz,7,semantic_deviation,PyZX_heuristic,0,0,1,1,-14,-8,FAIL
circuit_0055,ghz,4,physics_violation,physics_constrained_agent,0,1,2,1,1,1,PASS
circuit_0055,ghz,4,physics_violation,QBugLM_unconstrained,0,0,1,0,-2,-1,FAIL
circuit_0055,ghz,4,physics_violation,PyZX_heuristic,0,0,1,0,-7,-2,FAIL
circuit_0056,ghz,3,syntax,physics_constrained_agent,1,1,1,1,2,2,PASS
circuit_0056,ghz,3,syntax,QBugLM_unconstrained,0,0,1,0,0,0,FAIL
circuit_0056,ghz,3,syntax,PyZX_heuristic,0,0,1,0,0,0,FAIL
circuit_0057,ghz,3,structural,physics_constrained_agent,1,1,1,1,0,0,PASS
circuit_0057,ghz,3,structural,QBugLM_unconstrained,0,0,1,1,0,0,FAIL
circuit_0057,ghz,3,structural,PyZX_heuristic,0,0,1,1,-2,-1,FAIL
circuit_0058,ghz,4,gate_redundancy,physics_constrained_agent,1,1,1,1,2,0,PASS
circuit_0058,ghz,4,gate_redundancy,QBugLM_unconstrained,1,1,1,1,2,0,PASS
circuit_0058,ghz,4,gate_redundancy,PyZX_heuristic,1,1,1,1,-4,-3,PASS
circuit_0059,ghz,5,semantic_deviation,physics_constrained_agent,1,1,1,1,0,0,PASS
circuit_0059,ghz,5,semantic_deviation,QBugLM_unconstrained,0,0,1,1,0,0,FAIL
circuit_0059,ghz,5,semantic_deviation,PyZX_heuristic,0,0,1,1,-10,-6,FAIL
circuit_0060,ghz,3,physics_violation,physics_constrained_agent,0,1,2,1,1,1,PASS
circuit_0060,ghz,3,physics_violation,QBugLM_unconstrained,0,0,1,0,-2,-2,FAIL
circuit_0060,ghz,3,physics_violation,PyZX_heuristic,0,0,1,0,-4,-2,FAIL
circuit_0061,ghz,4,syntax,physics_constrained_agent,1,1,1,1,2,2,PASS
circuit_0061,ghz,4,syntax,QBugLM_unconstrained,1,1,1,1,2,2,PASS
circuit_0061,ghz,4,syntax,PyZX_heuristic,0,0,1,0,0,0,FAIL
circuit_0062,ghz,3,structural,physics_constrained_agent,1,1,1,1,-1,-1,PASS
circuit_0062,ghz,3,structural,QBugLM_unconstrained,0,0,1,1,0,0,FAIL
circuit_0062,ghz,3,structural,PyZX_heuristic,0,0,1,1,-6,-4,FAIL
circuit_0063,ghz,6,gate_redundancy,physics_constrained_agent,1,1,1,1,2,2,PASS
circuit_0063,ghz,6,gate_redundancy,QBugLM_unconstrained,1,1,1,1,2,2,PASS
circuit_0063,ghz,6,gate_redundancy,PyZX_heuristic,1,1,1,1,-8,-3,PASS
circuit_0064,ghz,5,semantic_deviation,physics_constrained_agent,1,1,1,1,0,0,PASS
circuit_0064,ghz,5,semantic_deviation,QBugLM_unconstrained,0,0,1,1,0,0,FAIL
circuit_0064,ghz,5,semantic_deviation,PyZX_heuristic,0,0,1,1,-10,-6,FAIL
circuit_0065,ghz,6,physics_violation,physics_constrained_agent,0,1,2,1,1,0,PASS
circuit_0065,ghz,6,physics_violation,QBugLM_unconstrained,0,0,1,0,-2,0,FAIL
circuit_0065,ghz,6,physics_violation,PyZX_heuristic,0,0,1,0,0,0,FAIL
circuit_0066,ghz,5,syntax,physics_constrained_agent,1,1,1,1,2,2,PASS
circuit_0066,ghz,5,syntax,QBugLM_unconstrained,1,1,1,1,2,2,PASS
circuit_0066,ghz,5,syntax,PyZX_heuristic,0,0,1,0,0,0,FAIL
circuit_0067,ghz,4,structural,physics_constrained_agent,1,1,1,1,0,0,PASS
circuit_0067,ghz,4,structural,QBugLM_unconstrained,0,0,1,1,0,0,FAIL
circuit_0067,ghz,4,structural,PyZX_heuristic,0,0,1,1,-6,-2,FAIL
circuit_0068,ghz,5,gate_redundancy,physics_constrained_agent,1,1,1,1,2,0,PASS
circuit_0068,ghz,5,gate_redundancy,QBugLM_unconstrained,1,1,1,1,2,0,PASS
circuit_0068,ghz,5,gate_redundancy,PyZX_heuristic,1,1,1,1,-6,-4,PASS
circuit_0069,ghz,5,semantic_deviation,physics_constrained_agent,1,1,1,1,0,0,PASS
circuit_0069,ghz,5,semantic_deviation,QBugLM_unconstrained,0,0,1,1,0,0,FAIL
circuit_0069,ghz,5,semantic_deviation,PyZX_heuristic,0,0,1,1,-10,-6,FAIL
circuit_0070,ghz,4,physics_violation,physics_constrained_agent,1,1,1,1,1,0,PASS
circuit_0070,ghz,4,physics_violation,QBugLM_unconstrained,0,0,1,0,1,0,FAIL
circuit_0070,ghz,4,physics_violation,PyZX_heuristic,0,0,1,0,0,0,FAIL
circuit_0071,ghz,5,syntax,physics_constrained_agent,1,1,1,1,2,2,PASS
circuit_0071,ghz,5,syntax,QBugLM_unconstrained,1,1,1,1,2,2,PASS
circuit_0071,ghz,5,syntax,PyZX_heuristic,0,0,1,0,0,0,FAIL
circuit_0072,ghz,3,structural,physics_constrained_agent,1,1,1,1,-1,-1,PASS
circuit_0072,ghz,3,structural,QBugLM_unconstrained,0,0,1,1,0,0,FAIL
circuit_0072,ghz,3,structural,PyZX_heuristic,0,0,1,1,-2,-1,FAIL
circuit_0073,ghz,7,gate_redundancy,physics_constrained_agent,1,1,1,1,2,0,PASS
circuit_0073,ghz,7,gate_redundancy,QBugLM_unconstrained,1,1,1,1,2,0,PASS
circuit_0073,ghz,7,gate_redundancy,PyZX_heuristic,1,1,1,1,-10,-6,PASS
circuit_0074,ghz,4,semantic_deviation,physics_constrained_agent,1,1,1,1,0,0,PASS
circuit_0074,ghz,4,semantic_deviation,QBugLM_unconstrained,0,0,1,1,0,0,FAIL
circuit_0074,ghz,4,semantic_deviation,PyZX_heuristic,0,0,1,1,-8,-5,FAIL
circuit_0075,ghz,7,physics_violation,physics_constrained_agent,0,1,2,1,1,0,PASS
circuit_0075,ghz,7,physics_violation,QBugLM_unconstrained,0,0,1,0,-2,0,FAIL
circuit_0075,ghz,7,physics_violation,PyZX_heuristic,0,0,1,0,-13,-8,FAIL
circuit_0076,ghz,4,syntax,physics_constrained_agent,1,1,1,1,2,2,PASS
circuit_0076,ghz,4,syntax,QBugLM_unconstrained,1,1,1,1,2,2,PASS
circuit_0076,ghz,4,syntax,PyZX_heuristic,0,0,1,0,0,0,FAIL
circuit_0077,ghz,4,structural,physics_constrained_agent,1,1,1,1,0,0,PASS
circuit_0077,ghz,4,structural,QBugLM_unconstrained,0,0,1,1,0,0,FAIL
circuit_0077,ghz,4,structural,PyZX_heuristic,0,0,1,1,-6,-2,FAIL
circuit_0078,ghz,6,gate_redundancy,physics_constrained_agent,1,1,1,1,2,2,PASS
circuit_0078,ghz,6,gate_redundancy,QBugLM_unconstrained,1,1,1,1,2,2,PASS
circuit_0078,ghz,6,gate_redundancy,PyZX_heuristic,1,1,1,1,-8,-3,PASS
circuit_0079,ghz,6,semantic_deviation,physics_constrained_agent,1,1,1,1,0,0,PASS
circuit_0079,ghz,6,semantic_deviation,QBugLM_unconstrained,0,0,1,1,0,0,FAIL
circuit_0079,ghz,6,semantic_deviation,PyZX_heuristic,0,0,1,1,-12,-7,FAIL
circuit_0080,ghz,5,physics_violation,physics_constrained_agent,0,1,2,1,1,0,PASS
circuit_0080,ghz,5,physics_violation,QBugLM_unconstrained,0,0,1,0,-2,-1,FAIL
circuit_0080,ghz,5,physics_violation,PyZX_heuristic,0,0,1,0,-9,-6,FAIL
circuit_0081,ghz,7,syntax,physics_constrained_agent,1,1,1,1,2,2,PASS
circuit_0081,ghz,7,syntax,QBugLM_unconstrained,1,1,1,1,2,2,PASS
circuit_0081,ghz,7,syntax,PyZX_heuristic,0,0,1,0,0,0,FAIL
circuit_0082,ghz,4,structural,physics_constrained_agent,1,1,1,1,0,0,PASS
circuit_0082,ghz,4,structural,QBugLM_unconstrained,0,0,1,1,0,0,FAIL
circuit_0082,ghz,4,structural,PyZX_heuristic,0,0,1,1,-4,-1,FAIL
circuit_0083,ghz,5,gate_redundancy,physics_constrained_agent,1,1,1,1,2,0,PASS
circuit_0083,ghz,5,gate_redundancy,QBugLM_unconstrained,1,1,1,1,2,0,PASS
circuit_0083,ghz,5,gate_redundancy,PyZX_heuristic,1,1,1,1,-6,-4,PASS
circuit_0084,ghz,3,semantic_deviation,physics_constrained_agent,1,1,1,1,0,0,PASS
circuit_0084,ghz,3,semantic_deviation,QBugLM_unconstrained,0,0,1,1,0,0,FAIL
circuit_0084,ghz,3,semantic_deviation,PyZX_heuristic,0,0,1,1,-6,-4,FAIL
circuit_0085,ghz,4,physics_violation,physics_constrained_agent,0,1,2,1,1,1,PASS
circuit_0085,ghz,4,physics_violation,QBugLM_unconstrained,0,0,1,0,-2,-1,FAIL
circuit_0085,ghz,4,physics_violation,PyZX_heuristic,0,0,1,0,-7,-2,FAIL
circuit_0086,ghz,3,syntax,physics_constrained_agent,1,1,1,1,2,2,PASS
circuit_0086,ghz,3,syntax,QBugLM_unconstrained,1,1,1,1,2,2,PASS
circuit_0086,ghz,3,syntax,PyZX_heuristic,0,0,1,0,0,0,FAIL
circuit_0087,ghz,5,structural,physics_constrained_agent,1,1,1,1,0,0,PASS
circuit_0087,ghz,5,structural,QBugLM_unconstrained,0,0,1,1,0,0,FAIL
circuit_0087,ghz,5,structural,PyZX_heuristic,0,0,1,1,-8,-5,FAIL
circuit_0088,ghz,6,gate_redundancy,physics_constrained_agent,1,1,1,1,2,0,PASS
circuit_0088,ghz,6,gate_redundancy,QBugLM_unconstrained,1,1,1,1,2,0,PASS
circuit_0088,ghz,6,gate_redundancy,PyZX_heuristic,1,1,1,1,-8,-5,PASS
circuit_0089,ghz,5,semantic_deviation,physics_constrained_agent,1,1,1,1,0,0,PASS
circuit_0089,ghz,5,semantic_deviation,QBugLM_unconstrained,0,0,1,1,0,0,FAIL
circuit_0089,ghz,5,semantic_deviation,PyZX_heuristic,0,0,1,1,-10,-6,FAIL
circuit_0090,ghz,3,physics_violation,physics_constrained_agent,1,1,1,1,1,0,PASS
circuit_0090,ghz,3,physics_violation,QBugLM_unconstrained,0,0,1,0,1,0,FAIL
circuit_0090,ghz,3,physics_violation,PyZX_heuristic,0,0,1,0,0,0,FAIL
circuit_0091,ghz,4,syntax,physics_constrained_agent,1,1,1,1,2,2,PASS
circuit_0091,ghz,4,syntax,QBugLM_unconstrained,1,1,1,1,2,2,PASS
circuit_0091,ghz,4,syntax,PyZX_heuristic,0,0,1,0,0,0,FAIL
circuit_0092,ghz,7,structural,physics_constrained_agent,1,1,1,1,0,0,PASS
circuit_0092,ghz,7,structural,QBugLM_unconstrained,0,0,1,1,0,0,FAIL
circuit_0092,ghz,7,structural,PyZX_heuristic,0,0,1,1,-10,-2,FAIL
circuit_0093,ghz,5,gate_redundancy,physics_constrained_agent,1,1,1,1,2,2,PASS
circuit_0093,ghz,5,gate_redundancy,QBugLM_unconstrained,1,1,1,1,2,2,PASS
circuit_0093,ghz,5,gate_redundancy,PyZX_heuristic,1,1,1,1,-6,-2,PASS
circuit_0094,ghz,4,semantic_deviation,physics_constrained_agent,1,1,1,1,0,0,PASS
circuit_0094,ghz,4,semantic_deviation,QBugLM_unconstrained,0,0,1,1,0,0,FAIL
circuit_0094,ghz,4,semantic_deviation,PyZX_heuristic,0,0,1,1,-8,-5,FAIL
circuit_0095,ghz,6,physics_violation,physics_constrained_agent,0,1,2,1,1,0,PASS
circuit_0095,ghz,6,physics_violation,QBugLM_unconstrained,0,0,1,0,-2,0,FAIL
circuit_0095,ghz,6,physics_violation,PyZX_heuristic,0,0,1,0,0,0,FAIL
circuit_0096,ghz,6,syntax,physics_constrained_agent,1,1,1,1,2,2,PASS
circuit_0096,ghz,6,syntax,QBugLM_unconstrained,1,1,1,1,2,2,PASS
circuit_0096,ghz,6,syntax,PyZX_heuristic,0,0,1,0,0,0,FAIL
circuit_0097,ghz,6,structural,physics_constrained_agent,1,1,1,1,-1,-1,PASS
circuit_0097,ghz,6,structural,QBugLM_unconstrained,0,0,1,1,0,0,FAIL
circuit_0097,ghz,6,structural,PyZX_heuristic,0,0,1,1,-8,-4,FAIL
circuit_0098,ghz,4,gate_redundancy,physics_constrained_agent,1,1,1,1,2,0,PASS
circuit_0098,ghz,4,gate_redundancy,QBugLM_unconstrained,1,1,1,1,2,0,PASS
circuit_0098,ghz,4,gate_redundancy,PyZX_heuristic,1,1,1,1,-4,-3,PASS
circuit_0099,ghz,5,semantic_deviation,physics_constrained_agent,1,1,1,1,0,0,PASS
circuit_0099,ghz,5,semantic_deviation,QBugLM_unconstrained,0,0,1,1,0,0,FAIL
circuit_0099,ghz,5,semantic_deviation,PyZX_heuristic,0,0,1,1,-10,-6,FAIL
circuit_0100,ghz,4,physics_violation,physics_constrained_agent,1,1,1,1,1,0,PASS
circuit_0100,ghz,4,physics_violation,QBugLM_unconstrained,0,0,1,0,1,0,FAIL
circuit_0100,ghz,4,physics_violation,PyZX_heuristic,0,0,1,0,0,0,FAIL
circuit_0101,ghz,4,syntax,physics_constrained_agent,1,1,1,1,2,2,PASS
circuit_0101,ghz,4,syntax,QBugLM_unconstrained,1,1,1,1,2,2,PASS
circuit_0101,ghz,4,syntax,PyZX_heuristic,0,0,1,0,0,0,FAIL
circuit_0102,ghz,7,structural,physics_constrained_agent,1,1,1,1,0,0,PASS
circuit_0102,ghz,7,structural,QBugLM_unconstrained,0,0,1,1,0,0,FAIL
circuit_0102,ghz,7,structural,PyZX_heuristic,0,0,1,1,-12,-5,FAIL
circuit_0103,ghz,7,gate_redundancy,physics_constrained_agent,1,1,1,1,2,0,PASS
circuit_0103,ghz,7,gate_redundancy,QBugLM_unconstrained,1,1,1,1,2,0,PASS
circuit_0103,ghz,7,gate_redundancy,PyZX_heuristic,1,1,1,1,-10,-6,PASS
circuit_0104,ghz,5,semantic_deviation,physics_constrained_agent,1,1,1,1,0,0,PASS
circuit_0104,ghz,5,semantic_deviation,QBugLM_unconstrained,0,0,1,1,0,0,FAIL
circuit_0104,ghz,5,semantic_deviation,PyZX_heuristic,0,0,1,1,-10,-6,FAIL
circuit_0105,ghz,7,physics_violation,physics_constrained_agent,0,1,2,1,1,0,PASS
circuit_0105,ghz,7,physics_violation,QBugLM_unconstrained,0,0,1,0,-2,0,FAIL
circuit_0105,ghz,7,physics_violation,PyZX_heuristic,0,0,1,0,-13,-8,FAIL
circuit_0106,ghz,6,syntax,physics_constrained_agent,1,1,1,1,2,2,PASS
circuit_0106,ghz,6,syntax,QBugLM_unconstrained,1,1,1,1,2,2,PASS
circuit_0106,ghz,6,syntax,PyZX_heuristic,0,0,1,0,0,0,FAIL
circuit_0107,ghz,7,structural,physics_constrained_agent,1,1,1,1,-1,-1,PASS
circuit_0107,ghz,7,structural,QBugLM_unconstrained,0,0,1,1,0,0,FAIL
circuit_0107,ghz,7,structural,PyZX_heuristic,0,0,1,1,-14,-8,FAIL
circuit_0108,ghz,6,gate_redundancy,physics_constrained_agent,1,1,1,1,2,0,PASS
circuit_0108,ghz,6,gate_redundancy,QBugLM_unconstrained,1,1,1,1,2,0,PASS
circuit_0108,ghz,6,gate_redundancy,PyZX_heuristic,1,1,1,1,-8,-5,PASS
circuit_0109,ghz,5,semantic_deviation,physics_constrained_agent,1,1,1,1,0,0,PASS
circuit_0109,ghz,5,semantic_deviation,QBugLM_unconstrained,0,0,1,1,0,0,FAIL
circuit_0109,ghz,5,semantic_deviation,PyZX_heuristic,0,0,1,1,-10,-6,FAIL
circuit_0110,ghz,4,physics_violation,physics_constrained_agent,1,1,1,1,1,0,PASS
circuit_0110,ghz,4,physics_violation,QBugLM_unconstrained,0,0,1,0,1,0,FAIL
circuit_0110,ghz,4,physics_violation,PyZX_heuristic,0,0,1,0,0,0,FAIL
circuit_0111,ghz,4,syntax,physics_constrained_agent,1,1,1,1,2,2,PASS
circuit_0111,ghz,4,syntax,QBugLM_unconstrained,1,1,1,1,2,2,PASS
circuit_0111,ghz,4,syntax,PyZX_heuristic,0,0,1,0,0,0,FAIL
circuit_0112,ghz,7,structural,physics_constrained_agent,1,1,1,1,-1,-1,PASS
circuit_0112,ghz,7,structural,QBugLM_unconstrained,0,0,1,1,0,0,FAIL
circuit_0112,ghz,7,structural,PyZX_heuristic,0,0,1,1,-10,-5,FAIL
circuit_0113,ghz,6,gate_redundancy,physics_constrained_agent,1,1,1,1,2,0,PASS
circuit_0113,ghz,6,gate_redundancy,QBugLM_unconstrained,1,1,1,1,2,0,PASS
circuit_0113,ghz,6,gate_redundancy,PyZX_heuristic,1,1,1,1,-8,-5,PASS
circuit_0114,ghz,3,semantic_deviation,physics_constrained_agent,1,1,1,1,0,0,PASS
circuit_0114,ghz,3,semantic_deviation,QBugLM_unconstrained,0,0,1,1,0,0,FAIL
circuit_0114,ghz,3,semantic_deviation,PyZX_heuristic,0,0,1,1,-6,-4,FAIL
circuit_0115,ghz,3,physics_violation,physics_constrained_agent,1,1,1,1,1,0,PASS
circuit_0115,ghz,3,physics_violation,QBugLM_unconstrained,0,0,1,0,1,0,FAIL
circuit_0115,ghz,3,physics_violation,PyZX_heuristic,0,0,1,0,0,0,FAIL
circuit_0116,ghz,3,syntax,physics_constrained_agent,1,1,1,1,2,2,PASS
circuit_0116,ghz,3,syntax,QBugLM_unconstrained,1,1,1,1,2,2,PASS
circuit_0116,ghz,3,syntax,PyZX_heuristic,0,0,1,0,0,0,FAIL
circuit_0117,ghz,4,structural,physics_constrained_agent,1,1,1,1,0,0,PASS
circuit_0117,ghz,4,structural,QBugLM_unconstrained,0,0,1,1,0,0,FAIL
circuit_0117,ghz,4,structural,PyZX_heuristic,0,0,1,1,-6,-2,FAIL
circuit_0118,ghz,4,gate_redundancy,physics_constrained_agent,1,1,1,1,2,2,PASS
circuit_0118,ghz,4,gate_redundancy,QBugLM_unconstrained,1,1,1,1,2,2,PASS
circuit_0118,ghz,4,gate_redundancy,PyZX_heuristic,1,1,1,1,-4,-1,PASS
circuit_0119,ghz,6,semantic_deviation,physics_constrained_agent,1,1,1,1,0,0,PASS
circuit_0119,ghz,6,semantic_deviation,QBugLM_unconstrained,0,0,1,1,0,0,FAIL
circuit_0119,ghz,6,semantic_deviation,PyZX_heuristic,0,0,1,1,-12,-7,FAIL
circuit_0120,ghz,7,physics_violation,physics_constrained_agent,0,1,2,1,1,0,PASS
circuit_0120,ghz,7,physics_violation,QBugLM_unconstrained,0,0,1,0,-2,0,FAIL
circuit_0120,ghz,7,physics_violation,PyZX_heuristic,0,0,1,0,-13,-8,FAIL
circuit_0121,ghz,3,syntax,physics_constrained_agent,1,1,1,1,2,2,PASS
circuit_0121,ghz,3,syntax,QBugLM_unconstrained,1,1,1,1,2,2,PASS
circuit_0121,ghz,3,syntax,PyZX_heuristic,0,0,1,0,0,0,FAIL
circuit_0122,ghz,6,structural,physics_constrained_agent,1,1,1,1,-1,-1,PASS
circuit_0122,ghz,6,structural,QBugLM_unconstrained,0,0,1,1,0,0,FAIL
circuit_0122,ghz,6,structural,PyZX_heuristic,0,0,1,1,-8,-4,FAIL
circuit_0123,ghz,6,gate_redundancy,physics_constrained_agent,1,1,1,1,2,0,PASS
circuit_0123,ghz,6,gate_redundancy,QBugLM_unconstrained,1,1,1,1,2,0,PASS
circuit_0123,ghz,6,gate_redundancy,PyZX_heuristic,1,1,1,1,-8,-5,PASS
circuit_0124,ghz,7,semantic_deviation,physics_constrained_agent,1,1,1,1,0,0,PASS
circuit_0124,ghz,7,semantic_deviation,QBugLM_unconstrained,0,0,1,1,0,0,FAIL
circuit_0124,ghz,7,semantic_deviation,PyZX_heuristic,0,0,1,1,-14,-8,FAIL
circuit_0125,ghz,6,physics_violation,physics_constrained_agent,0,1,2,1,1,0,PASS
circuit_0125,ghz,6,physics_violation,QBugLM_unconstrained,0,0,1,0,-2,0,FAIL
circuit_0125,ghz,6,physics_violation,PyZX_heuristic,0,0,1,0,0,0,FAIL
circuit_0126,ghz,7,syntax,physics_constrained_agent,1,1,1,1,2,2,PASS
circuit_0126,ghz,7,syntax,QBugLM_unconstrained,1,1,1,1,2,2,PASS
circuit_0126,ghz,7,syntax,PyZX_heuristic,0,0,1,0,0,0,FAIL
circuit_0127,ghz,5,structural,physics_constrained_agent,1,1,1,1,0,0,PASS
circuit_0127,ghz,5,structural,QBugLM_unconstrained,0,0,1,1,0,0,FAIL
circuit_0127,ghz,5,structural,PyZX_heuristic,0,0,1,1,-8,-1,FAIL
circuit_0128,ghz,7,gate_redundancy,physics_constrained_agent,1,1,1,1,2,0,PASS
circuit_0128,ghz,7,gate_redundancy,QBugLM_unconstrained,1,1,1,1,2,0,PASS
circuit_0128,ghz,7,gate_redundancy,PyZX_heuristic,1,1,1,1,-10,-6,PASS
circuit_0129,ghz,3,semantic_deviation,physics_constrained_agent,1,1,1,1,0,0,PASS
circuit_0129,ghz,3,semantic_deviation,QBugLM_unconstrained,0,0,1,1,0,0,FAIL
circuit_0129,ghz,3,semantic_deviation,PyZX_heuristic,0,0,1,1,-6,-4,FAIL
circuit_0130,ghz,3,physics_violation,physics_constrained_agent,1,1,1,1,1,0,PASS
circuit_0130,ghz,3,physics_violation,QBugLM_unconstrained,0,0,1,0,1,0,FAIL
circuit_0130,ghz,3,physics_violation,PyZX_heuristic,0,0,1,0,0,0,FAIL
circuit_0131,ghz,7,syntax,physics_constrained_agent,1,1,1,1,2,2,PASS
circuit_0131,ghz,7,syntax,QBugLM_unconstrained,0,0,1,0,0,0,FAIL
circuit_0131,ghz,7,syntax,PyZX_heuristic,0,0,1,0,0,0,FAIL
circuit_0132,ghz,5,structural,physics_constrained_agent,1,1,1,1,-1,-2,PASS
circuit_0132,ghz,5,structural,QBugLM_unconstrained,0,0,1,1,0,0,FAIL
circuit_0132,ghz,5,structural,PyZX_heuristic,0,0,1,1,-6,-2,FAIL
circuit_0133,ghz,5,gate_redundancy,physics_constrained_agent,1,1,1,1,2,2,PASS
circuit_0133,ghz,5,gate_redundancy,QBugLM_unconstrained,1,1,1,1,2,2,PASS
circuit_0133,ghz,5,gate_redundancy,PyZX_heuristic,1,1,1,1,-6,-2,PASS
circuit_0134,ghz,3,semantic_deviation,physics_constrained_agent,1,1,1,1,0,0,PASS
circuit_0134,ghz,3,semantic_deviation,QBugLM_unconstrained,0,0,1,1,0,0,FAIL
circuit_0134,ghz,3,semantic_deviation,PyZX_heuristic,0,0,1,1,-6,-4,FAIL
circuit_0135,ghz,5,physics_violation,physics_constrained_agent,0,1,2,1,1,0,PASS
circuit_0135,ghz,5,physics_violation,QBugLM_unconstrained,0,0,1,0,-2,-1,FAIL
circuit_0135,ghz,5,physics_violation,PyZX_heuristic,0,0,1,0,-9,-6,FAIL
circuit_0136,ghz,6,syntax,physics_constrained_agent,1,1,1,1,2,2,PASS
circuit_0136,ghz,6,syntax,QBugLM_unconstrained,1,1,1,1,2,2,PASS
circuit_0136,ghz,6,syntax,PyZX_heuristic,0,0,1,0,0,0,FAIL
circuit_0137,ghz,4,structural,physics_constrained_agent,1,1,1,1,-1,-1,PASS
circuit_0137,ghz,4,structural,QBugLM_unconstrained,0,0,1,1,0,0,FAIL
circuit_0137,ghz,4,structural,PyZX_heuristic,0,0,1,1,-8,-5,FAIL
circuit_0138,ghz,6,gate_redundancy,physics_constrained_agent,1,1,1,1,2,0,PASS
circuit_0138,ghz,6,gate_redundancy,QBugLM_unconstrained,1,1,1,1,2,0,PASS
circuit_0138,ghz,6,gate_redundancy,PyZX_heuristic,1,1,1,1,-8,-5,PASS
circuit_0139,ghz,3,semantic_deviation,physics_constrained_agent,1,1,1,1,0,0,PASS
circuit_0139,ghz,3,semantic_deviation,QBugLM_unconstrained,0,0,1,1,0,0,FAIL
circuit_0139,ghz,3,semantic_deviation,PyZX_heuristic,0,0,1,1,-6,-4,FAIL
circuit_0140,ghz,5,physics_violation,physics_constrained_agent,1,1,1,1,1,0,PASS
circuit_0140,ghz,5,physics_violation,QBugLM_unconstrained,0,0,1,0,1,0,FAIL
circuit_0140,ghz,5,physics_violation,PyZX_heuristic,0,0,1,0,0,0,FAIL
circuit_0141,ghz,7,syntax,physics_constrained_agent,1,1,1,1,2,2,PASS
circuit_0141,ghz,7,syntax,QBugLM_unconstrained,1,1,1,1,2,2,PASS
circuit_0141,ghz,7,syntax,PyZX_heuristic,0,0,1,0,0,0,FAIL
circuit_0142,ghz,4,structural,physics_constrained_agent,1,1,1,1,0,0,PASS
circuit_0142,ghz,4,structural,QBugLM_unconstrained,0,0,1,1,0,0,FAIL
circuit_0142,ghz,4,structural,PyZX_heuristic,0,0,1,1,-6,-2,FAIL
circuit_0143,ghz,7,gate_redundancy,physics_constrained_agent,1,1,1,1,2,2,PASS
circuit_0143,ghz,7,gate_redundancy,QBugLM_unconstrained,1,1,1,1,2,2,PASS
circuit_0143,ghz,7,gate_redundancy,PyZX_heuristic,1,1,1,1,-10,-4,PASS
circuit_0144,ghz,3,semantic_deviation,physics_constrained_agent,1,1,1,1,0,0,PASS
circuit_0144,ghz,3,semantic_deviation,QBugLM_unconstrained,0,0,1,1,0,0,FAIL
circuit_0144,ghz,3,semantic_deviation,PyZX_heuristic,0,0,1,1,-6,-4,FAIL
circuit_0145,ghz,5,physics_violation,physics_constrained_agent,1,1,1,1,1,0,PASS
circuit_0145,ghz,5,physics_violation,QBugLM_unconstrained,0,0,1,0,1,0,FAIL
circuit_0145,ghz,5,physics_violation,PyZX_heuristic,0,0,1,0,0,0,FAIL
circuit_0146,ghz,7,syntax,physics_constrained_agent,1,1,1,1,2,2,PASS
circuit_0146,ghz,7,syntax,QBugLM_unconstrained,1,1,1,1,2,2,PASS
circuit_0146,ghz,7,syntax,PyZX_heuristic,0,0,1,0,0,0,FAIL
circuit_0147,ghz,7,structural,physics_constrained_agent,1,1,1,1,0,0,PASS
circuit_0147,ghz,7,structural,QBugLM_unconstrained,0,0,1,1,0,0,FAIL
circuit_0147,ghz,7,structural,PyZX_heuristic,0,0,1,1,-10,-4,FAIL
circuit_0148,ghz,4,gate_redundancy,physics_constrained_agent,1,1,1,1,2,0,PASS
circuit_0148,ghz,4,gate_redundancy,QBugLM_unconstrained,1,1,1,1,2,0,PASS
circuit_0148,ghz,4,gate_redundancy,PyZX_heuristic,1,1,1,1,-4,-3,PASS
circuit_0149,ghz,4,semantic_deviation,physics_constrained_agent,1,1,1,1,0,0,PASS
circuit_0149,ghz,4,semantic_deviation,QBugLM_unconstrained,0,0,1,1,0,0,FAIL
circuit_0149,ghz,4,semantic_deviation,PyZX_heuristic,0,0,1,1,-8,-5,FAIL
circuit_0150,ghz,5,physics_violation,physics_constrained_agent,1,1,1,1,1,0,PASS
circuit_0150,ghz,5,physics_violation,QBugLM_unconstrained,0,0,1,0,1,0,FAIL
circuit_0150,ghz,5,physics_violation,PyZX_heuristic,0,0,1,0,0,0,FAIL
circuit_0151,ghz,4,syntax,physics_constrained_agent,1,1,1,1,2,2,PASS
circuit_0151,ghz,4,syntax,QBugLM_unconstrained,1,1,1,1,2,2,PASS
circuit_0151,ghz,4,syntax,PyZX_heuristic,0,0,1,0,0,0,FAIL
circuit_0152,ghz,7,structural,physics_constrained_agent,1,1,1,1,0,0,PASS
circuit_0152,ghz,7,structural,QBugLM_unconstrained,0,0,1,1,0,0,FAIL
circuit_0152,ghz,7,structural,PyZX_heuristic,0,0,1,1,-12,-7,FAIL
circuit_0153,ghz,7,gate_redundancy,physics_constrained_agent,1,1,1,1,2,0,PASS
circuit_0153,ghz,7,gate_redundancy,QBugLM_unconstrained,1,1,1,1,2,0,PASS
circuit_0153,ghz,7,gate_redundancy,PyZX_heuristic,1,1,1,1,-10,-6,PASS
circuit_0154,ghz,3,semantic_deviation,physics_constrained_agent,1,1,1,1,0,0,PASS
circuit_0154,ghz,3,semantic_deviation,QBugLM_unconstrained,0,0,1,1,0,0,FAIL
circuit_0154,ghz,3,semantic_deviation,PyZX_heuristic,0,0,1,1,-6,-4,FAIL
circuit_0155,ghz,7,physics_violation,physics_constrained_agent,0,1,2,1,1,0,PASS
circuit_0155,ghz,7,physics_violation,QBugLM_unconstrained,0,0,1,0,-2,0,FAIL
circuit_0155,ghz,7,physics_violation,PyZX_heuristic,0,0,1,0,-13,-8,FAIL
circuit_0156,ghz,5,syntax,physics_constrained_agent,1,1,1,1,2,2,PASS
circuit_0156,ghz,5,syntax,QBugLM_unconstrained,1,1,1,1,2,2,PASS
circuit_0156,ghz,5,syntax,PyZX_heuristic,0,0,1,0,0,0,FAIL
circuit_0157,ghz,6,structural,physics_constrained_agent,1,1,1,1,0,0,PASS
circuit_0157,ghz,6,structural,QBugLM_unconstrained,0,0,1,1,0,0,FAIL
circuit_0157,ghz,6,structural,PyZX_heuristic,0,0,1,1,-8,-1,FAIL
circuit_0158,ghz,3,gate_redundancy,physics_constrained_agent,1,1,1,1,2,0,PASS
circuit_0158,ghz,3,gate_redundancy,QBugLM_unconstrained,1,1,1,1,2,0,PASS
circuit_0158,ghz,3,gate_redundancy,PyZX_heuristic,1,1,1,1,-2,-2,PASS
circuit_0159,ghz,3,semantic_deviation,physics_constrained_agent,1,1,1,1,0,0,PASS
circuit_0159,ghz,3,semantic_deviation,QBugLM_unconstrained,0,0,1,1,0,0,FAIL
circuit_0159,ghz,3,semantic_deviation,PyZX_heuristic,0,0,1,1,-6,-4,FAIL
circuit_0160,ghz,5,physics_violation,physics_constrained_agent,1,1,1,1,1,0,PASS
circuit_0160,ghz,5,physics_violation,QBugLM_unconstrained,0,0,1,0,1,0,FAIL
circuit_0160,ghz,5,physics_violation,PyZX_heuristic,0,0,1,0,0,0,FAIL
circuit_0161,ghz,5,syntax,physics_constrained_agent,1,1,1,1,2,2,PASS
circuit_0161,ghz,5,syntax,QBugLM_unconstrained,1,1,1,1,2,2,PASS
circuit_0161,ghz,5,syntax,PyZX_heuristic,0,0,1,0,0,0,FAIL
circuit_0162,ghz,4,structural,physics_constrained_agent,1,1,1,1,0,0,PASS
circuit_0162,ghz,4,structural,QBugLM_unconstrained,0,0,1,1,0,0,FAIL
circuit_0162,ghz,4,structural,PyZX_heuristic,0,0,1,1,-6,-2,FAIL
circuit_0163,ghz,3,gate_redundancy,physics_constrained_agent,1,1,1,1,2,2,PASS
circuit_0163,ghz,3,gate_redundancy,QBugLM_unconstrained,1,1,1,1,2,2,PASS
circuit_0163,ghz,3,gate_redundancy,PyZX_heuristic,1,1,1,1,-2,0,PASS
circuit_0164,ghz,4,semantic_deviation,physics_constrained_agent,1,1,1,1,0,0,PASS
circuit_0164,ghz,4,semantic_deviation,QBugLM_unconstrained,0,0,1,1,0,0,FAIL
circuit_0164,ghz,4,semantic_deviation,PyZX_heuristic,0,0,1,1,-8,-5,FAIL
circuit_0165,ghz,7,physics_violation,physics_constrained_agent,0,1,2,1,1,0,PASS
circuit_0165,ghz,7,physics_violation,QBugLM_unconstrained,0,0,1,0,-2,0,FAIL
circuit_0165,ghz,7,physics_violation,PyZX_heuristic,0,0,1,0,-13,-8,FAIL
circuit_0166,ghz,3,syntax,physics_constrained_agent,1,1,1,1,2,2,PASS
circuit_0166,ghz,3,syntax,QBugLM_unconstrained,0,0,1,0,0,0,FAIL
circuit_0166,ghz,3,syntax,PyZX_heuristic,0,0,1,0,0,0,FAIL
circuit_0167,ghz,3,structural,physics_constrained_agent,1,1,1,1,0,0,PASS
circuit_0167,ghz,3,structural,QBugLM_unconstrained,0,0,1,1,0,0,FAIL
circuit_0167,ghz,3,structural,PyZX_heuristic,0,0,1,1,-4,-3,FAIL
circuit_0168,ghz,6,gate_redundancy,physics_constrained_agent,1,1,1,1,2,0,PASS
circuit_0168,ghz,6,gate_redundancy,QBugLM_unconstrained,1,1,1,1,2,0,PASS
circuit_0168,ghz,6,gate_redundancy,PyZX_heuristic,1,1,1,1,-8,-5,PASS
circuit_0169,ghz,3,semantic_deviation,physics_constrained_agent,1,1,1,1,0,0,PASS
circuit_0169,ghz,3,semantic_deviation,QBugLM_unconstrained,0,0,1,1,0,0,FAIL
circuit_0169,ghz,3,semantic_deviation,PyZX_heuristic,0,0,1,1,-6,-4,FAIL
circuit_0170,ghz,7,physics_violation,physics_constrained_agent,1,1,1,1,1,0,PASS
circuit_0170,ghz,7,physics_violation,QBugLM_unconstrained,0,0,1,0,1,0,FAIL
circuit_0170,ghz,7,physics_violation,PyZX_heuristic,0,0,1,0,0,0,FAIL
circuit_0171,ghz,4,syntax,physics_constrained_agent,1,1,1,1,2,2,PASS
circuit_0171,ghz,4,syntax,QBugLM_unconstrained,1,1,1,1,2,2,PASS
circuit_0171,ghz,4,syntax,PyZX_heuristic,0,0,1,0,0,0,FAIL
circuit_0172,ghz,4,structural,physics_constrained_agent,1,1,1,1,0,0,PASS
circuit_0172,ghz,4,structural,QBugLM_unconstrained,0,0,1,1,0,0,FAIL
circuit_0172,ghz,4,structural,PyZX_heuristic,0,0,1,1,-6,-4,FAIL
circuit_0173,ghz,6,gate_redundancy,physics_constrained_agent,1,1,1,1,2,0,PASS
circuit_0173,ghz,6,gate_redundancy,QBugLM_unconstrained,1,1,1,1,2,0,PASS
circuit_0173,ghz,6,gate_redundancy,PyZX_heuristic,1,1,1,1,-8,-5,PASS
circuit_0174,ghz,7,semantic_deviation,physics_constrained_agent,1,1,1,1,0,0,PASS
circuit_0174,ghz,7,semantic_deviation,QBugLM_unconstrained,0,0,1,1,0,0,FAIL
circuit_0174,ghz,7,semantic_deviation,PyZX_heuristic,0,0,1,1,-14,-8,FAIL
circuit_0175,ghz,4,physics_violation,physics_constrained_agent,1,1,1,1,1,0,PASS
circuit_0175,ghz,4,physics_violation,QBugLM_unconstrained,0,0,1,0,1,0,FAIL
circuit_0175,ghz,4,physics_violation,PyZX_heuristic,0,0,1,0,0,0,FAIL
circuit_0176,ghz,5,syntax,physics_constrained_agent,1,1,1,1,2,2,PASS
circuit_0176,ghz,5,syntax,QBugLM_unconstrained,0,0,1,0,0,0,FAIL
circuit_0176,ghz,5,syntax,PyZX_heuristic,0,0,1,0,0,0,FAIL
circuit_0177,ghz,7,structural,physics_constrained_agent,1,1,1,1,0,0,PASS
circuit_0177,ghz,7,structural,QBugLM_unconstrained,0,0,1,1,0,0,FAIL
circuit_0177,ghz,7,structural,PyZX_heuristic,0,0,1,1,-12,-7,FAIL
circuit_0178,ghz,7,gate_redundancy,physics_constrained_agent,1,1,1,1,2,0,PASS
circuit_0178,ghz,7,gate_redundancy,QBugLM_unconstrained,1,1,1,1,2,0,PASS
circuit_0178,ghz,7,gate_redundancy,PyZX_heuristic,1,1,1,1,-10,-6,PASS
circuit_0179,ghz,6,semantic_deviation,physics_constrained_agent,1,1,1,1,0,0,PASS
circuit_0179,ghz,6,semantic_deviation,QBugLM_unconstrained,0,0,1,1,0,0,FAIL
circuit_0179,ghz,6,semantic_deviation,PyZX_heuristic,0,0,1,1,-12,-7,FAIL
circuit_0180,ghz,4,physics_violation,physics_constrained_agent,0,1,2,1,1,1,PASS
circuit_0180,ghz,4,physics_violation,QBugLM_unconstrained,0,0,1,0,-2,-1,FAIL
circuit_0180,ghz,4,physics_violation,PyZX_heuristic,0,0,1,0,-7,-2,FAIL
circuit_0181,ghz,7,syntax,physics_constrained_agent,1,1,1,1,2,2,PASS
circuit_0181,ghz,7,syntax,QBugLM_unconstrained,0,0,1,0,0,0,FAIL
circuit_0181,ghz,7,syntax,PyZX_heuristic,0,0,1,0,0,0,FAIL
circuit_0182,ghz,4,structural,physics_constrained_agent,1,1,1,1,-1,-2,PASS
circuit_0182,ghz,4,structural,QBugLM_unconstrained,0,0,1,1,0,0,FAIL
circuit_0182,ghz,4,structural,PyZX_heuristic,0,0,1,1,-6,-4,FAIL
circuit_0183,ghz,5,gate_redundancy,physics_constrained_agent,1,1,1,1,2,2,PASS
circuit_0183,ghz,5,gate_redundancy,QBugLM_unconstrained,1,1,1,1,2,2,PASS
circuit_0183,ghz,5,gate_redundancy,PyZX_heuristic,1,1,1,1,-6,-2,PASS
circuit_0184,ghz,6,semantic_deviation,physics_constrained_agent,1,1,1,1,0,0,PASS
circuit_0184,ghz,6,semantic_deviation,QBugLM_unconstrained,0,0,1,1,0,0,FAIL
circuit_0184,ghz,6,semantic_deviation,PyZX_heuristic,0,0,1,1,-12,-7,FAIL
circuit_0185,ghz,5,physics_violation,physics_constrained_agent,1,1,1,1,1,0,PASS
circuit_0185,ghz,5,physics_violation,QBugLM_unconstrained,0,0,1,0,1,0,FAIL
circuit_0185,ghz,5,physics_violation,PyZX_heuristic,0,0,1,0,0,0,FAIL
circuit_0186,ghz,6,syntax,physics_constrained_agent,1,1,1,1,2,2,PASS
circuit_0186,ghz,6,syntax,QBugLM_unconstrained,1,1,1,1,2,2,PASS
circuit_0186,ghz,6,syntax,PyZX_heuristic,0,0,1,0,0,0,FAIL
circuit_0187,ghz,7,structural,physics_constrained_agent,1,1,1,1,0,0,PASS
circuit_0187,ghz,7,structural,QBugLM_unconstrained,0,0,1,1,0,0,FAIL
circuit_0187,ghz,7,structural,PyZX_heuristic,0,0,1,1,-12,-7,FAIL
circuit_0188,ghz,6,gate_redundancy,physics_constrained_agent,1,1,1,1,2,2,PASS
circuit_0188,ghz,6,gate_redundancy,QBugLM_unconstrained,1,1,1,1,2,2,PASS
circuit_0188,ghz,6,gate_redundancy,PyZX_heuristic,1,1,1,1,-8,-3,PASS
circuit_0189,ghz,3,semantic_deviation,physics_constrained_agent,1,1,1,1,0,0,PASS
circuit_0189,ghz,3,semantic_deviation,QBugLM_unconstrained,0,0,1,1,0,0,FAIL
circuit_0189,ghz,3,semantic_deviation,PyZX_heuristic,0,0,1,1,-6,-4,FAIL
circuit_0190,ghz,4,physics_violation,physics_constrained_agent,1,1,1,1,1,0,PASS
circuit_0190,ghz,4,physics_violation,QBugLM_unconstrained,0,0,1,0,1,0,FAIL
circuit_0190,ghz,4,physics_violation,PyZX_heuristic,0,0,1,0,0,0,FAIL
circuit_0191,ghz,4,syntax,physics_constrained_agent,1,1,1,1,2,2,PASS
circuit_0191,ghz,4,syntax,QBugLM_unconstrained,1,1,1,1,2,2,PASS
circuit_0191,ghz,4,syntax,PyZX_heuristic,0,0,1,0,0,0,FAIL
circuit_0192,ghz,3,structural,physics_constrained_agent,1,1,1,1,0,0,PASS
circuit_0192,ghz,3,structural,QBugLM_unconstrained,0,0,1,1,0,0,FAIL
circuit_0192,ghz,3,structural,PyZX_heuristic,0,0,1,1,-2,-1,FAIL
circuit_0193,ghz,5,gate_redundancy,physics_constrained_agent,1,1,1,1,2,2,PASS
circuit_0193,ghz,5,gate_redundancy,QBugLM_unconstrained,1,1,1,1,2,2,PASS
circuit_0193,ghz,5,gate_redundancy,PyZX_heuristic,1,1,1,1,-6,-2,PASS
circuit_0194,ghz,3,semantic_deviation,physics_constrained_agent,1,1,1,1,0,0,PASS
circuit_0194,ghz,3,semantic_deviation,QBugLM_unconstrained,0,0,1,1,0,0,FAIL
circuit_0194,ghz,3,semantic_deviation,PyZX_heuristic,0,0,1,1,-6,-4,FAIL
circuit_0195,ghz,7,physics_violation,physics_constrained_agent,1,1,1,1,1,0,PASS
circuit_0195,ghz,7,physics_violation,QBugLM_unconstrained,0,0,1,0,1,0,FAIL
circuit_0195,ghz,7,physics_violation,PyZX_heuristic,0,0,1,0,0,0,FAIL
circuit_0196,ghz,7,syntax,physics_constrained_agent,1,1,1,1,2,2,PASS
circuit_0196,ghz,7,syntax,QBugLM_unconstrained,0,0,1,0,0,0,FAIL
circuit_0196,ghz,7,syntax,PyZX_heuristic,0,0,1,0,0,0,FAIL
circuit_0197,ghz,4,structural,physics_constrained_agent,1,1,1,1,-1,-2,PASS
circuit_0197,ghz,4,structural,QBugLM_unconstrained,0,0,1,1,0,0,FAIL
circuit_0197,ghz,4,structural,PyZX_heuristic,0,0,1,1,-6,-4,FAIL
circuit_0198,ghz,7,gate_redundancy,physics_constrained_agent,1,1,1,1,2,2,PASS
circuit_0198,ghz,7,gate_redundancy,QBugLM_unconstrained,1,1,1,1,2,2,PASS
circuit_0198,ghz,7,gate_redundancy,PyZX_heuristic,1,1,1,1,-10,-4,PASS
circuit_0199,ghz,4,semantic_deviation,physics_constrained_agent,1,1,1,1,0,0,PASS
circuit_0199,ghz,4,semantic_deviation,QBugLM_unconstrained,0,0,1,1,0,0,FAIL
circuit_0199,ghz,4,semantic_deviation,PyZX_heuristic,0,0,1,1,-8,-5,FAIL
circuit_0200,ghz,3,physics_violation,physics_constrained_agent,1,1,1,1,1,0,PASS
circuit_0200,ghz,3,physics_violation,QBugLM_unconstrained,0,0,1,0,1,0,FAIL
circuit_0200,ghz,3,physics_violation,PyZX_heuristic,0,0,1,0,0,0,FAIL
circuit_0201,ghz,3,syntax,physics_constrained_agent,1,1,1,1,2,2,PASS
circuit_0201,ghz,3,syntax,QBugLM_unconstrained,0,0,1,0,0,0,FAIL
circuit_0201,ghz,3,syntax,PyZX_heuristic,0,0,1,0,0,0,FAIL
circuit_0202,ghz,3,structural,physics_constrained_agent,1,1,1,1,0,0,PASS
circuit_0202,ghz,3,structural,QBugLM_unconstrained,0,0,1,1,0,0,FAIL
circuit_0202,ghz,3,structural,PyZX_heuristic,0,0,1,1,-4,-3,FAIL
circuit_0203,ghz,4,gate_redundancy,physics_constrained_agent,1,1,1,1,2,0,PASS
circuit_0203,ghz,4,gate_redundancy,QBugLM_unconstrained,1,1,1,1,2,0,PASS
circuit_0203,ghz,4,gate_redundancy,PyZX_heuristic,1,1,1,1,-4,-3,PASS
circuit_0204,ghz,3,semantic_deviation,physics_constrained_agent,1,1,1,1,0,0,PASS
circuit_0204,ghz,3,semantic_deviation,QBugLM_unconstrained,0,0,1,1,0,0,FAIL
circuit_0204,ghz,3,semantic_deviation,PyZX_heuristic,0,0,1,1,-6,-4,FAIL
circuit_0205,ghz,3,physics_violation,physics_constrained_agent,1,1,1,1,1,0,PASS
circuit_0205,ghz,3,physics_violation,QBugLM_unconstrained,0,0,1,0,1,0,FAIL
circuit_0205,ghz,3,physics_violation,PyZX_heuristic,0,0,1,0,0,0,FAIL
circuit_0206,ghz,5,syntax,physics_constrained_agent,1,1,1,1,2,2,PASS
circuit_0206,ghz,5,syntax,QBugLM_unconstrained,1,1,1,1,2,2,PASS
circuit_0206,ghz,5,syntax,PyZX_heuristic,0,0,1,0,0,0,FAIL
circuit_0207,ghz,3,structural,physics_constrained_agent,1,1,1,1,0,0,PASS
circuit_0207,ghz,3,structural,QBugLM_unconstrained,0,0,1,1,0,0,FAIL
circuit_0207,ghz,3,structural,PyZX_heuristic,0,0,1,1,-2,-1,FAIL
circuit_0208,ghz,7,gate_redundancy,physics_constrained_agent,1,1,1,1,2,0,PASS
circuit_0208,ghz,7,gate_redundancy,QBugLM_unconstrained,1,1,1,1,2,0,PASS
circuit_0208,ghz,7,gate_redundancy,PyZX_heuristic,1,1,1,1,-10,-6,PASS
circuit_0209,ghz,4,semantic_deviation,physics_constrained_agent,1,1,1,1,0,0,PASS
circuit_0209,ghz,4,semantic_deviation,QBugLM_unconstrained,0,0,1,1,0,0,FAIL
circuit_0209,ghz,4,semantic_deviation,PyZX_heuristic,0,0,1,1,-8,-5,FAIL
circuit_0210,ghz,5,physics_violation,physics_constrained_agent,0,1,2,1,1,0,PASS
circuit_0210,ghz,5,physics_violation,QBugLM_unconstrained,0,0,1,0,-2,-1,FAIL
circuit_0210,ghz,5,physics_violation,PyZX_heuristic,0,0,1,0,-9,-6,FAIL
circuit_0211,ghz,6,syntax,physics_constrained_agent,1,1,1,1,2,2,PASS
circuit_0211,ghz,6,syntax,QBugLM_unconstrained,1,1,1,1,2,2,PASS
circuit_0211,ghz,6,syntax,PyZX_heuristic,0,0,1,0,0,0,FAIL
circuit_0212,ghz,4,structural,physics_constrained_agent,1,1,1,1,0,0,PASS
circuit_0212,ghz,4,structural,QBugLM_unconstrained,0,0,1,1,0,0,FAIL
circuit_0212,ghz,4,structural,PyZX_heuristic,0,0,1,1,-4,-1,FAIL
circuit_0213,ghz,7,gate_redundancy,physics_constrained_agent,1,1,1,1,2,0,PASS
circuit_0213,ghz,7,gate_redundancy,QBugLM_unconstrained,1,1,1,1,2,0,PASS
circuit_0213,ghz,7,gate_redundancy,PyZX_heuristic,1,1,1,1,-10,-6,PASS
circuit_0214,ghz,4,semantic_deviation,physics_constrained_agent,1,1,1,1,0,0,PASS
circuit_0214,ghz,4,semantic_deviation,QBugLM_unconstrained,0,0,1,1,0,0,FAIL
circuit_0214,ghz,4,semantic_deviation,PyZX_heuristic,0,0,1,1,-8,-5,FAIL
circuit_0215,ghz,7,physics_violation,physics_constrained_agent,1,1,1,1,1,0,PASS
circuit_0215,ghz,7,physics_violation,QBugLM_unconstrained,0,0,1,0,1,0,FAIL
circuit_0215,ghz,7,physics_violation,PyZX_heuristic,0,0,1,0,0,0,FAIL
circuit_0216,ghz,7,syntax,physics_constrained_agent,1,1,1,1,2,2,PASS
circuit_0216,ghz,7,syntax,QBugLM_unconstrained,1,1,1,1,2,2,PASS
circuit_0216,ghz,7,syntax,PyZX_heuristic,0,0,1,0,0,0,FAIL
circuit_0217,ghz,6,structural,physics_constrained_agent,1,1,1,1,-1,-2,PASS
circuit_0217,ghz,6,structural,QBugLM_unconstrained,0,0,1,1,0,0,FAIL
circuit_0217,ghz,6,structural,PyZX_heuristic,0,0,1,1,-8,-3,FAIL
circuit_0218,ghz,4,gate_redundancy,physics_constrained_agent,1,1,1,1,2,0,PASS
circuit_0218,ghz,4,gate_redundancy,QBugLM_unconstrained,1,1,1,1,2,0,PASS
circuit_0218,ghz,4,gate_redundancy,PyZX_heuristic,1,1,1,1,-4,-3,PASS
circuit_0219,ghz,6,semantic_deviation,physics_constrained_agent,1,1,1,1,0,0,PASS
circuit_0219,ghz,6,semantic_deviation,QBugLM_unconstrained,0,0,1,1,0,0,FAIL
circuit_0219,ghz,6,semantic_deviation,PyZX_heuristic,0,0,1,1,-12,-7,FAIL
circuit_0220,ghz,6,physics_violation,physics_constrained_agent,1,1,1,1,1,0,PASS
circuit_0220,ghz,6,physics_violation,QBugLM_unconstrained,0,0,1,0,1,0,FAIL
circuit_0220,ghz,6,physics_violation,PyZX_heuristic,0,0,1,0,0,0,FAIL
circuit_0221,ghz,4,syntax,physics_constrained_agent,1,1,1,1,2,2,PASS
circuit_0221,ghz,4,syntax,QBugLM_unconstrained,1,1,1,1,2,2,PASS
circuit_0221,ghz,4,syntax,PyZX_heuristic,0,0,1,0,0,0,FAIL
circuit_0222,ghz,3,structural,physics_constrained_agent,1,1,1,1,0,0,PASS
circuit_0222,ghz,3,structural,QBugLM_unconstrained,0,0,1,1,0,0,FAIL
circuit_0222,ghz,3,structural,PyZX_heuristic,0,0,1,1,-4,-3,FAIL
circuit_0223,ghz,3,gate_redundancy,physics_constrained_agent,1,1,1,1,2,2,PASS
circuit_0223,ghz,3,gate_redundancy,QBugLM_unconstrained,1,1,1,1,2,2,PASS
circuit_0223,ghz,3,gate_redundancy,PyZX_heuristic,1,1,1,1,-2,0,PASS
circuit_0224,ghz,6,semantic_deviation,physics_constrained_agent,1,1,1,1,0,0,PASS
circuit_0224,ghz,6,semantic_deviation,QBugLM_unconstrained,0,0,1,1,0,0,FAIL
circuit_0224,ghz,6,semantic_deviation,PyZX_heuristic,0,0,1,1,-12,-7,FAIL
circuit_0225,ghz,5,physics_violation,physics_constrained_agent,0,1,2,1,1,0,PASS
circuit_0225,ghz,5,physics_violation,QBugLM_unconstrained,0,0,1,0,-2,-1,FAIL
circuit_0225,ghz,5,physics_violation,PyZX_heuristic,0,0,1,0,-9,-6,FAIL
circuit_0226,ghz,6,syntax,physics_constrained_agent,1,1,1,1,2,2,PASS
circuit_0226,ghz,6,syntax,QBugLM_unconstrained,0,0,1,0,0,0,FAIL
circuit_0226,ghz,6,syntax,PyZX_heuristic,0,0,1,0,0,0,FAIL
circuit_0227,ghz,6,structural,physics_constrained_agent,1,1,1,1,-1,-1,PASS
circuit_0227,ghz,6,structural,QBugLM_unconstrained,0,0,1,1,0,0,FAIL
circuit_0227,ghz,6,structural,PyZX_heuristic,0,0,1,1,-12,-7,FAIL
circuit_0228,ghz,6,gate_redundancy,physics_constrained_agent,1,1,1,1,2,0,PASS
circuit_0228,ghz,6,gate_redundancy,QBugLM_unconstrained,1,1,1,1,2,0,PASS
circuit_0228,ghz,6,gate_redundancy,PyZX_heuristic,1,1,1,1,-8,-5,PASS
circuit_0229,ghz,3,semantic_deviation,physics_constrained_agent,1,1,1,1,0,0,PASS
circuit_0229,ghz,3,semantic_deviation,QBugLM_unconstrained,0,0,1,1,0,0,FAIL
circuit_0229,ghz,3,semantic_deviation,PyZX_heuristic,0,0,1,1,-6,-4,FAIL
circuit_0230,ghz,3,physics_violation,physics_constrained_agent,1,1,1,1,1,0,PASS
circuit_0230,ghz,3,physics_violation,QBugLM_unconstrained,0,0,1,0,1,0,FAIL
circuit_0230,ghz,3,physics_violation,PyZX_heuristic,0,0,1,0,0,0,FAIL
circuit_0231,ghz,3,syntax,physics_constrained_agent,1,1,1,1,2,2,PASS
circuit_0231,ghz,3,syntax,QBugLM_unconstrained,1,1,1,1,2,2,PASS
circuit_0231,ghz,3,syntax,PyZX_heuristic,0,0,1,0,0,0,FAIL
circuit_0232,ghz,6,structural,physics_constrained_agent,1,1,1,1,-1,-3,PASS
circuit_0232,ghz,6,structural,QBugLM_unconstrained,0,0,1,1,0,0,FAIL
circuit_0232,ghz,6,structural,PyZX_heuristic,0,0,1,1,-10,-3,FAIL
circuit_0233,ghz,5,gate_redundancy,physics_constrained_agent,1,1,1,1,2,1,PASS
circuit_0233,ghz,5,gate_redundancy,QBugLM_unconstrained,1,1,1,1,2,1,PASS
circuit_0233,ghz,5,gate_redundancy,PyZX_heuristic,1,1,1,1,-6,-3,PASS
circuit_0234,ghz,3,semantic_deviation,physics_constrained_agent,1,1,1,1,0,0,PASS
circuit_0234,ghz,3,semantic_deviation,QBugLM_unconstrained,0,0,1,1,0,0,FAIL
circuit_0234,ghz,3,semantic_deviation,PyZX_heuristic,0,0,1,1,-6,-4,FAIL
circuit_0235,ghz,4,physics_violation,physics_constrained_agent,0,1,2,1,1,1,PASS
circuit_0235,ghz,4,physics_violation,QBugLM_unconstrained,0,0,1,0,-2,-1,FAIL
circuit_0235,ghz,4,physics_violation,PyZX_heuristic,0,0,1,0,-7,-2,FAIL
circuit_0236,ghz,4,syntax,physics_constrained_agent,1,1,1,1,2,2,PASS
circuit_0236,ghz,4,syntax,QBugLM_unconstrained,0,0,1,0,0,0,FAIL
circuit_0236,ghz,4,syntax,PyZX_heuristic,0,0,1,0,0,0,FAIL
circuit_0237,ghz,4,structural,physics_constrained_agent,1,1,1,1,0,0,PASS
circuit_0237,ghz,4,structural,QBugLM_unconstrained,0,0,1,1,0,0,FAIL
circuit_0237,ghz,4,structural,PyZX_heuristic,0,0,1,1,-4,-1,FAIL
circuit_0238,ghz,7,gate_redundancy,physics_constrained_agent,1,1,1,1,2,2,PASS
circuit_0238,ghz,7,gate_redundancy,QBugLM_unconstrained,1,1,1,1,2,2,PASS
circuit_0238,ghz,7,gate_redundancy,PyZX_heuristic,1,1,1,1,-10,-4,PASS
circuit_0239,ghz,6,semantic_deviation,physics_constrained_agent,1,1,1,1,0,0,PASS
circuit_0239,ghz,6,semantic_deviation,QBugLM_unconstrained,0,0,1,1,0,0,FAIL
circuit_0239,ghz,6,semantic_deviation,PyZX_heuristic,0,0,1,1,-12,-7,FAIL
circuit_0240,ghz,4,physics_violation,physics_constrained_agent,0,1,2,1,1,1,PASS
circuit_0240,ghz,4,physics_violation,QBugLM_unconstrained,0,0,1,0,-2,-1,FAIL
circuit_0240,ghz,4,physics_violation,PyZX_heuristic,0,0,1,0,-7,-2,FAIL
circuit_0241,ghz,6,syntax,physics_constrained_agent,1,1,1,1,2,2,PASS
circuit_0241,ghz,6,syntax,QBugLM_unconstrained,1,1,1,1,2,2,PASS
circuit_0241,ghz,6,syntax,PyZX_heuristic,0,0,1,0,0,0,FAIL
circuit_0242,ghz,4,structural,physics_constrained_agent,1,1,1,1,-1,-2,PASS
circuit_0242,ghz,4,structural,QBugLM_unconstrained,0,0,1,1,0,0,FAIL
circuit_0242,ghz,4,structural,PyZX_heuristic,0,0,1,1,-4,-1,FAIL
circuit_0243,ghz,5,gate_redundancy,physics_constrained_agent,1,1,1,1,2,2,PASS
circuit_0243,ghz,5,gate_redundancy,QBugLM_unconstrained,1,1,1,1,2,2,PASS
circuit_0243,ghz,5,gate_redundancy,PyZX_heuristic,1,1,1,1,-6,-2,PASS
circuit_0244,ghz,6,semantic_deviation,physics_constrained_agent,1,1,1,1,0,0,PASS
circuit_0244,ghz,6,semantic_deviation,QBugLM_unconstrained,0,0,1,1,0,0,FAIL
circuit_0244,ghz,6,semantic_deviation,PyZX_heuristic,0,0,1,1,-12,-7,FAIL
circuit_0245,ghz,4,physics_violation,physics_constrained_agent,0,1,2,1,1,1,PASS
circuit_0245,ghz,4,physics_violation,QBugLM_unconstrained,0,0,1,0,-2,-1,FAIL
circuit_0245,ghz,4,physics_violation,PyZX_heuristic,0,0,1,0,-7,-2,FAIL
circuit_0246,ghz,3,syntax,physics_constrained_agent,1,1,1,1,2,2,PASS
circuit_0246,ghz,3,syntax,QBugLM_unconstrained,0,0,1,0,0,0,FAIL
circuit_0246,ghz,3,syntax,PyZX_heuristic,0,0,1,0,0,0,FAIL
circuit_0247,ghz,6,structural,physics_constrained_agent,1,1,1,1,0,0,PASS
circuit_0247,ghz,6,structural,QBugLM_unconstrained,0,0,1,1,0,0,FAIL
circuit_0247,ghz,6,structural,PyZX_heuristic,0,0,1,1,-10,-2,FAIL
circuit_0248,ghz,7,gate_redundancy,physics_constrained_agent,1,1,1,1,2,0,PASS
circuit_0248,ghz,7,gate_redundancy,QBugLM_unconstrained,1,1,1,1,2,0,PASS
circuit_0248,ghz,7,gate_redundancy,PyZX_heuristic,1,1,1,1,-10,-6,PASS
circuit_0249,ghz,3,semantic_deviation,physics_constrained_agent,1,1,1,1,0,0,PASS
circuit_0249,ghz,3,semantic_deviation,QBugLM_unconstrained,0,0,1,1,0,0,FAIL
circuit_0249,ghz,3,semantic_deviation,PyZX_heuristic,0,0,1,1,-6,-4,FAIL
circuit_0250,ghz,3,physics_violation,physics_constrained_agent,0,1,2,1,1,1,PASS
circuit_0250,ghz,3,physics_violation,QBugLM_unconstrained,0,0,1,0,-2,-2,FAIL
circuit_0250,ghz,3,physics_violation,PyZX_heuristic,0,0,1,0,-4,-2,FAIL
circuit_0251,qaoa_maxcut,8,syntax,physics_constrained_agent,1,1,1,1,2,2,PASS
circuit_0251,qaoa_maxcut,8,syntax,QBugLM_unconstrained,1,1,1,1,2,2,PASS
circuit_0251,qaoa_maxcut,8,syntax,PyZX_heuristic,0,0,1,0,0,0,FAIL
circuit_0252,qaoa_maxcut,4,structural,physics_constrained_agent,1,1,1,1,-1,0,PASS
circuit_0252,qaoa_maxcut,4,structural,QBugLM_unconstrained,0,0,1,1,0,0,FAIL
circuit_0252,qaoa_maxcut,4,structural,PyZX_heuristic,0,0,1,0,-30,-28,FAIL
circuit_0253,qaoa_maxcut,4,gate_redundancy,physics_constrained_agent,1,1,1,1,-16,-12,PASS
circuit_0253,qaoa_maxcut,4,gate_redundancy,QBugLM_unconstrained,1,1,1,1,-16,-12,PASS
circuit_0253,qaoa_maxcut,4,gate_redundancy,PyZX_heuristic,0,0,1,0,0,0,FAIL
circuit_0254,qaoa_maxcut,5,semantic_deviation,physics_constrained_agent,1,1,1,1,0,0,PASS
circuit_0254,qaoa_maxcut,5,semantic_deviation,QBugLM_unconstrained,0,0,1,1,0,0,FAIL
circuit_0254,qaoa_maxcut,5,semantic_deviation,PyZX_heuristic,0,0,1,0,-44,-44,FAIL
circuit_0255,qaoa_maxcut,5,physics_violation,physics_constrained_agent,1,1,1,1,-23,-27,PASS
circuit_0255,qaoa_maxcut,5,physics_violation,QBugLM_unconstrained,0,0,1,0,-23,-27,FAIL
circuit_0255,qaoa_maxcut,5,physics_violation,PyZX_heuristic,0,0,1,0,0,0,FAIL
circuit_0256,qaoa_maxcut,7,syntax,physics_constrained_agent,1,1,1,1,2,2,PASS
circuit_0256,qaoa_maxcut,7,syntax,QBugLM_unconstrained,1,1,1,1,2,2,PASS
circuit_0256,qaoa_maxcut,7,syntax,PyZX_heuristic,0,0,1,0,0,0,FAIL
circuit_0257,qaoa_maxcut,7,structural,physics_constrained_agent,1,1,1,1,0,0,PASS
circuit_0257,qaoa_maxcut,7,structural,QBugLM_unconstrained,0,0,1,1,0,0,FAIL
circuit_0257,qaoa_maxcut,7,structural,PyZX_heuristic,0,0,1,0,0,0,FAIL
circuit_0258,qaoa_maxcut,7,gate_redundancy,physics_constrained_agent,1,1,1,1,-40,-43,PASS
circuit_0258,qaoa_maxcut,7,gate_redundancy,QBugLM_unconstrained,1,1,1,1,-40,-43,PASS
circuit_0258,qaoa_maxcut,7,gate_redundancy,PyZX_heuristic,0,0,1,0,0,0,FAIL
circuit_0259,qaoa_maxcut,5,semantic_deviation,physics_constrained_agent,1,1,1,1,0,0,PASS
circuit_0259,qaoa_maxcut,5,semantic_deviation,QBugLM_unconstrained,0,0,1,1,0,0,FAIL
circuit_0259,qaoa_maxcut,5,semantic_deviation,PyZX_heuristic,0,0,1,0,-32,-32,FAIL
circuit_0260,qaoa_maxcut,7,physics_violation,physics_constrained_agent,1,1,1,1,-39,-41,PASS
circuit_0260,qaoa_maxcut,7,physics_violation,QBugLM_unconstrained,0,0,1,0,-39,-41,FAIL
circuit_0260,qaoa_maxcut,7,physics_violation,PyZX_heuristic,0,0,1,0,0,0,FAIL
circuit_0261,qaoa_maxcut,4,syntax,physics_constrained_agent,1,1,1,1,2,2,PASS
circuit_0261,qaoa_maxcut,4,syntax,QBugLM_unconstrained,1,1,1,1,2,2,PASS
circuit_0261,qaoa_maxcut,4,syntax,PyZX_heuristic,0,0,1,0,0,0,FAIL
circuit_0262,qaoa_maxcut,5,structural,physics_constrained_agent,1,1,1,1,-1,0,PASS
circuit_0262,qaoa_maxcut,5,structural,QBugLM_unconstrained,0,0,1,1,0,0,FAIL
circuit_0262,qaoa_maxcut,5,structural,PyZX_heuristic,0,0,1,0,-36,-35,FAIL
circuit_0263,qaoa_maxcut,7,gate_redundancy,physics_constrained_agent,1,1,1,1,2,0,PASS
circuit_0263,qaoa_maxcut,7,gate_redundancy,QBugLM_unconstrained,1,1,1,1,2,0,PASS
circuit_0263,qaoa_maxcut,7,gate_redundancy,PyZX_heuristic,0,0,1,0,-86,-82,FAIL
circuit_0264,qaoa_maxcut,4,semantic_deviation,physics_constrained_agent,1,1,1,1,0,0,PASS
circuit_0264,qaoa_maxcut,4,semantic_deviation,QBugLM_unconstrained,0,0,1,1,0,0,FAIL
circuit_0264,qaoa_maxcut,4,semantic_deviation,PyZX_heuristic,0,0,1,0,-12,-10,FAIL
circuit_0265,qaoa_maxcut,7,physics_violation,physics_constrained_agent,1,1,1,1,-39,-41,PASS
circuit_0265,qaoa_maxcut,7,physics_violation,QBugLM_unconstrained,0,0,1,0,-39,-41,FAIL
circuit_0265,qaoa_maxcut,7,physics_violation,PyZX_heuristic,0,0,1,0,0,0,FAIL
circuit_0266,qaoa_maxcut,6,syntax,physics_constrained_agent,1,1,1,1,2,2,PASS
circuit_0266,qaoa_maxcut,6,syntax,QBugLM_unconstrained,1,1,1,1,2,2,PASS
circuit_0266,qaoa_maxcut,6,syntax,PyZX_heuristic,0,0,1,0,0,0,FAIL
circuit_0267,qaoa_maxcut,7,structural,physics_constrained_agent,1,1,1,1,-1,0,PASS
circuit_0267,qaoa_maxcut,7,structural,QBugLM_unconstrained,1,1,1,1,0,0,PASS
circuit_0267,qaoa_maxcut,7,structural,PyZX_heuristic,0,0,1,0,0,0,FAIL
circuit_0268,qaoa_maxcut,6,gate_redundancy,physics_constrained_agent,1,1,1,1,-16,-17,PASS
circuit_0268,qaoa_maxcut,6,gate_redundancy,QBugLM_unconstrained,1,1,1,1,-16,-17,PASS
circuit_0268,qaoa_maxcut,6,gate_redundancy,PyZX_heuristic,0,0,1,0,0,0,FAIL
circuit_0269,qaoa_maxcut,7,semantic_deviation,physics_constrained_agent,0,1,3,1,-40,-41,PASS
circuit_0269,qaoa_maxcut,7,semantic_deviation,QBugLM_unconstrained,0,0,1,1,-40,-41,FAIL
circuit_0269,qaoa_maxcut,7,semantic_deviation,PyZX_heuristic,0,0,1,0,0,0,FAIL
circuit_0270,qaoa_maxcut,8,physics_violation,physics_constrained_agent,0,1,3,1,-47,-50,PASS
circuit_0270,qaoa_maxcut,8,physics_violation,QBugLM_unconstrained,0,0,1,0,-50,-51,FAIL
circuit_0270,qaoa_maxcut,8,physics_violation,PyZX_heuristic,0,0,1,0,0,0,FAIL
circuit_0271,qaoa_maxcut,7,syntax,physics_constrained_agent,0,1,2,1,-38,-39,PASS
circuit_0271,qaoa_maxcut,7,syntax,QBugLM_unconstrained,0,0,1,0,2,2,FAIL
circuit_0271,qaoa_maxcut,7,syntax,PyZX_heuristic,0,0,1,0,0,0,FAIL
circuit_0272,qaoa_maxcut,5,structural,physics_constrained_agent,1,1,1,1,-1,-2,PASS
circuit_0272,qaoa_maxcut,5,structural,QBugLM_unconstrained,1,1,1,1,0,0,PASS
circuit_0272,qaoa_maxcut,5,structural,PyZX_heuristic,0,0,1,0,-19,-11,FAIL
circuit_0273,qaoa_maxcut,5,gate_redundancy,physics_constrained_agent,1,1,1,1,2,2,PASS
circuit_0273,qaoa_maxcut,5,gate_redundancy,QBugLM_unconstrained,1,1,1,1,2,2,PASS
circuit_0273,qaoa_maxcut,5,gate_redundancy,PyZX_heuristic,0,0,1,0,-42,-42,FAIL
circuit_0274,qaoa_maxcut,6,semantic_deviation,physics_constrained_agent,1,1,1,1,0,0,PASS
circuit_0274,qaoa_maxcut,6,semantic_deviation,QBugLM_unconstrained,0,0,1,1,0,0,FAIL
circuit_0274,qaoa_maxcut,6,semantic_deviation,PyZX_heuristic,0,0,1,0,-32,-28,FAIL
circuit_0275,qaoa_maxcut,5,physics_violation,physics_constrained_agent,1,1,1,1,1,0,PASS
circuit_0275,qaoa_maxcut,5,physics_violation,QBugLM_unconstrained,0,0,1,0,1,0,FAIL
circuit_0275,qaoa_maxcut,5,physics_violation,PyZX_heuristic,0,0,1,0,0,0,FAIL
circuit_0276,qaoa_maxcut,4,syntax,physics_constrained_agent,0,1,2,1,-6,-4,PASS
circuit_0276,qaoa_maxcut,4,syntax,QBugLM_unconstrained,0,0,1,0,2,2,FAIL
circuit_0276,qaoa_maxcut,4,syntax,PyZX_heuristic,0,0,1,0,0,0,FAIL
circuit_0277,qaoa_maxcut,8,structural,physics_constrained_agent,0,1,2,1,-1,0,PASS
circuit_0277,qaoa_maxcut,8,structural,QBugLM_unconstrained,0,0,1,1,0,0,FAIL
circuit_0277,qaoa_maxcut,8,structural,PyZX_heuristic,0,0,1,0,-60,-49,FAIL
circuit_0278,qaoa_maxcut,8,gate_redundancy,physics_constrained_agent,1,1,1,1,2,0,PASS
circuit_0278,qaoa_maxcut,8,gate_redundancy,QBugLM_unconstrained,1,1,1,1,2,0,PASS
circuit_0278,qaoa_maxcut,8,gate_redundancy,PyZX_heuristic,0,0,1,0,-32,-23,FAIL
circuit_0279,qaoa_maxcut,4,semantic_deviation,physics_constrained_agent,1,1,1,1,0,0,PASS
circuit_0279,qaoa_maxcut,4,semantic_deviation,QBugLM_unconstrained,0,0,1,1,0,0,FAIL
circuit_0279,qaoa_maxcut,4,semantic_deviation,PyZX_heuristic,0,0,1,0,-10,-4,FAIL
circuit_0280,qaoa_maxcut,6,physics_violation,physics_constrained_agent,1,1,1,1,-31,-33,PASS
circuit_0280,qaoa_maxcut,6,physics_violation,QBugLM_unconstrained,0,0,1,0,-31,-33,FAIL
circuit_0280,qaoa_maxcut,6,physics_violation,PyZX_heuristic,0,0,1,0,0,0,FAIL
circuit_0281,qaoa_maxcut,4,syntax,physics_constrained_agent,0,1,2,1,-6,-4,PASS
circuit_0281,qaoa_maxcut,4,syntax,QBugLM_unconstrained,0,0,1,0,2,2,FAIL
circuit_0281,qaoa_maxcut,4,syntax,PyZX_heuristic,0,0,1,0,0,0,FAIL
circuit_0282,qaoa_maxcut,4,structural,physics_constrained_agent,0,1,3,1,-16,-13,PASS
circuit_0282,qaoa_maxcut,4,structural,QBugLM_unconstrained,0,0,1,1,-16,-12,FAIL
circuit_0282,qaoa_maxcut,4,structural,PyZX_heuristic,0,0,1,0,0,0,FAIL
circuit_0283,qaoa_maxcut,8,gate_redundancy,physics_constrained_agent,1,1,1,1,-24,-24,PASS
circuit_0283,qaoa_maxcut,8,gate_redundancy,QBugLM_unconstrained,1,1,1,1,-24,-24,PASS
circuit_0283,qaoa_maxcut,8,gate_redundancy,PyZX_heuristic,0,0,1,0,0,0,FAIL
circuit_0284,qaoa_maxcut,7,semantic_deviation,physics_constrained_agent,1,1,1,1,0,0,PASS
circuit_0284,qaoa_maxcut,7,semantic_deviation,QBugLM_unconstrained,0,0,1,1,0,0,FAIL
circuit_0284,qaoa_maxcut,7,semantic_deviation,PyZX_heuristic,0,0,1,0,-78,-57,FAIL
circuit_0285,qaoa_maxcut,8,physics_violation,physics_constrained_agent,0,1,3,1,-47,-50,PASS
circuit_0285,qaoa_maxcut,8,physics_violation,QBugLM_unconstrained,0,0,1,0,-50,-51,FAIL
circuit_0285,qaoa_maxcut,8,physics_violation,PyZX_heuristic,0,0,1,0,0,0,FAIL
circuit_0286,qaoa_maxcut,8,syntax,physics_constrained_agent,0,0,3,0,2,2,FAIL
circuit_0286,qaoa_maxcut,8,syntax,QBugLM_unconstrained,0,0,1,0,0,0,FAIL
circuit_0286,qaoa_maxcut,8,syntax,PyZX_heuristic,0,0,1,0,0,0,FAIL
circuit_0287,qaoa_maxcut,5,structural,physics_constrained_agent,0,1,3,1,-24,-27,PASS
circuit_0287,qaoa_maxcut,5,structural,QBugLM_unconstrained,0,0,1,1,-24,-27,FAIL
circuit_0287,qaoa_maxcut,5,structural,PyZX_heuristic,0,0,1,0,0,0,FAIL
circuit_0288,qaoa_maxcut,4,gate_redundancy,physics_constrained_agent,1,1,1,1,-8,-6,PASS
circuit_0288,qaoa_maxcut,4,gate_redundancy,QBugLM_unconstrained,1,1,1,1,-8,-6,PASS
circuit_0288,qaoa_maxcut,4,gate_redundancy,PyZX_heuristic,0,0,1,0,-12,-5,FAIL
circuit_0289,qaoa_maxcut,8,semantic_deviation,physics_constrained_agent,0,1,3,1,-48,-50,PASS
circuit_0289,qaoa_maxcut,8,semantic_deviation,QBugLM_unconstrained,0,0,1,1,-48,-50,FAIL
circuit_0289,qaoa_maxcut,8,semantic_deviation,PyZX_heuristic,0,0,1,0,0,0,FAIL
circuit_0290,qaoa_maxcut,4,physics_violation,physics_constrained_agent,0,1,2,1,1,1,PASS
circuit_0290,qaoa_maxcut,4,physics_violation,QBugLM_unconstrained,0,0,1,0,-2,-1,FAIL
circuit_0290,qaoa_maxcut,4,physics_violation,PyZX_heuristic,0,0,1,0,-20,-10,FAIL
circuit_0291,qaoa_maxcut,5,syntax,physics_constrained_agent,0,1,2,1,-22,-25,PASS
circuit_0291,qaoa_maxcut,5,syntax,QBugLM_unconstrained,0,0,1,0,0,0,FAIL
circuit_0291,qaoa_maxcut,5,syntax,PyZX_heuristic,0,0,1,0,0,0,FAIL
circuit_0292,qaoa_maxcut,4,structural,physics_constrained_agent,0,1,3,1,-17,-12,PASS
circuit_0292,qaoa_maxcut,4,structural,QBugLM_unconstrained,0,0,1,1,-16,-12,FAIL
circuit_0292,qaoa_maxcut,4,structural,PyZX_heuristic,0,0,1,0,0,0,FAIL
circuit_0293,qaoa_maxcut,8,gate_redundancy,physics_constrained_agent,0,1,2,1,2,0,PASS
circuit_0293,qaoa_maxcut,8,gate_redundancy,QBugLM_unconstrained,1,1,1,1,2,0,PASS
circuit_0293,qaoa_maxcut,8,gate_redundancy,PyZX_heuristic,0,0,1,0,-78,-64,FAIL
circuit_0294,qaoa_maxcut,4,semantic_deviation,physics_constrained_agent,1,1,1,1,0,0,PASS
circuit_0294,qaoa_maxcut,4,semantic_deviation,QBugLM_unconstrained,0,0,1,1,0,0,FAIL
circuit_0294,qaoa_maxcut,4,semantic_deviation,PyZX_heuristic,0,0,1,1,-4,0,FAIL
circuit_0295,qaoa_maxcut,5,physics_violation,physics_constrained_agent,0,1,2,1,1,0,PASS
circuit_0295,qaoa_maxcut,5,physics_violation,QBugLM_unconstrained,0,0,1,0,-2,0,FAIL
circuit_0295,qaoa_maxcut,5,physics_violation,PyZX_heuristic,0,0,1,0,-44,-43,FAIL
circuit_0296,qaoa_maxcut,7,syntax,physics_constrained_agent,1,1,1,1,2,2,PASS
circuit_0296,qaoa_maxcut,7,syntax,QBugLM_unconstrained,1,1,1,1,2,2,PASS
circuit_0296,qaoa_maxcut,7,syntax,PyZX_heuristic,0,0,1,0,0,0,FAIL
circuit_0297,qaoa_maxcut,4,structural,physics_constrained_agent,1,1,1,1,-1,-1,PASS
circuit_0297,qaoa_maxcut,4,structural,QBugLM_unconstrained,1,1,1,1,0,0,PASS
circuit_0297,qaoa_maxcut,4,structural,PyZX_heuristic,0,0,1,0,-14,-10,FAIL
circuit_0298,qaoa_maxcut,8,gate_redundancy,physics_constrained_agent,1,1,1,1,2,0,PASS
circuit_0298,qaoa_maxcut,8,gate_redundancy,QBugLM_unconstrained,1,1,1,1,2,0,PASS
circuit_0298,qaoa_maxcut,8,gate_redundancy,PyZX_heuristic,0,0,1,0,-32,-23,FAIL
circuit_0299,qaoa_maxcut,5,semantic_deviation,physics_constrained_agent,0,1,3,1,-12,-12,PASS
circuit_0299,qaoa_maxcut,5,semantic_deviation,QBugLM_unconstrained,0,0,1,1,-12,-12,FAIL
circuit_0299,qaoa_maxcut,5,semantic_deviation,PyZX_heuristic,0,0,1,0,0,0,FAIL
circuit_0300,qaoa_maxcut,8,physics_violation,physics_constrained_agent,0,1,3,1,1,1,PASS
circuit_0300,qaoa_maxcut,8,physics_violation,QBugLM_unconstrained,0,0,1,0,-2,-1,FAIL
circuit_0300,qaoa_maxcut,8,physics_violation,PyZX_heuristic,0,0,1,0,-34,-24,FAIL
circuit_0301,qaoa_maxcut,8,syntax,physics_constrained_agent,1,1,1,1,2,2,PASS
circuit_0301,qaoa_maxcut,8,syntax,QBugLM_unconstrained,1,1,1,1,2,2,PASS
circuit_0301,qaoa_maxcut,8,syntax,PyZX_heuristic,0,0,1,0,0,0,FAIL
circuit_0302,qaoa_maxcut,4,structural,physics_constrained_agent,1,1,1,1,0,0,PASS
circuit_0302,qaoa_maxcut,4,structural,QBugLM_unconstrained,0,0,1,1,0,0,FAIL
circuit_0302,qaoa_maxcut,4,structural,PyZX_heuristic,0,0,1,0,0,0,FAIL
circuit_0303,qaoa_maxcut,8,gate_redundancy,physics_constrained_agent,1,1,1,1,-24,-24,PASS
circuit_0303,qaoa_maxcut,8,gate_redundancy,QBugLM_unconstrained,1,1,1,1,-24,-24,PASS
circuit_0303,qaoa_maxcut,8,gate_redundancy,PyZX_heuristic,0,0,1,0,0,0,FAIL
circuit_0304,qaoa_maxcut,4,semantic_deviation,physics_constrained_agent,0,1,3,1,-8,-6,PASS
circuit_0304,qaoa_maxcut,4,semantic_deviation,QBugLM_unconstrained,0,0,1,1,-8,-6,FAIL
circuit_0304,qaoa_maxcut,4,semantic_deviation,PyZX_heuristic,0,0,1,0,-7,-1,FAIL
circuit_0305,qaoa_maxcut,7,physics_violation,physics_constrained_agent,1,1,1,1,1,0,PASS
circuit_0305,qaoa_maxcut,7,physics_violation,QBugLM_unconstrained,0,0,1,0,1,0,FAIL
circuit_0305,qaoa_maxcut,7,physics_violation,PyZX_heuristic,0,0,1,0,0,0,FAIL
circuit_0306,qaoa_maxcut,8,syntax,physics_constrained_agent,0,1,2,1,-22,-22,PASS
circuit_0306,qaoa_maxcut,8,syntax,QBugLM_unconstrained,0,0,1,0,0,0,FAIL
circuit_0306,qaoa_maxcut,8,syntax,PyZX_heuristic,0,0,1,0,0,0,FAIL
circuit_0307,qaoa_maxcut,8,structural,physics_constrained_agent,1,1,1,1,0,0,PASS
circuit_0307,qaoa_maxcut,8,structural,QBugLM_unconstrained,0,0,1,1,0,0,FAIL
circuit_0307,qaoa_maxcut,8,structural,PyZX_heuristic,0,0,1,0,0,0,FAIL
circuit_0308,qaoa_maxcut,8,gate_redundancy,physics_constrained_agent,1,1,1,1,-24,-24,PASS
circuit_0308,qaoa_maxcut,8,gate_redundancy,QBugLM_unconstrained,1,1,1,1,-24,-24,PASS
circuit_0308,qaoa_maxcut,8,gate_redundancy,PyZX_heuristic,0,0,1,0,0,0,FAIL
circuit_0309,qaoa_maxcut,6,semantic_deviation,physics_constrained_agent,0,1,3,1,-32,-34,PASS
circuit_0309,qaoa_maxcut,6,semantic_deviation,QBugLM_unconstrained,0,0,1,1,-32,-34,FAIL
circuit_0309,qaoa_maxcut,6,semantic_deviation,PyZX_heuristic,0,0,1,0,0,0,FAIL
circuit_0310,qaoa_maxcut,6,physics_violation,physics_constrained_agent,1,1,1,1,-15,-16,PASS
circuit_0310,qaoa_maxcut,6,physics_violation,QBugLM_unconstrained,0,0,1,0,-15,-16,FAIL
circuit_0310,qaoa_maxcut,6,physics_violation,PyZX_heuristic,0,0,1,0,0,0,FAIL
circuit_0311,qaoa_maxcut,5,syntax,physics_constrained_agent,1,1,1,1,2,2,PASS
circuit_0311,qaoa_maxcut,5,syntax,QBugLM_unconstrained,1,1,1,1,2,2,PASS
circuit_0311,qaoa_maxcut,5,syntax,PyZX_heuristic,0,0,1,0,0,0,FAIL
circuit_0312,qaoa_maxcut,6,structural,physics_constrained_agent,1,1,1,1,-1,-1,PASS
circuit_0312,qaoa_maxcut,6,structural,QBugLM_unconstrained,1,1,1,1,0,0,PASS
circuit_0312,qaoa_maxcut,6,structural,PyZX_heuristic,0,0,1,0,0,0,FAIL
circuit_0313,qaoa_maxcut,5,gate_redundancy,physics_constrained_agent,1,1,1,1,2,0,PASS
circuit_0313,qaoa_maxcut,5,gate_redundancy,QBugLM_unconstrained,1,1,1,1,2,0,PASS
circuit_0313,qaoa_maxcut,5,gate_redundancy,PyZX_heuristic,0,0,1,0,-36,-28,FAIL
circuit_0314,qaoa_maxcut,6,semantic_deviation,physics_constrained_agent,0,1,3,1,-32,-34,PASS
circuit_0314,qaoa_maxcut,6,semantic_deviation,QBugLM_unconstrained,0,0,1,1,-32,-34,FAIL
circuit_0314,qaoa_maxcut,6,semantic_deviation,PyZX_heuristic,0,0,1,0,0,0,FAIL
circuit_0315,qaoa_maxcut,7,physics_violation,physics_constrained_agent,0,1,2,1,1,1,PASS
circuit_0315,qaoa_maxcut,7,physics_violation,QBugLM_unconstrained,0,0,1,0,-2,-1,FAIL
circuit_0315,qaoa_maxcut,7,physics_violation,PyZX_heuristic,0,0,1,0,-34,-29,FAIL
circuit_0316,qaoa_maxcut,5,syntax,physics_constrained_agent,0,1,2,1,-10,-10,PASS
circuit_0316,qaoa_maxcut,5,syntax,QBugLM_unconstrained,0,0,1,0,2,2,FAIL
circuit_0316,qaoa_maxcut,5,syntax,PyZX_heuristic,0,0,1,0,0,0,FAIL
circuit_0317,qaoa_maxcut,6,structural,physics_constrained_agent,1,1,1,1,-1,0,PASS
circuit_0317,qaoa_maxcut,6,structural,QBugLM_unconstrained,0,0,1,1,0,0,FAIL
circuit_0317,qaoa_maxcut,6,structural,PyZX_heuristic,0,0,1,0,-50,-39,FAIL
circuit_0318,qaoa_maxcut,7,gate_redundancy,physics_constrained_agent,1,1,1,1,-40,-42,PASS
circuit_0318,qaoa_maxcut,7,gate_redundancy,QBugLM_unconstrained,1,1,1,1,-40,-42,PASS
circuit_0318,qaoa_maxcut,7,gate_redundancy,PyZX_heuristic,0,0,1,0,0,0,FAIL
circuit_0319,qaoa_maxcut,6,semantic_deviation,physics_constrained_agent,0,1,3,1,-16,-17,PASS
circuit_0319,qaoa_maxcut,6,semantic_deviation,QBugLM_unconstrained,0,0,1,1,-16,-17,FAIL
circuit_0319,qaoa_maxcut,6,semantic_deviation,PyZX_heuristic,0,0,1,0,0,0,FAIL
circuit_0320,qaoa_maxcut,4,physics_violation,physics_constrained_agent,1,1,1,1,-15,-11,PASS
circuit_0320,qaoa_maxcut,4,physics_violation,QBugLM_unconstrained,0,0,1,0,-15,-11,FAIL
circuit_0320,qaoa_maxcut,4,physics_violation,PyZX_heuristic,0,0,1,0,0,0,FAIL
circuit_0321,qaoa_maxcut,4,syntax,physics_constrained_agent,0,1,2,1,-6,-4,PASS
circuit_0321,qaoa_maxcut,4,syntax,QBugLM_unconstrained,0,0,1,0,2,2,FAIL
circuit_0321,qaoa_maxcut,4,syntax,PyZX_heuristic,0,0,1,0,0,0,FAIL
circuit_0322,qaoa_maxcut,7,structural,physics_constrained_agent,0,1,3,1,-21,-22,PASS
circuit_0322,qaoa_maxcut,7,structural,QBugLM_unconstrained,0,0,1,1,-20,-22,FAIL
circuit_0322,qaoa_maxcut,7,structural,PyZX_heuristic,0,0,1,0,0,0,FAIL
circuit_0323,qaoa_maxcut,8,gate_redundancy,physics_constrained_agent,1,1,1,1,-24,-24,PASS
circuit_0323,qaoa_maxcut,8,gate_redundancy,QBugLM_unconstrained,1,1,1,1,-24,-24,PASS
circuit_0323,qaoa_maxcut,8,gate_redundancy,PyZX_heuristic,0,0,1,0,0,0,FAIL
circuit_0324,qaoa_maxcut,8,semantic_deviation,physics_constrained_agent,1,1,1,1,0,0,PASS
circuit_0324,qaoa_maxcut,8,semantic_deviation,QBugLM_unconstrained,0,0,1,1,0,0,FAIL
circuit_0324,qaoa_maxcut,8,semantic_deviation,PyZX_heuristic,0,0,1,0,-34,-23,FAIL
circuit_0325,qaoa_maxcut,4,physics_violation,physics_constrained_agent,0,1,2,1,1,1,PASS
circuit_0325,qaoa_maxcut,4,physics_violation,QBugLM_unconstrained,0,0,1,0,-2,-1,FAIL
circuit_0325,qaoa_maxcut,4,physics_violation,PyZX_heuristic,0,0,1,0,-20,-10,FAIL
circuit_0326,qaoa_maxcut,4,syntax,physics_constrained_agent,0,1,2,1,-6,-4,PASS
circuit_0326,qaoa_maxcut,4,syntax,QBugLM_unconstrained,0,0,1,0,2,2,FAIL
circuit_0326,qaoa_maxcut,4,syntax,PyZX_heuristic,0,0,1,0,0,0,FAIL
circuit_0327,qaoa_maxcut,8,structural,physics_constrained_agent,0,0,3,1,-48,-50,FAIL
circuit_0327,qaoa_maxcut,8,structural,QBugLM_unconstrained,0,0,1,1,-48,-45,FAIL
circuit_0327,qaoa_maxcut,8,structural,PyZX_heuristic,0,0,1,0,0,0,FAIL
circuit_0328,qaoa_maxcut,5,gate_redundancy,physics_constrained_agent,1,1,1,1,2,0,PASS
circuit_0328,qaoa_maxcut,5,gate_redundancy,QBugLM_unconstrained,1,1,1,1,2,0,PASS
circuit_0328,qaoa_maxcut,5,gate_redundancy,PyZX_heuristic,0,0,1,0,-42,-42,FAIL
circuit_0329,qaoa_maxcut,8,semantic_deviation,physics_constrained_agent,1,1,1,1,0,0,PASS
circuit_0329,qaoa_maxcut,8,semantic_deviation,QBugLM_unconstrained,0,0,1,1,0,0,FAIL
circuit_0329,qaoa_maxcut,8,semantic_deviation,PyZX_heuristic,0,0,1,0,-60,-55,FAIL
circuit_0330,qaoa_maxcut,6,physics_violation,physics_constrained_agent,0,1,2,1,1,1,PASS
circuit_0330,qaoa_maxcut,6,physics_violation,QBugLM_unconstrained,0,0,1,0,-2,-1,FAIL
circuit_0330,qaoa_maxcut,6,physics_violation,PyZX_heuristic,0,0,1,0,-52,-34,FAIL
circuit_0331,qaoa_maxcut,5,syntax,physics_constrained_agent,1,1,1,1,2,2,PASS
circuit_0331,qaoa_maxcut,5,syntax,QBugLM_unconstrained,1,1,1,1,2,2,PASS
circuit_0331,qaoa_maxcut,5,syntax,PyZX_heuristic,0,0,1,0,0,0,FAIL
circuit_0332,qaoa_maxcut,6,structural,physics_constrained_agent,1,1,1,1,0,0,PASS
circuit_0332,qaoa_maxcut,6,structural,QBugLM_unconstrained,0,0,1,1,0,0,FAIL
circuit_0332,qaoa_maxcut,6,structural,PyZX_heuristic,0,0,1,0,0,0,FAIL
circuit_0333,qaoa_maxcut,4,gate_redundancy,physics_constrained_agent,1,1,1,1,2,0,PASS
circuit_0333,qaoa_maxcut,4,gate_redundancy,QBugLM_unconstrained,1,1,1,1,2,0,PASS
circuit_0333,qaoa_maxcut,4,gate_redundancy,PyZX_heuristic,0,0,1,0,-8,-4,FAIL
circuit_0334,qaoa_maxcut,5,semantic_deviation,physics_constrained_agent,0,1,3,1,-24,-27,PASS
circuit_0334,qaoa_maxcut,5,semantic_deviation,QBugLM_unconstrained,0,0,1,1,-24,-27,FAIL
circuit_0334,qaoa_maxcut,5,semantic_deviation,PyZX_heuristic,0,0,1,0,0,0,FAIL
circuit_0335,qaoa_maxcut,6,physics_violation,physics_constrained_agent,0,1,2,1,1,1,PASS
circuit_0335,qaoa_maxcut,6,physics_violation,QBugLM_unconstrained,0,0,1,0,-2,-1,FAIL
circuit_0335,qaoa_maxcut,6,physics_violation,PyZX_heuristic,0,0,1,0,-32,-29,FAIL
circuit_0336,qaoa_maxcut,6,syntax,physics_constrained_agent,1,1,1,1,2,2,PASS
circuit_0336,qaoa_maxcut,6,syntax,QBugLM_unconstrained,1,1,1,1,2,2,PASS
circuit_0336,qaoa_maxcut,6,syntax,PyZX_heuristic,0,0,1,0,0,0,FAIL
circuit_0337,qaoa_maxcut,5,structural,physics_constrained_agent,0,1,2,1,-1,0,PASS
circuit_0337,qaoa_maxcut,5,structural,QBugLM_unconstrained,0,0,1,1,2,0,FAIL
circuit_0337,qaoa_maxcut,5,structural,PyZX_heuristic,0,0,1,0,-32,-27,FAIL
circuit_0338,qaoa_maxcut,7,gate_redundancy,physics_constrained_agent,1,1,1,1,-40,-41,PASS
circuit_0338,qaoa_maxcut,7,gate_redundancy,QBugLM_unconstrained,1,1,1,1,-40,-41,PASS
circuit_0338,qaoa_maxcut,7,gate_redundancy,PyZX_heuristic,0,0,1,0,0,0,FAIL
circuit_0339,qaoa_maxcut,8,semantic_deviation,physics_constrained_agent,1,1,1,1,0,0,PASS
circuit_0339,qaoa_maxcut,8,semantic_deviation,QBugLM_unconstrained,0,0,1,1,0,0,FAIL
circuit_0339,qaoa_maxcut,8,semantic_deviation,PyZX_heuristic,0,0,1,0,-34,-23,FAIL
circuit_0340,qaoa_maxcut,6,physics_violation,physics_constrained_agent,0,1,2,1,1,1,PASS
circuit_0340,qaoa_maxcut,6,physics_violation,QBugLM_unconstrained,0,0,1,0,-2,-1,FAIL
circuit_0340,qaoa_maxcut,6,physics_violation,PyZX_heuristic,0,0,1,0,-32,-29,FAIL
circuit_0341,qaoa_maxcut,8,syntax,physics_constrained_agent,0,0,3,0,2,2,FAIL
circuit_0341,qaoa_maxcut,8,syntax,QBugLM_unconstrained,0,0,1,0,2,2,FAIL
circuit_0341,qaoa_maxcut,8,syntax,PyZX_heuristic,0,0,1,0,0,0,FAIL
circuit_0342,qaoa_maxcut,8,structural,physics_constrained_agent,0,1,3,1,-48,-50,PASS
circuit_0342,qaoa_maxcut,8,structural,QBugLM_unconstrained,0,0,1,1,-48,-50,FAIL
circuit_0342,qaoa_maxcut,8,structural,PyZX_heuristic,0,0,1,0,0,0,FAIL
circuit_0343,qaoa_maxcut,4,gate_redundancy,physics_constrained_agent,1,1,1,1,-16,-10,PASS
circuit_0343,qaoa_maxcut,4,gate_redundancy,QBugLM_unconstrained,1,1,1,1,-16,-10,PASS
circuit_0343,qaoa_maxcut,4,gate_redundancy,PyZX_heuristic,0,0,1,0,0,0,FAIL
circuit_0344,qaoa_maxcut,8,semantic_deviation,physics_constrained_agent,0,1,3,1,-48,-50,PASS
circuit_0344,qaoa_maxcut,8,semantic_deviation,QBugLM_unconstrained,0,0,1,1,-48,-50,FAIL
circuit_0344,qaoa_maxcut,8,semantic_deviation,PyZX_heuristic,0,0,1,0,0,0,FAIL
circuit_0345,qaoa_maxcut,6,physics_violation,physics_constrained_agent,1,1,1,1,1,0,PASS
circuit_0345,qaoa_maxcut,6,physics_violation,QBugLM_unconstrained,0,0,1,0,1,0,FAIL
circuit_0345,qaoa_maxcut,6,physics_violation,PyZX_heuristic,0,0,1,0,0,0,FAIL
circuit_0346,qaoa_maxcut,4,syntax,physics_constrained_agent,0,1,2,1,-14,-10,PASS
circuit_0346,qaoa_maxcut,4,syntax,QBugLM_unconstrained,0,0,1,0,0,0,FAIL
circuit_0346,qaoa_maxcut,4,syntax,PyZX_heuristic,0,0,1,0,0,0,FAIL
circuit_0347,qaoa_maxcut,5,structural,physics_constrained_agent,0,1,3,1,-24,-27,PASS
circuit_0347,qaoa_maxcut,5,structural,QBugLM_unconstrained,0,0,1,1,-24,-27,FAIL
circuit_0347,qaoa_maxcut,5,structural,PyZX_heuristic,0,0,1,0,0,0,FAIL
circuit_0348,qaoa_maxcut,6,gate_redundancy,physics_constrained_agent,1,1,1,1,-16,-15,PASS
circuit_0348,qaoa_maxcut,6,gate_redundancy,QBugLM_unconstrained,1,1,1,1,-16,-15,PASS
circuit_0348,qaoa_maxcut,6,gate_redundancy,PyZX_heuristic,0,0,1,0,0,0,FAIL
circuit_0349,qaoa_maxcut,4,semantic_deviation,physics_constrained_agent,1,1,1,1,0,0,PASS
circuit_0349,qaoa_maxcut,4,semantic_deviation,QBugLM_unconstrained,0,0,1,1,0,0,FAIL
circuit_0349,qaoa_maxcut,4,semantic_deviation,PyZX_heuristic,0,0,1,0,-10,-4,FAIL
circuit_0350,qaoa_maxcut,4,physics_violation,physics_constrained_agent,1,1,1,1,-15,-11,PASS
circuit_0350,qaoa_maxcut,4,physics_violation,QBugLM_unconstrained,0,0,1,0,-15,-11,FAIL
circuit_0350,qaoa_maxcut,4,physics_violation,PyZX_heuristic,0,0,1,0,0,0,FAIL
circuit_0351,qaoa_maxcut,8,syntax,physics_constrained_agent,1,1,1,1,2,2,PASS
circuit_0351,qaoa_maxcut,8,syntax,QBugLM_unconstrained,0,0,1,0,0,0,FAIL
circuit_0351,qaoa_maxcut,8,syntax,PyZX_heuristic,0,0,1,0,0,0,FAIL
circuit_0352,qaoa_maxcut,5,structural,physics_constrained_agent,0,1,3,1,-13,-14,PASS
circuit_0352,qaoa_maxcut,5,structural,QBugLM_unconstrained,0,0,1,1,-12,-13,FAIL
circuit_0352,qaoa_maxcut,5,structural,PyZX_heuristic,0,0,1,0,0,0,FAIL
circuit_0353,qaoa_maxcut,6,gate_redundancy,physics_constrained_agent,1,1,1,1,2,0,PASS
circuit_0353,qaoa_maxcut,6,gate_redundancy,QBugLM_unconstrained,1,1,1,1,2,0,PASS
circuit_0353,qaoa_maxcut,6,gate_redundancy,PyZX_heuristic,0,0,1,0,-18,-13,FAIL
circuit_0354,qaoa_maxcut,6,semantic_deviation,physics_constrained_agent,1,1,1,1,0,0,PASS
circuit_0354,qaoa_maxcut,6,semantic_deviation,QBugLM_unconstrained,0,0,1,1,0,0,FAIL
circuit_0354,qaoa_maxcut,6,semantic_deviation,PyZX_heuristic,0,0,1,0,-52,-36,FAIL
circuit_0355,qaoa_maxcut,8,physics_violation,physics_constrained_agent,0,1,2,1,1,0,PASS
circuit_0355,qaoa_maxcut,8,physics_violation,QBugLM_unconstrained,0,0,1,0,-2,0,FAIL
circuit_0355,qaoa_maxcut,8,physics_violation,PyZX_heuristic,0,0,1,0,0,0,FAIL
circuit_0356,qaoa_maxcut,5,syntax,physics_constrained_agent,0,1,2,1,-22,-25,PASS
circuit_0356,qaoa_maxcut,5,syntax,QBugLM_unconstrained,0,0,1,0,2,2,FAIL
circuit_0356,qaoa_maxcut,5,syntax,PyZX_heuristic,0,0,1,0,0,0,FAIL
circuit_0357,qaoa_maxcut,6,structural,physics_constrained_agent,1,1,1,1,-1,0,PASS
circuit_0357,qaoa_maxcut,6,structural,QBugLM_unconstrained,0,0,1,1,0,0,FAIL
circuit_0357,qaoa_maxcut,6,structural,PyZX_heuristic,0,0,1,0,-34,-28,FAIL
circuit_0358,qaoa_maxcut,5,gate_redundancy,physics_constrained_agent,1,1,1,1,2,0,PASS
circuit_0358,qaoa_maxcut,5,gate_redundancy,QBugLM_unconstrained,1,1,1,1,2,0,PASS
circuit_0358,qaoa_maxcut,5,gate_redundancy,PyZX_heuristic,0,0,1,0,-42,-44,FAIL
circuit_0359,qaoa_maxcut,6,semantic_deviation,physics_constrained_agent,1,1,1,1,0,0,PASS
circuit_0359,qaoa_maxcut,6,semantic_deviation,QBugLM_unconstrained,0,0,1,1,0,0,FAIL
circuit_0359,qaoa_maxcut,6,semantic_deviation,PyZX_heuristic,0,0,1,0,-52,-36,FAIL
circuit_0360,qaoa_maxcut,8,physics_violation,physics_constrained_agent,1,1,1,1,-23,-24,PASS
circuit_0360,qaoa_maxcut,8,physics_violation,QBugLM_unconstrained,0,0,1,0,-23,-24,FAIL
circuit_0360,qaoa_maxcut,8,physics_violation,PyZX_heuristic,0,0,1,0,0,0,FAIL
circuit_0361,qaoa_maxcut,7,syntax,physics_constrained_agent,1,1,1,1,2,2,PASS
circuit_0361,qaoa_maxcut,7,syntax,QBugLM_unconstrained,1,1,1,1,2,2,PASS
circuit_0361,qaoa_maxcut,7,syntax,PyZX_heuristic,0,0,1,0,0,0,FAIL
circuit_0362,qaoa_maxcut,6,structural,physics_constrained_agent,1,1,1,1,-1,0,PASS
circuit_0362,qaoa_maxcut,6,structural,QBugLM_unconstrained,0,0,1,1,0,0,FAIL
circuit_0362,qaoa_maxcut,6,structural,PyZX_heuristic,0,0,1,0,0,0,FAIL
circuit_0363,qaoa_maxcut,4,gate_redundancy,physics_constrained_agent,1,1,1,1,2,0,PASS
circuit_0363,qaoa_maxcut,4,gate_redundancy,QBugLM_unconstrained,1,1,1,1,2,0,PASS
circuit_0363,qaoa_maxcut,4,gate_redundancy,PyZX_heuristic,0,0,1,0,-22,-17,FAIL
circuit_0364,qaoa_maxcut,4,semantic_deviation,physics_constrained_agent,1,1,1,1,0,0,PASS
circuit_0364,qaoa_maxcut,4,semantic_deviation,QBugLM_unconstrained,0,0,1,1,0,0,FAIL
circuit_0364,qaoa_maxcut,4,semantic_deviation,PyZX_heuristic,0,0,1,0,-24,-18,FAIL
circuit_0365,qaoa_maxcut,7,physics_violation,physics_constrained_agent,0,1,3,1,-19,-21,PASS
circuit_0365,qaoa_maxcut,7,physics_violation,QBugLM_unconstrained,0,0,1,0,-22,-22,FAIL
circuit_0365,qaoa_maxcut,7,physics_violation,PyZX_heuristic,0,0,1,0,0,0,FAIL
circuit_0366,qaoa_maxcut,6,syntax,physics_constrained_agent,0,1,2,1,-30,-32,PASS
circuit_0366,qaoa_maxcut,6,syntax,QBugLM_unconstrained,0,0,1,0,2,2,FAIL
circuit_0366,qaoa_maxcut,6,syntax,PyZX_heuristic,0,0,1,0,0,0,FAIL
circuit_0367,qaoa_maxcut,4,structural,physics_constrained_agent,0,1,3,1,-16,-12,PASS
circuit_0367,qaoa_maxcut,4,structural,QBugLM_unconstrained,0,0,1,1,-16,-12,FAIL
circuit_0367,qaoa_maxcut,4,structural,PyZX_heuristic,0,0,1,0,0,0,FAIL
circuit_0368,qaoa_maxcut,4,gate_redundancy,physics_constrained_agent,1,1,1,1,2,2,PASS
circuit_0368,qaoa_maxcut,4,gate_redundancy,QBugLM_unconstrained,1,1,1,1,2,2,PASS
circuit_0368,qaoa_maxcut,4,gate_redundancy,PyZX_heuristic,0,0,1,0,-22,-16,FAIL
circuit_0369,qaoa_maxcut,6,semantic_deviation,physics_constrained_agent,1,1,1,1,0,0,PASS
circuit_0369,qaoa_maxcut,6,semantic_deviation,QBugLM_unconstrained,0,0,1,1,0,0,FAIL
circuit_0369,qaoa_maxcut,6,semantic_deviation,PyZX_heuristic,0,0,1,0,-52,-36,FAIL
circuit_0370,qaoa_maxcut,5,physics_violation,physics_constrained_agent,1,1,1,1,1,0,PASS
circuit_0370,qaoa_maxcut,5,physics_violation,QBugLM_unconstrained,0,0,1,0,1,0,FAIL
circuit_0370,qaoa_maxcut,5,physics_violation,PyZX_heuristic,0,0,1,0,0,0,FAIL
circuit_0371,qaoa_maxcut,6,syntax,physics_constrained_agent,0,1,2,1,-30,-32,PASS
circuit_0371,qaoa_maxcut,6,syntax,QBugLM_unconstrained,0,0,1,0,2,2,FAIL
circuit_0371,qaoa_maxcut,6,syntax,PyZX_heuristic,0,0,1,0,0,0,FAIL
circuit_0372,qaoa_maxcut,5,structural,physics_constrained_agent,1,1,1,1,0,0,PASS
circuit_0372,qaoa_maxcut,5,structural,QBugLM_unconstrained,0,0,1,1,0,0,FAIL
circuit_0372,qaoa_maxcut,5,structural,PyZX_heuristic,0,0,1,0,-35,-34,FAIL
circuit_0373,qaoa_maxcut,7,gate_redundancy,physics_constrained_agent,1,1,1,1,-20,-22,PASS
circuit_0373,qaoa_maxcut,7,gate_redundancy,QBugLM_unconstrained,1,1,1,1,-20,-22,PASS
circuit_0373,qaoa_maxcut,7,gate_redundancy,PyZX_heuristic,0,0,1,0,0,0,FAIL
circuit_0374,qaoa_maxcut,8,semantic_deviation,physics_constrained_agent,1,1,1,1,0,0,PASS
circuit_0374,qaoa_maxcut,8,semantic_deviation,QBugLM_unconstrained,0,0,1,1,0,0,FAIL
circuit_0374,qaoa_maxcut,8,semantic_deviation,PyZX_heuristic,0,0,1,0,-34,-23,FAIL
circuit_0375,qaoa_maxcut,7,physics_violation,physics_constrained_agent,0,1,3,1,-19,-21,PASS
circuit_0375,qaoa_maxcut,7,physics_violation,QBugLM_unconstrained,0,0,1,0,-22,-22,FAIL
circuit_0375,qaoa_maxcut,7,physics_violation,PyZX_heuristic,0,0,1,0,0,0,FAIL
circuit_0376,qaoa_maxcut,8,syntax,physics_constrained_agent,1,1,1,1,2,2,PASS
circuit_0376,qaoa_maxcut,8,syntax,QBugLM_unconstrained,0,0,1,0,0,0,FAIL
circuit_0376,qaoa_maxcut,8,syntax,PyZX_heuristic,0,0,1,0,0,0,FAIL
circuit_0377,qaoa_maxcut,4,structural,physics_constrained_agent,0,1,3,1,-8,-5,PASS
circuit_0377,qaoa_maxcut,4,structural,QBugLM_unconstrained,0,0,1,1,-8,-5,FAIL
circuit_0377,qaoa_maxcut,4,structural,PyZX_heuristic,0,0,1,0,0,0,FAIL
circuit_0378,qaoa_maxcut,4,gate_redundancy,physics_constrained_agent,1,1,1,1,2,2,PASS
circuit_0378,qaoa_maxcut,4,gate_redundancy,QBugLM_unconstrained,1,1,1,1,2,2,PASS
circuit_0378,qaoa_maxcut,4,gate_redundancy,PyZX_heuristic,0,0,1,0,-22,-16,FAIL
circuit_0379,qaoa_maxcut,4,semantic_deviation,physics_constrained_agent,0,1,3,1,-16,-12,PASS
circuit_0379,qaoa_maxcut,4,semantic_deviation,QBugLM_unconstrained,0,0,1,1,-16,-12,FAIL
circuit_0379,qaoa_maxcut,4,semantic_deviation,PyZX_heuristic,0,0,1,0,0,0,FAIL
circuit_0380,qaoa_maxcut,5,physics_violation,physics_constrained_agent,1,1,1,1,1,0,PASS
circuit_0380,qaoa_maxcut,5,physics_violation,QBugLM_unconstrained,0,0,1,0,1,0,FAIL
circuit_0380,qaoa_maxcut,5,physics_violation,PyZX_heuristic,0,0,1,0,0,0,FAIL
circuit_0381,qaoa_maxcut,8,syntax,physics_constrained_agent,1,1,1,1,2,2,PASS
circuit_0381,qaoa_maxcut,8,syntax,QBugLM_unconstrained,0,0,1,0,0,0,FAIL
circuit_0381,qaoa_maxcut,8,syntax,PyZX_heuristic,0,0,1,0,0,0,FAIL
circuit_0382,qaoa_maxcut,4,structural,physics_constrained_agent,0,1,3,1,-8,-6,PASS
circuit_0382,qaoa_maxcut,4,structural,QBugLM_unconstrained,0,0,1,1,-8,-7,FAIL
circuit_0382,qaoa_maxcut,4,structural,PyZX_heuristic,0,0,1,0,-12,-9,FAIL
circuit_0383,qaoa_maxcut,6,gate_redundancy,physics_constrained_agent,1,1,1,1,2,2,PASS
circuit_0383,qaoa_maxcut,6,gate_redundancy,QBugLM_unconstrained,1,1,1,1,2,2,PASS
circuit_0383,qaoa_maxcut,6,gate_redundancy,PyZX_heuristic,0,0,1,0,-30,-26,FAIL
circuit_0384,qaoa_maxcut,8,semantic_deviation,physics_constrained_agent,1,1,1,1,0,0,PASS
circuit_0384,qaoa_maxcut,8,semantic_deviation,QBugLM_unconstrained,0,0,1,1,0,0,FAIL
circuit_0384,qaoa_maxcut,8,semantic_deviation,PyZX_heuristic,0,0,1,0,-72,-50,FAIL
circuit_0385,qaoa_maxcut,8,physics_violation,physics_constrained_agent,0,1,2,1,1,0,PASS
circuit_0385,qaoa_maxcut,8,physics_violation,QBugLM_unconstrained,0,0,1,0,-2,0,FAIL
circuit_0385,qaoa_maxcut,8,physics_violation,PyZX_heuristic,0,0,1,0,0,0,FAIL
circuit_0386,qaoa_maxcut,5,syntax,physics_constrained_agent,1,1,1,1,2,2,PASS
circuit_0386,qaoa_maxcut,5,syntax,QBugLM_unconstrained,0,0,1,0,0,0,FAIL
circuit_0386,qaoa_maxcut,5,syntax,PyZX_heuristic,0,0,1,0,0,0,FAIL
circuit_0387,qaoa_maxcut,7,structural,physics_constrained_agent,0,0,3,0,0,1,FAIL
circuit_0387,qaoa_maxcut,7,structural,QBugLM_unconstrained,0,0,1,1,-20,-21,FAIL
circuit_0387,qaoa_maxcut,7,structural,PyZX_heuristic,0,0,1,0,0,0,FAIL
circuit_0388,qaoa_maxcut,5,gate_redundancy,physics_constrained_agent,1,1,1,1,2,0,PASS
circuit_0388,qaoa_maxcut,5,gate_redundancy,QBugLM_unconstrained,1,1,1,1,2,0,PASS
circuit_0388,qaoa_maxcut,5,gate_redundancy,PyZX_heuristic,0,0,1,0,-20,-16,FAIL
circuit_0389,qaoa_maxcut,4,semantic_deviation,physics_constrained_agent,0,1,3,1,-8,-6,PASS
circuit_0389,qaoa_maxcut,4,semantic_deviation,QBugLM_unconstrained,0,0,1,1,-8,-6,FAIL
circuit_0389,qaoa_maxcut,4,semantic_deviation,PyZX_heuristic,0,0,1,0,0,0,FAIL
circuit_0390,qaoa_maxcut,6,physics_violation,physics_constrained_agent,1,1,1,1,-31,-33,PASS
circuit_0390,qaoa_maxcut,6,physics_violation,QBugLM_unconstrained,0,0,1,0,-31,-33,FAIL
circuit_0390,qaoa_maxcut,6,physics_violation,PyZX_heuristic,0,0,1,0,0,0,FAIL
circuit_0391,qaoa_maxcut,6,syntax,physics_constrained_agent,1,1,1,1,2,2,PASS
circuit_0391,qaoa_maxcut,6,syntax,QBugLM_unconstrained,1,1,1,1,2,2,PASS
circuit_0391,qaoa_maxcut,6,syntax,PyZX_heuristic,0,0,1,0,0,0,FAIL
circuit_0392,qaoa_maxcut,4,structural,physics_constrained_agent,1,1,1,1,0,0,PASS
circuit_0392,qaoa_maxcut,4,structural,QBugLM_unconstrained,1,1,1,1,0,0,PASS
circuit_0392,qaoa_maxcut,4,structural,PyZX_heuristic,0,0,1,0,0,0,FAIL
circuit_0393,qaoa_maxcut,6,gate_redundancy,physics_constrained_agent,1,1,1,1,-16,-17,PASS
circuit_0393,qaoa_maxcut,6,gate_redundancy,QBugLM_unconstrained,1,1,1,1,-16,-17,PASS
circuit_0393,qaoa_maxcut,6,gate_redundancy,PyZX_heuristic,0,0,1,0,0,0,FAIL
circuit_0394,qaoa_maxcut,5,semantic_deviation,physics_constrained_agent,1,1,1,1,0,0,PASS
circuit_0394,qaoa_maxcut,5,semantic_deviation,QBugLM_unconstrained,0,0,1,1,0,0,FAIL
circuit_0394,qaoa_maxcut,5,semantic_deviation,PyZX_heuristic,0,0,1,0,-44,-44,FAIL
circuit_0395,qaoa_maxcut,5,physics_violation,physics_constrained_agent,1,1,1,1,-11,-12,PASS
circuit_0395,qaoa_maxcut,5,physics_violation,QBugLM_unconstrained,0,0,1,0,-11,-12,FAIL
circuit_0395,qaoa_maxcut,5,physics_violation,PyZX_heuristic,0,0,1,0,0,0,FAIL
circuit_0396,qaoa_maxcut,4,syntax,physics_constrained_agent,1,1,1,1,2,2,PASS
circuit_0396,qaoa_maxcut,4,syntax,QBugLM_unconstrained,1,1,1,1,2,2,PASS
circuit_0396,qaoa_maxcut,4,syntax,PyZX_heuristic,0,0,1,0,0,0,FAIL
circuit_0397,qaoa_maxcut,6,structural,physics_constrained_agent,1,1,1,1,0,0,PASS
circuit_0397,qaoa_maxcut,6,structural,QBugLM_unconstrained,0,0,1,1,0,0,FAIL
circuit_0397,qaoa_maxcut,6,structural,PyZX_heuristic,0,0,1,0,-64,-48,FAIL
circuit_0398,qaoa_maxcut,8,gate_redundancy,physics_constrained_agent,1,1,1,1,2,2,PASS
circuit_0398,qaoa_maxcut,8,gate_redundancy,QBugLM_unconstrained,1,1,1,1,2,2,PASS
circuit_0398,qaoa_maxcut,8,gate_redundancy,PyZX_heuristic,0,0,1,0,-44,-36,FAIL
circuit_0399,qaoa_maxcut,7,semantic_deviation,physics_constrained_agent,1,1,1,1,0,0,PASS
circuit_0399,qaoa_maxcut,7,semantic_deviation,QBugLM_unconstrained,0,0,1,1,0,0,FAIL
circuit_0399,qaoa_maxcut,7,semantic_deviation,PyZX_heuristic,0,0,1,0,-78,-57,FAIL
circuit_0400,qaoa_maxcut,8,physics_violation,physics_constrained_agent,1,1,1,1,1,0,PASS
circuit_0400,qaoa_maxcut,8,physics_violation,QBugLM_unconstrained,0,0,1,0,1,0,FAIL
circuit_0400,qaoa_maxcut,8,physics_violation,PyZX_heuristic,0,0,1,0,0,0,FAIL
circuit_0401,qaoa_maxcut,5,syntax,physics_constrained_agent,0,1,2,1,-10,-10,PASS
circuit_0401,qaoa_maxcut,5,syntax,QBugLM_unconstrained,0,0,1,0,2,2,FAIL
circuit_0401,qaoa_maxcut,5,syntax,PyZX_heuristic,0,0,1,0,0,0,FAIL
circuit_0402,qaoa_maxcut,5,structural,physics_constrained_agent,1,1,1,1,0,0,PASS
circuit_0402,qaoa_maxcut,5,structural,QBugLM_unconstrained,0,0,1,1,0,0,FAIL
circuit_0402,qaoa_maxcut,5,structural,PyZX_heuristic,0,0,1,0,0,0,FAIL
circuit_0403,qaoa_maxcut,5,gate_redundancy,physics_constrained_agent,1,1,1,1,-12,-11,PASS
circuit_0403,qaoa_maxcut,5,gate_redundancy,QBugLM_unconstrained,1,1,1,1,-12,-11,PASS
circuit_0403,qaoa_maxcut,5,gate_redundancy,PyZX_heuristic,0,0,1,0,0,0,FAIL
circuit_0404,qaoa_maxcut,5,semantic_deviation,physics_constrained_agent,0,1,3,1,-12,-12,PASS
circuit_0404,qaoa_maxcut,5,semantic_deviation,QBugLM_unconstrained,0,0,1,1,-12,-12,FAIL
circuit_0404,qaoa_maxcut,5,semantic_deviation,PyZX_heuristic,0,0,1,0,0,0,FAIL
circuit_0405,qaoa_maxcut,7,physics_violation,physics_constrained_agent,1,1,1,1,1,0,PASS
circuit_0405,qaoa_maxcut,7,physics_violation,QBugLM_unconstrained,0,0,1,0,1,0,FAIL
circuit_0405,qaoa_maxcut,7,physics_violation,PyZX_heuristic,0,0,1,0,0,0,FAIL
circuit_0406,qaoa_maxcut,4,syntax,physics_constrained_agent,1,1,1,1,2,2,PASS
circuit_0406,qaoa_maxcut,4,syntax,QBugLM_unconstrained,0,0,1,0,0,0,FAIL
circuit_0406,qaoa_maxcut,4,syntax,PyZX_heuristic,0,0,1,0,0,0,FAIL
circuit_0407,qaoa_maxcut,5,structural,physics_constrained_agent,0,1,2,1,-1,-1,PASS
circuit_0407,qaoa_maxcut,5,structural,QBugLM_unconstrained,0,0,1,1,2,2,FAIL
circuit_0407,qaoa_maxcut,5,structural,PyZX_heuristic,0,0,1,0,-12,-9,FAIL
circuit_0408,qaoa_maxcut,6,gate_redundancy,physics_constrained_agent,1,1,1,1,2,0,PASS
circuit_0408,qaoa_maxcut,6,gate_redundancy,QBugLM_unconstrained,1,1,1,1,2,0,PASS
circuit_0408,qaoa_maxcut,6,gate_redundancy,PyZX_heuristic,0,0,1,0,-18,-13,FAIL
circuit_0409,qaoa_maxcut,7,semantic_deviation,physics_constrained_agent,1,1,1,1,0,0,PASS
circuit_0409,qaoa_maxcut,7,semantic_deviation,QBugLM_unconstrained,0,0,1,1,0,0,FAIL
circuit_0409,qaoa_maxcut,7,semantic_deviation,PyZX_heuristic,0,0,1,0,-22,-20,FAIL
circuit_0410,qaoa_maxcut,5,physics_violation,physics_constrained_agent,1,1,1,1,1,0,PASS
circuit_0410,qaoa_maxcut,5,physics_violation,QBugLM_unconstrained,0,0,1,0,1,0,FAIL
circuit_0410,qaoa_maxcut,5,physics_violation,PyZX_heuristic,0,0,1,0,0,0,FAIL
circuit_0411,qaoa_maxcut,6,syntax,physics_constrained_agent,1,1,1,1,2,2,PASS
circuit_0411,qaoa_maxcut,6,syntax,QBugLM_unconstrained,1,1,1,1,2,2,PASS
circuit_0411,qaoa_maxcut,6,syntax,PyZX_heuristic,0,0,1,0,0,0,FAIL
circuit_0412,qaoa_maxcut,5,structural,physics_constrained_agent,1,1,1,1,0,0,PASS
circuit_0412,qaoa_maxcut,5,structural,QBugLM_unconstrained,0,0,1,1,0,0,FAIL
circuit_0412,qaoa_maxcut,5,structural,PyZX_heuristic,0,0,1,0,0,0,FAIL
circuit_0413,qaoa_maxcut,4,gate_redundancy,physics_constrained_agent,1,1,1,1,-8,-6,PASS
circuit_0413,qaoa_maxcut,4,gate_redundancy,QBugLM_unconstrained,1,1,1,1,-8,-6,PASS
circuit_0413,qaoa_maxcut,4,gate_redundancy,PyZX_heuristic,0,0,1,0,-12,-7,FAIL
circuit_0414,qaoa_maxcut,7,semantic_deviation,physics_constrained_agent,0,1,3,1,-40,-41,PASS
circuit_0414,qaoa_maxcut,7,semantic_deviation,QBugLM_unconstrained,0,0,1,1,-40,-41,FAIL
circuit_0414,qaoa_maxcut,7,semantic_deviation,PyZX_heuristic,0,0,1,0,0,0,FAIL
circuit_0415,qaoa_maxcut,4,physics_violation,physics_constrained_agent,0,1,3,1,-15,-11,PASS
circuit_0415,qaoa_maxcut,4,physics_violation,QBugLM_unconstrained,0,0,1,0,-18,-14,FAIL
circuit_0415,qaoa_maxcut,4,physics_violation,PyZX_heuristic,0,0,1,0,0,0,FAIL
circuit_0416,qaoa_maxcut,7,syntax,physics_constrained_agent,1,1,1,1,2,2,PASS
circuit_0416,qaoa_maxcut,7,syntax,QBugLM_unconstrained,1,1,1,1,2,2,PASS
circuit_0416,qaoa_maxcut,7,syntax,PyZX_heuristic,0,0,1,0,0,0,FAIL
circuit_0417,qaoa_maxcut,5,structural,physics_constrained_agent,0,1,3,1,-12,-11,PASS
circuit_0417,qaoa_maxcut,5,structural,QBugLM_unconstrained,0,0,1,1,-12,-12,FAIL
circuit_0417,qaoa_maxcut,5,structural,PyZX_heuristic,0,0,1,0,0,0,FAIL
circuit_0418,qaoa_maxcut,5,gate_redundancy,physics_constrained_agent,1,1,1,1,2,0,PASS
circuit_0418,qaoa_maxcut,5,gate_redundancy,QBugLM_unconstrained,1,1,1,1,2,0,PASS
circuit_0418,qaoa_maxcut,5,gate_redundancy,PyZX_heuristic,0,0,1,0,-34,-26,FAIL
circuit_0419,qaoa_maxcut,7,semantic_deviation,physics_constrained_agent,0,1,3,1,-20,-22,PASS
circuit_0419,qaoa_maxcut,7,semantic_deviation,QBugLM_unconstrained,0,0,1,1,-20,-22,FAIL
circuit_0419,qaoa_maxcut,7,semantic_deviation,PyZX_heuristic,0,0,1,0,0,0,FAIL
circuit_0420,qaoa_maxcut,6,physics_violation,physics_constrained_agent,1,1,1,1,-18,-19,PASS
circuit_0420,qaoa_maxcut,6,physics_violation,QBugLM_unconstrained,0,0,1,0,-18,-19,FAIL
circuit_0420,qaoa_maxcut,6,physics_violation,PyZX_heuristic,0,0,1,0,0,0,FAIL
circuit_0421,qaoa_maxcut,6,syntax,physics_constrained_agent,1,1,1,1,2,2,PASS
circuit_0421,qaoa_maxcut,6,syntax,QBugLM_unconstrained,1,1,1,1,2,2,PASS
circuit_0421,qaoa_maxcut,6,syntax,PyZX_heuristic,0,0,1,0,0,0,FAIL
circuit_0422,qaoa_maxcut,5,structural,physics_constrained_agent,1,1,1,1,0,0,PASS
circuit_0422,qaoa_maxcut,5,structural,QBugLM_unconstrained,0,0,1,1,0,0,FAIL
circuit_0422,qaoa_maxcut,5,structural,PyZX_heuristic,0,0,1,0,0,0,FAIL
circuit_0423,qaoa_maxcut,5,gate_redundancy,physics_constrained_agent,1,1,1,1,2,1,PASS
circuit_0423,qaoa_maxcut,5,gate_redundancy,QBugLM_unconstrained,1,1,1,1,2,1,PASS
circuit_0423,qaoa_maxcut,5,gate_redundancy,PyZX_heuristic,0,0,1,0,-14,-7,FAIL
circuit_0424,qaoa_maxcut,4,semantic_deviation,physics_constrained_agent,0,1,3,1,-8,-6,PASS
circuit_0424,qaoa_maxcut,4,semantic_deviation,QBugLM_unconstrained,0,0,1,1,-8,-6,FAIL
circuit_0424,qaoa_maxcut,4,semantic_deviation,PyZX_heuristic,0,0,1,0,0,0,FAIL
circuit_0425,qaoa_maxcut,5,physics_violation,physics_constrained_agent,1,1,1,1,1,0,PASS
circuit_0425,qaoa_maxcut,5,physics_violation,QBugLM_unconstrained,0,0,1,0,1,0,FAIL
circuit_0425,qaoa_maxcut,5,physics_violation,PyZX_heuristic,0,0,1,0,0,0,FAIL
circuit_0426,qaoa_maxcut,7,syntax,physics_constrained_agent,0,1,2,1,-38,-39,PASS
circuit_0426,qaoa_maxcut,7,syntax,QBugLM_unconstrained,0,0,1,0,2,2,FAIL
circuit_0426,qaoa_maxcut,7,syntax,PyZX_heuristic,0,0,1,0,0,0,FAIL
circuit_0427,qaoa_maxcut,6,structural,physics_constrained_agent,1,1,1,1,0,0,PASS
circuit_0427,qaoa_maxcut,6,structural,QBugLM_unconstrained,0,0,1,1,0,0,FAIL
circuit_0427,qaoa_maxcut,6,structural,PyZX_heuristic,0,0,1,0,0,0,FAIL
circuit_0428,qaoa_maxcut,6,gate_redundancy,physics_constrained_agent,1,1,1,1,2,2,PASS
circuit_0428,qaoa_maxcut,6,gate_redundancy,QBugLM_unconstrained,1,1,1,1,2,2,PASS
circuit_0428,qaoa_maxcut,6,gate_redundancy,PyZX_heuristic,0,0,1,0,-50,-34,FAIL
circuit_0429,qaoa_maxcut,4,semantic_deviation,physics_constrained_agent,0,1,3,1,-8,-6,PASS
circuit_0429,qaoa_maxcut,4,semantic_deviation,QBugLM_unconstrained,0,0,1,1,-8,-6,FAIL
circuit_0429,qaoa_maxcut,4,semantic_deviation,PyZX_heuristic,0,0,1,0,-8,-4,FAIL
circuit_0430,qaoa_maxcut,6,physics_violation,physics_constrained_agent,1,1,1,1,-18,-19,PASS
circuit_0430,qaoa_maxcut,6,physics_violation,QBugLM_unconstrained,0,0,1,0,-18,-19,FAIL
circuit_0430,qaoa_maxcut,6,physics_violation,PyZX_heuristic,0,0,1,0,0,0,FAIL
circuit_0431,qaoa_maxcut,6,syntax,physics_constrained_agent,1,1,1,1,2,2,PASS
circuit_0431,qaoa_maxcut,6,syntax,QBugLM_unconstrained,0,0,1,0,0,0,FAIL
circuit_0431,qaoa_maxcut,6,syntax,PyZX_heuristic,0,0,1,0,0,0,FAIL
circuit_0432,qaoa_maxcut,8,structural,physics_constrained_agent,1,1,1,1,-1,0,PASS
circuit_0432,qaoa_maxcut,8,structural,QBugLM_unconstrained,0,0,1,1,0,0,FAIL
circuit_0432,qaoa_maxcut,8,structural,PyZX_heuristic,0,0,1,0,-60,-49,FAIL
circuit_0433,qaoa_maxcut,7,gate_redundancy,physics_constrained_agent,1,1,1,1,-20,-22,PASS
circuit_0433,qaoa_maxcut,7,gate_redundancy,QBugLM_unconstrained,1,1,1,1,-20,-22,PASS
circuit_0433,qaoa_maxcut,7,gate_redundancy,PyZX_heuristic,0,0,1,0,0,0,FAIL
circuit_0434,qaoa_maxcut,8,semantic_deviation,physics_constrained_agent,1,1,1,1,0,0,PASS
circuit_0434,qaoa_maxcut,8,semantic_deviation,QBugLM_unconstrained,0,0,1,1,0,0,FAIL
circuit_0434,qaoa_maxcut,8,semantic_deviation,PyZX_heuristic,0,0,1,0,-60,-46,FAIL
circuit_0435,qaoa_maxcut,6,physics_violation,physics_constrained_agent,1,1,1,1,-15,-16,PASS
circuit_0435,qaoa_maxcut,6,physics_violation,QBugLM_unconstrained,0,0,1,0,-15,-16,FAIL
circuit_0435,qaoa_maxcut,6,physics_violation,PyZX_heuristic,0,0,1,0,0,0,FAIL
circuit_0436,qaoa_maxcut,4,syntax,physics_constrained_agent,0,1,2,1,-6,-4,PASS
circuit_0436,qaoa_maxcut,4,syntax,QBugLM_unconstrained,0,0,1,0,0,0,FAIL
circuit_0436,qaoa_maxcut,4,syntax,PyZX_heuristic,0,0,1,0,0,0,FAIL
circuit_0437,qaoa_maxcut,4,structural,physics_constrained_agent,0,1,3,1,-16,-12,PASS
circuit_0437,qaoa_maxcut,4,structural,QBugLM_unconstrained,0,0,1,1,-16,-12,FAIL
circuit_0437,qaoa_maxcut,4,structural,PyZX_heuristic,0,0,1,0,0,0,FAIL
circuit_0438,qaoa_maxcut,6,gate_redundancy,physics_constrained_agent,1,1,1,1,2,0,PASS
circuit_0438,qaoa_maxcut,6,gate_redundancy,QBugLM_unconstrained,1,1,1,1,2,0,PASS
circuit_0438,qaoa_maxcut,6,gate_redundancy,PyZX_heuristic,0,0,1,0,-54,-44,FAIL
circuit_0439,qaoa_maxcut,5,semantic_deviation,physics_constrained_agent,0,1,3,1,-24,-27,PASS
circuit_0439,qaoa_maxcut,5,semantic_deviation,QBugLM_unconstrained,0,0,1,1,-24,-27,FAIL
circuit_0439,qaoa_maxcut,5,semantic_deviation,PyZX_heuristic,0,0,1,0,0,0,FAIL
circuit_0440,qaoa_maxcut,8,physics_violation,physics_constrained_agent,0,1,3,1,-47,-50,PASS
circuit_0440,qaoa_maxcut,8,physics_violation,QBugLM_unconstrained,0,0,1,0,-47,-50,FAIL
circuit_0440,qaoa_maxcut,8,physics_violation,PyZX_heuristic,0,0,1,0,0,0,FAIL
circuit_0441,qaoa_maxcut,6,syntax,physics_constrained_agent,0,1,2,1,-30,-32,PASS
circuit_0441,qaoa_maxcut,6,syntax,QBugLM_unconstrained,0,0,1,0,0,0,FAIL
circuit_0441,qaoa_maxcut,6,syntax,PyZX_heuristic,0,0,1,0,0,0,FAIL
circuit_0442,qaoa_maxcut,4,structural,physics_constrained_agent,0,1,3,1,-16,-13,PASS
circuit_0442,qaoa_maxcut,4,structural,QBugLM_unconstrained,0,0,1,1,-16,-12,FAIL
circuit_0442,qaoa_maxcut,4,structural,PyZX_heuristic,0,0,1,0,0,0,FAIL
circuit_0443,qaoa_maxcut,4,gate_redundancy,physics_constrained_agent,1,1,1,1,2,2,PASS
circuit_0443,qaoa_maxcut,4,gate_redundancy,QBugLM_unconstrained,1,1,1,1,2,2,PASS
circuit_0443,qaoa_maxcut,4,gate_redundancy,PyZX_heuristic,0,0,1,0,-12,-9,FAIL
circuit_0444,qaoa_maxcut,8,semantic_deviation,physics_constrained_agent,1,1,1,1,0,0,PASS
circuit_0444,qaoa_maxcut,8,semantic_deviation,QBugLM_unconstrained,0,0,1,1,0,0,FAIL
circuit_0444,qaoa_maxcut,8,semantic_deviation,PyZX_heuristic,0,0,1,0,-72,-50,FAIL
circuit_0445,qaoa_maxcut,7,physics_violation,physics_constrained_agent,1,1,1,1,-39,-41,PASS
circuit_0445,qaoa_maxcut,7,physics_violation,QBugLM_unconstrained,0,0,1,0,-39,-41,FAIL
circuit_0445,qaoa_maxcut,7,physics_violation,PyZX_heuristic,0,0,1,0,0,0,FAIL
circuit_0446,qaoa_maxcut,6,syntax,physics_constrained_agent,1,1,1,1,2,2,PASS
circuit_0446,qaoa_maxcut,6,syntax,QBugLM_unconstrained,1,1,1,1,2,2,PASS
circuit_0446,qaoa_maxcut,6,syntax,PyZX_heuristic,0,0,1,0,0,0,FAIL
circuit_0447,qaoa_maxcut,6,structural,physics_constrained_agent,0,0,3,0,-1,0,FAIL
circuit_0447,qaoa_maxcut,6,structural,QBugLM_unconstrained,0,0,1,1,-16,-17,FAIL
circuit_0447,qaoa_maxcut,6,structural,PyZX_heuristic,0,0,1,0,-22,-16,FAIL
circuit_0448,qaoa_maxcut,7,gate_redundancy,physics_constrained_agent,1,1,1,1,-40,-41,PASS
circuit_0448,qaoa_maxcut,7,gate_redundancy,QBugLM_unconstrained,1,1,1,1,-40,-41,PASS
circuit_0448,qaoa_maxcut,7,gate_redundancy,PyZX_heuristic,0,0,1,0,0,0,FAIL
circuit_0449,qaoa_maxcut,8,semantic_deviation,physics_constrained_agent,1,1,1,1,0,0,PASS
circuit_0449,qaoa_maxcut,8,semantic_deviation,QBugLM_unconstrained,0,0,1,1,0,0,FAIL
circuit_0449,qaoa_maxcut,8,semantic_deviation,PyZX_heuristic,0,0,1,0,-72,-50,FAIL
circuit_0450,qaoa_maxcut,8,physics_violation,physics_constrained_agent,0,1,3,1,-23,-24,PASS
circuit_0450,qaoa_maxcut,8,physics_violation,QBugLM_unconstrained,0,0,1,0,-26,-25,FAIL
circuit_0450,qaoa_maxcut,8,physics_violation,PyZX_heuristic,0,0,1,0,-58,-48,FAIL
circuit_0451,qaoa_maxcut,4,syntax,physics_constrained_agent,0,1,2,1,-14,-10,PASS
circuit_0451,qaoa_maxcut,4,syntax,QBugLM_unconstrained,0,0,1,0,0,0,FAIL
circuit_0451,qaoa_maxcut,4,syntax,PyZX_heuristic,0,0,1,0,0,0,FAIL
circuit_0452,qaoa_maxcut,7,structural,physics_constrained_agent,0,1,3,1,-20,-21,PASS
circuit_0452,qaoa_maxcut,7,structural,QBugLM_unconstrained,0,0,1,1,-20,-22,FAIL
circuit_0452,qaoa_maxcut,7,structural,PyZX_heuristic,0,0,1,0,0,0,FAIL
circuit_0453,qaoa_maxcut,8,gate_redundancy,physics_constrained_agent,0,1,2,1,-22,-22,PASS
circuit_0453,qaoa_maxcut,8,gate_redundancy,QBugLM_unconstrained,1,1,1,1,-24,-24,PASS
circuit_0453,qaoa_maxcut,8,gate_redundancy,PyZX_heuristic,0,0,1,0,0,0,FAIL
circuit_0454,qaoa_maxcut,5,semantic_deviation,physics_constrained_agent,0,1,3,1,-24,-27,PASS
circuit_0454,qaoa_maxcut,5,semantic_deviation,QBugLM_unconstrained,0,0,1,1,-24,-27,FAIL
circuit_0454,qaoa_maxcut,5,semantic_deviation,PyZX_heuristic,0,0,1,0,0,0,FAIL
circuit_0455,qaoa_maxcut,6,physics_violation,physics_constrained_agent,1,1,1,1,1,0,PASS
circuit_0455,qaoa_maxcut,6,physics_violation,QBugLM_unconstrained,0,0,1,0,1,0,FAIL
circuit_0455,qaoa_maxcut,6,physics_violation,PyZX_heuristic,0,0,1,0,0,0,FAIL
circuit_0456,qaoa_maxcut,4,syntax,physics_constrained_agent,1,1,1,1,2,2,PASS
circuit_0456,qaoa_maxcut,4,syntax,QBugLM_unconstrained,1,1,1,1,2,2,PASS
circuit_0456,qaoa_maxcut,4,syntax,PyZX_heuristic,0,0,1,0,0,0,FAIL
circuit_0457,qaoa_maxcut,7,structural,physics_constrained_agent,0,1,2,1,-1,-1,PASS
circuit_0457,qaoa_maxcut,7,structural,QBugLM_unconstrained,0,0,1,1,2,2,FAIL
circuit_0457,qaoa_maxcut,7,structural,PyZX_heuristic,0,0,1,0,-62,-51,FAIL
circuit_0458,qaoa_maxcut,4,gate_redundancy,physics_constrained_agent,1,1,1,1,-16,-10,PASS
circuit_0458,qaoa_maxcut,4,gate_redundancy,QBugLM_unconstrained,1,1,1,1,-16,-10,PASS
circuit_0458,qaoa_maxcut,4,gate_redundancy,PyZX_heuristic,0,0,1,0,0,0,FAIL
circuit_0459,qaoa_maxcut,8,semantic_deviation,physics_constrained_agent,0,1,3,1,-48,-50,PASS
circuit_0459,qaoa_maxcut,8,semantic_deviation,QBugLM_unconstrained,0,0,1,1,-48,-50,FAIL
circuit_0459,qaoa_maxcut,8,semantic_deviation,PyZX_heuristic,0,0,1,0,0,0,FAIL
circuit_0460,qaoa_maxcut,8,physics_violation,physics_constrained_agent,1,1,1,1,-23,-24,PASS
circuit_0460,qaoa_maxcut,8,physics_violation,QBugLM_unconstrained,0,0,1,0,-23,-24,FAIL
circuit_0460,qaoa_maxcut,8,physics_violation,PyZX_heuristic,0,0,1,0,0,0,FAIL
circuit_0461,qaoa_maxcut,5,syntax,physics_constrained_agent,1,1,1,1,2,2,PASS
circuit_0461,qaoa_maxcut,5,syntax,QBugLM_unconstrained,1,1,1,1,2,2,PASS
circuit_0461,qaoa_maxcut,5,syntax,PyZX_heuristic,0,0,1,0,0,0,FAIL
circuit_0462,qaoa_maxcut,6,structural,physics_constrained_agent,1,1,1,1,0,0,PASS
circuit_0462,qaoa_maxcut,6,structural,QBugLM_unconstrained,0,0,1,1,0,0,FAIL
circuit_0462,qaoa_maxcut,6,structural,PyZX_heuristic,0,0,1,0,0,0,FAIL
circuit_0463,qaoa_maxcut,7,gate_redundancy,physics_constrained_agent,1,1,1,1,2,0,PASS
circuit_0463,qaoa_maxcut,7,gate_redundancy,QBugLM_unconstrained,1,1,1,1,2,0,PASS
circuit_0463,qaoa_maxcut,7,gate_redundancy,PyZX_heuristic,0,0,1,0,-68,-57,FAIL
circuit_0464,qaoa_maxcut,4,semantic_deviation,physics_constrained_agent,0,1,3,1,-16,-12,PASS
circuit_0464,qaoa_maxcut,4,semantic_deviation,QBugLM_unconstrained,0,0,1,1,-16,-12,FAIL
circuit_0464,qaoa_maxcut,4,semantic_deviation,PyZX_heuristic,0,0,1,0,0,0,FAIL
circuit_0465,qaoa_maxcut,6,physics_violation,physics_constrained_agent,1,1,1,1,1,0,PASS
circuit_0465,qaoa_maxcut,6,physics_violation,QBugLM_unconstrained,0,0,1,0,1,0,FAIL
circuit_0465,qaoa_maxcut,6,physics_violation,PyZX_heuristic,0,0,1,0,0,0,FAIL
circuit_0466,qaoa_maxcut,8,syntax,physics_constrained_agent,0,0,3,0,2,2,FAIL
circuit_0466,qaoa_maxcut,8,syntax,QBugLM_unconstrained,0,0,1,0,2,2,FAIL
circuit_0466,qaoa_maxcut,8,syntax,PyZX_heuristic,0,0,1,0,0,0,FAIL
circuit_0467,qaoa_maxcut,6,structural,physics_constrained_agent,0,1,3,1,-32,-34,PASS
circuit_0467,qaoa_maxcut,6,structural,QBugLM_unconstrained,0,0,1,1,-32,-35,FAIL
circuit_0467,qaoa_maxcut,6,structural,PyZX_heuristic,0,0,1,0,0,0,FAIL
circuit_0468,qaoa_maxcut,4,gate_redundancy,physics_constrained_agent,1,1,1,1,-16,-12,PASS
circuit_0468,qaoa_maxcut,4,gate_redundancy,QBugLM_unconstrained,1,1,1,1,-16,-12,PASS
circuit_0468,qaoa_maxcut,4,gate_redundancy,PyZX_heuristic,0,0,1,0,0,0,FAIL
circuit_0469,qaoa_maxcut,6,semantic_deviation,physics_constrained_agent,1,1,1,1,0,0,PASS
circuit_0469,qaoa_maxcut,6,semantic_deviation,QBugLM_unconstrained,0,0,1,1,0,0,FAIL
circuit_0469,qaoa_maxcut,6,semantic_deviation,PyZX_heuristic,0,0,1,0,-32,-28,FAIL
circuit_0470,qaoa_maxcut,8,physics_violation,physics_constrained_agent,0,1,2,1,1,0,PASS
circuit_0470,qaoa_maxcut,8,physics_violation,QBugLM_unconstrained,0,0,1,0,-2,0,FAIL
circuit_0470,qaoa_maxcut,8,physics_violation,PyZX_heuristic,0,0,1,0,0,0,FAIL
circuit_0471,qaoa_maxcut,6,syntax,physics_constrained_agent,1,1,1,1,2,2,PASS
circuit_0471,qaoa_maxcut,6,syntax,QBugLM_unconstrained,1,1,1,1,2,2,PASS
circuit_0471,qaoa_maxcut,6,syntax,PyZX_heuristic,0,0,1,0,0,0,FAIL
circuit_0472,qaoa_maxcut,7,structural,physics_constrained_agent,1,1,1,1,0,0,PASS
circuit_0472,qaoa_maxcut,7,structural,QBugLM_unconstrained,0,0,1,1,0,0,FAIL
circuit_0472,qaoa_maxcut,7,structural,PyZX_heuristic,0,0,1,0,-34,-32,FAIL
circuit_0473,qaoa_maxcut,6,gate_redundancy,physics_constrained_agent,1,1,1,1,2,1,PASS
circuit_0473,qaoa_maxcut,6,gate_redundancy,QBugLM_unconstrained,1,1,1,1,2,1,PASS
circuit_0473,qaoa_maxcut,6,gate_redundancy,PyZX_heuristic,0,0,1,0,-50,-43,FAIL
circuit_0474,qaoa_maxcut,7,semantic_deviation,physics_constrained_agent,0,1,3,1,-20,-22,PASS
circuit_0474,qaoa_maxcut,7,semantic_deviation,QBugLM_unconstrained,0,0,1,1,-20,-22,FAIL
circuit_0474,qaoa_maxcut,7,semantic_deviation,PyZX_heuristic,0,0,1,0,-42,-36,FAIL
circuit_0475,qaoa_maxcut,6,physics_violation,physics_constrained_agent,1,1,1,1,-31,-33,PASS
circuit_0475,qaoa_maxcut,6,physics_violation,QBugLM_unconstrained,0,0,1,0,-31,-33,FAIL
circuit_0475,qaoa_maxcut,6,physics_violation,PyZX_heuristic,0,0,1,0,0,0,FAIL
circuit_0476,qaoa_maxcut,8,syntax,physics_constrained_agent,0,0,3,0,2,2,FAIL
circuit_0476,qaoa_maxcut,8,syntax,QBugLM_unconstrained,0,0,1,0,0,0,FAIL
circuit_0476,qaoa_maxcut,8,syntax,PyZX_heuristic,0,0,1,0,0,0,FAIL
circuit_0477,qaoa_maxcut,5,structural,physics_constrained_agent,0,1,3,1,-12,-12,PASS
circuit_0477,qaoa_maxcut,5,structural,QBugLM_unconstrained,0,0,1,1,-12,-13,FAIL
circuit_0477,qaoa_maxcut,5,structural,PyZX_heuristic,0,0,1,0,-20,-17,FAIL
circuit_0478,qaoa_maxcut,5,gate_redundancy,physics_constrained_agent,1,1,1,1,-12,-12,PASS
circuit_0478,qaoa_maxcut,5,gate_redundancy,QBugLM_unconstrained,1,1,1,1,-12,-12,PASS
circuit_0478,qaoa_maxcut,5,gate_redundancy,PyZX_heuristic,0,0,1,0,0,0,FAIL
circuit_0479,qaoa_maxcut,7,semantic_deviation,physics_constrained_agent,1,1,1,1,0,0,PASS
circuit_0479,qaoa_maxcut,7,semantic_deviation,QBugLM_unconstrained,0,0,1,1,0,0,FAIL
circuit_0479,qaoa_maxcut,7,semantic_deviation,PyZX_heuristic,0,0,1,0,-78,-57,FAIL
circuit_0480,qaoa_maxcut,7,physics_violation,physics_constrained_agent,0,1,2,1,1,0,PASS
circuit_0480,qaoa_maxcut,7,physics_violation,QBugLM_unconstrained,0,0,1,0,-2,0,FAIL
circuit_0480,qaoa_maxcut,7,physics_violation,PyZX_heuristic,0,0,1,0,-78,-56,FAIL
circuit_0481,qaoa_maxcut,5,syntax,physics_constrained_agent,0,1,2,1,-22,-25,PASS
circuit_0481,qaoa_maxcut,5,syntax,QBugLM_unconstrained,0,0,1,0,0,0,FAIL
circuit_0481,qaoa_maxcut,5,syntax,PyZX_heuristic,0,0,1,0,0,0,FAIL
circuit_0482,qaoa_maxcut,8,structural,physics_constrained_agent,1,1,1,1,-1,0,PASS
circuit_0482,qaoa_maxcut,8,structural,QBugLM_unconstrained,0,0,1,1,0,0,FAIL
circuit_0482,qaoa_maxcut,8,structural,PyZX_heuristic,0,0,1,0,-60,-50,FAIL
circuit_0483,qaoa_maxcut,8,gate_redundancy,physics_constrained_agent,1,1,1,1,-24,-24,PASS
circuit_0483,qaoa_maxcut,8,gate_redundancy,QBugLM_unconstrained,1,1,1,1,-24,-24,PASS
circuit_0483,qaoa_maxcut,8,gate_redundancy,PyZX_heuristic,0,0,1,0,0,0,FAIL
circuit_0484,qaoa_maxcut,6,semantic_deviation,physics_constrained_agent,0,1,3,1,-16,-17,PASS
circuit_0484,qaoa_maxcut,6,semantic_deviation,QBugLM_unconstrained,0,0,1,1,-16,-17,FAIL
circuit_0484,qaoa_maxcut,6,semantic_deviation,PyZX_heuristic,0,0,1,0,0,0,FAIL
circuit_0485,qaoa_maxcut,7,physics_violation,physics_constrained_agent,1,1,1,1,-39,-41,PASS
circuit_0485,qaoa_maxcut,7,physics_violation,QBugLM_unconstrained,0,0,1,0,-39,-41,FAIL
circuit_0485,qaoa_maxcut,7,physics_violation,PyZX_heuristic,0,0,1,0,0,0,FAIL
circuit_0486,qaoa_maxcut,8,syntax,physics_constrained_agent,0,0,3,0,2,2,FAIL
circuit_0486,qaoa_maxcut,8,syntax,QBugLM_unconstrained,0,0,1,0,2,2,FAIL
circuit_0486,qaoa_maxcut,8,syntax,PyZX_heuristic,0,0,1,0,0,0,FAIL
circuit_0487,qaoa_maxcut,4,structural,physics_constrained_agent,0,0,3,0,0,0,FAIL
circuit_0487,qaoa_maxcut,4,structural,QBugLM_unconstrained,0,0,1,1,-8,-6,FAIL
circuit_0487,qaoa_maxcut,4,structural,PyZX_heuristic,0,0,1,0,0,0,FAIL
circuit_0488,qaoa_maxcut,6,gate_redundancy,physics_constrained_agent,1,1,1,1,-16,-17,PASS
circuit_0488,qaoa_maxcut,6,gate_redundancy,QBugLM_unconstrained,1,1,1,1,-16,-17,PASS
circuit_0488,qaoa_maxcut,6,gate_redundancy,PyZX_heuristic,0,0,1,0,0,0,FAIL
circuit_0489,qaoa_maxcut,6,semantic_deviation,physics_constrained_agent,0,1,3,1,-16,-17,PASS
circuit_0489,qaoa_maxcut,6,semantic_deviation,QBugLM_unconstrained,0,0,1,1,-16,-17,FAIL
circuit_0489,qaoa_maxcut,6,semantic_deviation,PyZX_heuristic,0,0,1,0,0,0,FAIL
circuit_0490,qaoa_maxcut,5,physics_violation,physics_constrained_agent,0,1,2,1,1,0,PASS
circuit_0490,qaoa_maxcut,5,physics_violation,QBugLM_unconstrained,0,0,1,0,-2,0,FAIL
circuit_0490,qaoa_maxcut,5,physics_violation,PyZX_heuristic,0,0,1,0,-22,-19,FAIL
circuit_0491,qaoa_maxcut,7,syntax,physics_constrained_agent,1,1,1,1,2,2,PASS
circuit_0491,qaoa_maxcut,7,syntax,QBugLM_unconstrained,1,1,1,1,2,2,PASS
circuit_0491,qaoa_maxcut,7,syntax,PyZX_heuristic,0,0,1,0,0,0,FAIL
circuit_0492,qaoa_maxcut,8,structural,physics_constrained_agent,1,1,1,1,0,0,PASS
circuit_0492,qaoa_maxcut,8,structural,QBugLM_unconstrained,1,1,1,1,0,0,PASS
circuit_0492,qaoa_maxcut,8,structural,PyZX_heuristic,0,0,1,0,-31,-17,FAIL
circuit_0493,qaoa_maxcut,8,gate_redundancy,physics_constrained_agent,1,1,1,1,2,0,PASS
circuit_0493,qaoa_maxcut,8,gate_redundancy,QBugLM_unconstrained,1,1,1,1,2,0,PASS
circuit_0493,qaoa_maxcut,8,gate_redundancy,PyZX_heuristic,0,0,1,0,-70,-50,FAIL
circuit_0494,qaoa_maxcut,6,semantic_deviation,physics_constrained_agent,0,1,3,1,-16,-17,PASS
circuit_0494,qaoa_maxcut,6,semantic_deviation,QBugLM_unconstrained,0,0,1,1,-16,-17,FAIL
circuit_0494,qaoa_maxcut,6,semantic_deviation,PyZX_heuristic,0,0,1,0,0,0,FAIL
circuit_0495,qaoa_maxcut,7,physics_violation,physics_constrained_agent,1,1,1,1,-19,-22,PASS
circuit_0495,qaoa_maxcut,7,physics_violation,QBugLM_unconstrained,0,0,1,0,-19,-22,FAIL
circuit_0495,qaoa_maxcut,7,physics_violation,PyZX_heuristic,0,0,1,0,0,0,FAIL
circuit_0496,qaoa_maxcut,7,syntax,physics_constrained_agent,1,1,1,1,2,2,PASS
circuit_0496,qaoa_maxcut,7,syntax,QBugLM_unconstrained,0,0,1,0,0,0,FAIL
circuit_0496,qaoa_maxcut,7,syntax,PyZX_heuristic,0,0,1,0,0,0,FAIL
circuit_0497,qaoa_maxcut,7,structural,physics_constrained_agent,1,1,1,1,0,0,PASS
circuit_0497,qaoa_maxcut,7,structural,QBugLM_unconstrained,0,0,1,1,0,0,FAIL
circuit_0497,qaoa_maxcut,7,structural,PyZX_heuristic,0,0,1,0,-27,-26,FAIL
circuit_0498,qaoa_maxcut,5,gate_redundancy,physics_constrained_agent,1,1,1,1,-24,-27,PASS
circuit_0498,qaoa_maxcut,5,gate_redundancy,QBugLM_unconstrained,1,1,1,1,-24,-27,PASS
circuit_0498,qaoa_maxcut,5,gate_redundancy,PyZX_heuristic,0,0,1,0,0,0,FAIL
circuit_0499,qaoa_maxcut,8,semantic_deviation,physics_constrained_agent,0,1,2,1,0,0,PASS
circuit_0499,qaoa_maxcut,8,semantic_deviation,QBugLM_unconstrained,0,0,1,1,0,0,FAIL
circuit_0499,qaoa_maxcut,8,semantic_deviation,PyZX_heuristic,0,0,1,0,-72,-50,FAIL
circuit_0500,qaoa_maxcut,7,physics_violation,physics_constrained_agent,1,1,1,1,1,0,PASS
circuit_0500,qaoa_maxcut,7,physics_violation,QBugLM_unconstrained,0,0,1,0,1,0,FAIL
circuit_0500,qaoa_maxcut,7,physics_violation,PyZX_heuristic,0,0,1,0,0,0,FAIL
circuit_0501,vqe_h2,4,syntax,physics_constrained_agent,1,1,1,1,2,2,PASS
circuit_0501,vqe_h2,4,syntax,QBugLM_unconstrained,1,1,1,1,2,2,PASS
circuit_0501,vqe_h2,4,syntax,PyZX_heuristic,0,0,1,0,0,0,FAIL
circuit_0502,vqe_h2,4,structural,physics_constrained_agent,1,1,1,1,0,0,PASS
circuit_0502,vqe_h2,4,structural,QBugLM_unconstrained,0,0,1,1,0,0,FAIL
circuit_0502,vqe_h2,4,structural,PyZX_heuristic,0,0,1,0,-21,-17,FAIL
circuit_0503,vqe_h2,4,gate_redundancy,physics_constrained_agent,1,1,1,1,2,2,PASS
circuit_0503,vqe_h2,4,gate_redundancy,QBugLM_unconstrained,1,1,1,1,2,2,PASS
circuit_0503,vqe_h2,4,gate_redundancy,PyZX_heuristic,0,0,1,0,-22,-17,FAIL
circuit_0504,vqe_h2,4,semantic_deviation,physics_constrained_agent,1,1,1,1,0,0,PASS
circuit_0504,vqe_h2,4,semantic_deviation,QBugLM_unconstrained,0,0,1,1,0,0,FAIL
circuit_0504,vqe_h2,4,semantic_deviation,PyZX_heuristic,0,0,1,0,-24,-19,FAIL
circuit_0505,vqe_h2,4,physics_violation,physics_constrained_agent,0,1,2,1,1,1,PASS
circuit_0505,vqe_h2,4,physics_violation,QBugLM_unconstrained,0,0,1,0,-2,-1,FAIL
circuit_0505,vqe_h2,4,physics_violation,PyZX_heuristic,0,0,1,0,-22,-18,FAIL
circuit_0506,vqe_h2,4,syntax,physics_constrained_agent,1,1,1,1,2,2,PASS
circuit_0506,vqe_h2,4,syntax,QBugLM_unconstrained,1,1,1,1,2,2,PASS
circuit_0506,vqe_h2,4,syntax,PyZX_heuristic,0,0,1,0,0,0,FAIL
circuit_0507,vqe_h2,4,structural,physics_constrained_agent,1,1,1,1,0,0,PASS
circuit_0507,vqe_h2,4,structural,QBugLM_unconstrained,0,0,1,1,0,0,FAIL
circuit_0507,vqe_h2,4,structural,PyZX_heuristic,0,0,1,0,-21,-18,FAIL
circuit_0508,vqe_h2,4,gate_redundancy,physics_constrained_agent,1,1,1,1,2,1,PASS
circuit_0508,vqe_h2,4,gate_redundancy,QBugLM_unconstrained,1,1,1,1,2,1,PASS
circuit_0508,vqe_h2,4,gate_redundancy,PyZX_heuristic,0,0,1,0,-22,-18,FAIL
circuit_0509,vqe_h2,4,semantic_deviation,physics_constrained_agent,1,1,1,1,0,0,PASS
circuit_0509,vqe_h2,4,semantic_deviation,QBugLM_unconstrained,1,1,1,1,0,0,PASS
circuit_0509,vqe_h2,4,semantic_deviation,PyZX_heuristic,0,0,1,0,-24,-19,FAIL
circuit_0510,vqe_h2,4,physics_violation,physics_constrained_agent,1,1,1,1,-2,-1,PASS
circuit_0510,vqe_h2,4,physics_violation,QBugLM_unconstrained,0,0,1,0,-2,-1,FAIL
circuit_0510,vqe_h2,4,physics_violation,PyZX_heuristic,0,0,1,0,-22,-18,FAIL
circuit_0511,vqe_h2,4,syntax,physics_constrained_agent,1,1,1,1,2,2,PASS
circuit_0511,vqe_h2,4,syntax,QBugLM_unconstrained,1,1,1,1,2,2,PASS
circuit_0511,vqe_h2,4,syntax,PyZX_heuristic,0,0,1,0,0,0,FAIL
circuit_0512,vqe_h2,4,structural,physics_constrained_agent,1,1,1,1,0,1,PASS
circuit_0512,vqe_h2,4,structural,QBugLM_unconstrained,0,0,1,1,0,0,FAIL
circuit_0512,vqe_h2,4,structural,PyZX_heuristic,0,0,1,0,-21,-16,FAIL
circuit_0513,vqe_h2,4,gate_redundancy,physics_constrained_agent,1,1,1,1,2,2,PASS
circuit_0513,vqe_h2,4,gate_redundancy,QBugLM_unconstrained,1,1,1,1,2,2,PASS
circuit_0513,vqe_h2,4,gate_redundancy,PyZX_heuristic,0,0,1,0,-22,-17,FAIL
circuit_0514,vqe_h2,4,semantic_deviation,physics_constrained_agent,1,1,1,1,0,0,PASS
circuit_0514,vqe_h2,4,semantic_deviation,QBugLM_unconstrained,0,0,1,1,0,0,FAIL
circuit_0514,vqe_h2,4,semantic_deviation,PyZX_heuristic,0,0,1,0,-24,-19,FAIL
circuit_0515,vqe_h2,4,physics_violation,physics_constrained_agent,1,1,1,1,-2,-1,PASS
circuit_0515,vqe_h2,4,physics_violation,QBugLM_unconstrained,0,0,1,0,-2,-1,FAIL
circuit_0515,vqe_h2,4,physics_violation,PyZX_heuristic,0,0,1,0,-22,-18,FAIL
circuit_0516,vqe_h2,4,syntax,physics_constrained_agent,1,1,1,1,2,2,PASS
circuit_0516,vqe_h2,4,syntax,QBugLM_unconstrained,1,1,1,1,2,2,PASS
circuit_0516,vqe_h2,4,syntax,PyZX_heuristic,0,0,1,0,0,0,FAIL
circuit_0517,vqe_h2,4,structural,physics_constrained_agent,1,1,1,1,-1,0,PASS
circuit_0517,vqe_h2,4,structural,QBugLM_unconstrained,1,1,1,1,0,0,PASS
circuit_0517,vqe_h2,4,structural,PyZX_heuristic,0,0,1,0,-20,-16,FAIL
circuit_0518,vqe_h2,4,gate_redundancy,physics_constrained_agent,1,1,1,1,2,3,PASS
circuit_0518,vqe_h2,4,gate_redundancy,QBugLM_unconstrained,1,1,1,1,2,3,PASS
circuit_0518,vqe_h2,4,gate_redundancy,PyZX_heuristic,0,0,1,0,-22,-16,FAIL
circuit_0519,vqe_h2,4,semantic_deviation,physics_constrained_agent,1,1,1,1,0,0,PASS
circuit_0519,vqe_h2,4,semantic_deviation,QBugLM_unconstrained,0,0,1,1,0,0,FAIL
circuit_0519,vqe_h2,4,semantic_deviation,PyZX_heuristic,0,0,1,0,-24,-19,FAIL
circuit_0520,vqe_h2,4,physics_violation,physics_constrained_agent,1,1,1,1,1,0,PASS
circuit_0520,vqe_h2,4,physics_violation,QBugLM_unconstrained,0,0,1,0,1,0,FAIL
circuit_0520,vqe_h2,4,physics_violation,PyZX_heuristic,0,0,1,0,0,0,FAIL
circuit_0521,vqe_h2,4,syntax,physics_constrained_agent,1,1,1,1,2,2,PASS
circuit_0521,vqe_h2,4,syntax,QBugLM_unconstrained,0,0,1,0,0,0,FAIL
circuit_0521,vqe_h2,4,syntax,PyZX_heuristic,0,0,1,0,0,0,FAIL
circuit_0522,vqe_h2,4,structural,physics_constrained_agent,1,1,1,1,0,0,PASS
circuit_0522,vqe_h2,4,structural,QBugLM_unconstrained,0,0,1,1,0,0,FAIL
circuit_0522,vqe_h2,4,structural,PyZX_heuristic,0,0,1,0,-25,-14,FAIL
circuit_0523,vqe_h2,4,gate_redundancy,physics_constrained_agent,1,1,1,1,2,1,PASS
circuit_0523,vqe_h2,4,gate_redundancy,QBugLM_unconstrained,1,1,1,1,2,1,PASS
circuit_0523,vqe_h2,4,gate_redundancy,PyZX_heuristic,0,0,1,0,-22,-18,FAIL
circuit_0524,vqe_h2,4,semantic_deviation,physics_constrained_agent,1,1,1,1,0,0,PASS
circuit_0524,vqe_h2,4,semantic_deviation,QBugLM_unconstrained,0,0,1,1,0,0,FAIL
circuit_0524,vqe_h2,4,semantic_deviation,PyZX_heuristic,0,0,1,0,-20,-12,FAIL
circuit_0525,vqe_h2,4,physics_violation,physics_constrained_agent,0,1,2,1,1,1,PASS
circuit_0525,vqe_h2,4,physics_violation,QBugLM_unconstrained,0,0,1,0,-2,-1,FAIL
circuit_0525,vqe_h2,4,physics_violation,PyZX_heuristic,0,0,1,0,-22,-18,FAIL
circuit_0526,vqe_h2,4,syntax,physics_constrained_agent,1,1,1,1,2,2,PASS
circuit_0526,vqe_h2,4,syntax,QBugLM_unconstrained,1,1,1,1,2,2,PASS
circuit_0526,vqe_h2,4,syntax,PyZX_heuristic,0,0,1,0,0,0,FAIL
circuit_0527,vqe_h2,4,structural,physics_constrained_agent,1,1,1,1,0,0,PASS
circuit_0527,vqe_h2,4,structural,QBugLM_unconstrained,0,0,1,1,0,0,FAIL
circuit_0527,vqe_h2,4,structural,PyZX_heuristic,0,0,1,0,0,0,FAIL
circuit_0528,vqe_h2,4,gate_redundancy,physics_constrained_agent,1,1,1,1,2,2,PASS
circuit_0528,vqe_h2,4,gate_redundancy,QBugLM_unconstrained,1,1,1,1,2,2,PASS
circuit_0528,vqe_h2,4,gate_redundancy,PyZX_heuristic,0,0,1,0,-22,-17,FAIL
circuit_0529,vqe_h2,4,semantic_deviation,physics_constrained_agent,1,1,1,1,0,0,PASS
circuit_0529,vqe_h2,4,semantic_deviation,QBugLM_unconstrained,0,0,1,1,0,0,FAIL
circuit_0529,vqe_h2,4,semantic_deviation,PyZX_heuristic,0,0,1,0,-24,-19,FAIL
circuit_0530,vqe_h2,4,physics_violation,physics_constrained_agent,0,1,2,1,1,1,PASS
circuit_0530,vqe_h2,4,physics_violation,QBugLM_unconstrained,0,0,1,0,-2,-1,FAIL
circuit_0530,vqe_h2,4,physics_violation,PyZX_heuristic,0,0,1,0,-22,-18,FAIL
circuit_0531,vqe_h2,4,syntax,physics_constrained_agent,1,1,1,1,2,2,PASS
circuit_0531,vqe_h2,4,syntax,QBugLM_unconstrained,0,0,1,0,0,0,FAIL
circuit_0531,vqe_h2,4,syntax,PyZX_heuristic,0,0,1,0,0,0,FAIL
circuit_0532,vqe_h2,4,structural,physics_constrained_agent,1,1,1,1,0,0,PASS
circuit_0532,vqe_h2,4,structural,QBugLM_unconstrained,0,0,1,1,0,0,FAIL
circuit_0532,vqe_h2,4,structural,PyZX_heuristic,0,0,1,1,-19,-14,FAIL
circuit_0533,vqe_h2,4,gate_redundancy,physics_constrained_agent,1,1,1,1,2,0,PASS
circuit_0533,vqe_h2,4,gate_redundancy,QBugLM_unconstrained,1,1,1,1,2,0,PASS
circuit_0533,vqe_h2,4,gate_redundancy,PyZX_heuristic,0,0,1,0,-22,-19,FAIL
circuit_0534,vqe_h2,4,semantic_deviation,physics_constrained_agent,1,1,1,1,0,0,PASS
circuit_0534,vqe_h2,4,semantic_deviation,QBugLM_unconstrained,0,0,1,1,0,0,FAIL
circuit_0534,vqe_h2,4,semantic_deviation,PyZX_heuristic,0,0,1,0,-24,-19,FAIL
circuit_0535,vqe_h2,4,physics_violation,physics_constrained_agent,1,1,1,1,1,0,PASS
circuit_0535,vqe_h2,4,physics_violation,QBugLM_unconstrained,0,0,1,0,1,0,FAIL
circuit_0535,vqe_h2,4,physics_violation,PyZX_heuristic,0,0,1,0,0,0,FAIL
circuit_0536,vqe_h2,4,syntax,physics_constrained_agent,1,1,1,1,2,2,PASS
circuit_0536,vqe_h2,4,syntax,QBugLM_unconstrained,0,0,1,0,0,0,FAIL
circuit_0536,vqe_h2,4,syntax,PyZX_heuristic,0,0,1,0,0,0,FAIL
circuit_0537,vqe_h2,4,structural,physics_constrained_agent,1,1,1,1,0,0,PASS
circuit_0537,vqe_h2,4,structural,QBugLM_unconstrained,0,0,1,1,0,0,FAIL
circuit_0537,vqe_h2,4,structural,PyZX_heuristic,0,0,1,0,-22,-16,FAIL
circuit_0538,vqe_h2,4,gate_redundancy,physics_constrained_agent,1,1,1,1,2,1,PASS
circuit_0538,vqe_h2,4,gate_redundancy,QBugLM_unconstrained,1,1,1,1,2,1,PASS
circuit_0538,vqe_h2,4,gate_redundancy,PyZX_heuristic,0,0,1,0,-22,-18,FAIL
circuit_0539,vqe_h2,4,semantic_deviation,physics_constrained_agent,1,1,1,1,0,0,PASS
circuit_0539,vqe_h2,4,semantic_deviation,QBugLM_unconstrained,0,0,1,1,0,0,FAIL
circuit_0539,vqe_h2,4,semantic_deviation,PyZX_heuristic,0,0,1,0,-24,-19,FAIL
circuit_0540,vqe_h2,4,physics_violation,physics_constrained_agent,0,1,2,1,1,1,PASS
circuit_0540,vqe_h2,4,physics_violation,QBugLM_unconstrained,0,0,1,0,-2,-1,FAIL
circuit_0540,vqe_h2,4,physics_violation,PyZX_heuristic,0,0,1,0,-22,-18,FAIL
circuit_0541,vqe_h2,4,syntax,physics_constrained_agent,1,1,1,1,2,2,PASS
circuit_0541,vqe_h2,4,syntax,QBugLM_unconstrained,1,1,1,1,2,2,PASS
circuit_0541,vqe_h2,4,syntax,PyZX_heuristic,0,0,1,0,0,0,FAIL
circuit_0542,vqe_h2,4,structural,physics_constrained_agent,1,1,1,1,0,0,PASS
circuit_0542,vqe_h2,4,structural,QBugLM_unconstrained,0,0,1,1,0,0,FAIL
circuit_0542,vqe_h2,4,structural,PyZX_heuristic,0,0,1,0,-21,-17,FAIL
circuit_0543,vqe_h2,4,gate_redundancy,physics_constrained_agent,1,1,1,1,2,2,PASS
circuit_0543,vqe_h2,4,gate_redundancy,QBugLM_unconstrained,1,1,1,1,2,2,PASS
circuit_0543,vqe_h2,4,gate_redundancy,PyZX_heuristic,0,0,1,0,-22,-17,FAIL
circuit_0544,vqe_h2,4,semantic_deviation,physics_constrained_agent,1,1,1,1,0,0,PASS
circuit_0544,vqe_h2,4,semantic_deviation,QBugLM_unconstrained,0,0,1,1,0,0,FAIL
circuit_0544,vqe_h2,4,semantic_deviation,PyZX_heuristic,0,0,1,0,-24,-19,FAIL
circuit_0545,vqe_h2,4,physics_violation,physics_constrained_agent,1,1,1,1,1,0,PASS
circuit_0545,vqe_h2,4,physics_violation,QBugLM_unconstrained,0,0,1,0,1,0,FAIL
circuit_0545,vqe_h2,4,physics_violation,PyZX_heuristic,0,0,1,0,0,0,FAIL
circuit_0546,vqe_h2,4,syntax,physics_constrained_agent,1,1,1,1,2,2,PASS
circuit_0546,vqe_h2,4,syntax,QBugLM_unconstrained,1,1,1,1,2,2,PASS
circuit_0546,vqe_h2,4,syntax,PyZX_heuristic,0,0,1,0,0,0,FAIL
circuit_0547,vqe_h2,4,structural,physics_constrained_agent,1,1,1,1,-1,0,PASS
circuit_0547,vqe_h2,4,structural,QBugLM_unconstrained,0,0,1,1,0,0,FAIL
circuit_0547,vqe_h2,4,structural,PyZX_heuristic,0,0,1,0,0,0,FAIL
circuit_0548,vqe_h2,4,gate_redundancy,physics_constrained_agent,1,1,1,1,2,0,PASS
circuit_0548,vqe_h2,4,gate_redundancy,QBugLM_unconstrained,1,1,1,1,2,0,PASS
circuit_0548,vqe_h2,4,gate_redundancy,PyZX_heuristic,0,0,1,0,-22,-19,FAIL
circuit_0549,vqe_h2,4,semantic_deviation,physics_constrained_agent,1,1,1,1,0,0,PASS
circuit_0549,vqe_h2,4,semantic_deviation,QBugLM_unconstrained,0,0,1,1,0,0,FAIL
circuit_0549,vqe_h2,4,semantic_deviation,PyZX_heuristic,0,0,1,0,-26,-17,FAIL
circuit_0550,vqe_h2,4,physics_violation,physics_constrained_agent,0,1,2,1,1,1,PASS
circuit_0550,vqe_h2,4,physics_violation,QBugLM_unconstrained,0,0,1,0,-2,-1,FAIL
circuit_0550,vqe_h2,4,physics_violation,PyZX_heuristic,0,0,1,0,-22,-18,FAIL
circuit_0551,vqe_h2,4,syntax,physics_constrained_agent,1,1,1,1,2,2,PASS
circuit_0551,vqe_h2,4,syntax,QBugLM_unconstrained,0,0,1,0,0,0,FAIL
circuit_0551,vqe_h2,4,syntax,PyZX_heuristic,0,0,1,0,0,0,FAIL
circuit_0552,vqe_h2,4,structural,physics_constrained_agent,1,1,1,1,-1,-1,PASS
circuit_0552,vqe_h2,4,structural,QBugLM_unconstrained,0,0,1,1,0,0,FAIL
circuit_0552,vqe_h2,4,structural,PyZX_heuristic,0,0,1,0,-20,-17,FAIL
circuit_0553,vqe_h2,4,gate_redundancy,physics_constrained_agent,1,1,1,1,2,1,PASS
circuit_0553,vqe_h2,4,gate_redundancy,QBugLM_unconstrained,1,1,1,1,2,1,PASS
circuit_0553,vqe_h2,4,gate_redundancy,PyZX_heuristic,0,0,1,0,-22,-18,FAIL
circuit_0554,vqe_h2,4,semantic_deviation,physics_constrained_agent,1,1,1,1,0,0,PASS
circuit_0554,vqe_h2,4,semantic_deviation,QBugLM_unconstrained,0,0,1,1,0,0,FAIL
circuit_0554,vqe_h2,4,semantic_deviation,PyZX_heuristic,0,0,1,0,-24,-19,FAIL
circuit_0555,vqe_h2,4,physics_violation,physics_constrained_agent,0,1,2,1,1,1,PASS
circuit_0555,vqe_h2,4,physics_violation,QBugLM_unconstrained,0,0,1,0,-2,-1,FAIL
circuit_0555,vqe_h2,4,physics_violation,PyZX_heuristic,0,0,1,0,-22,-18,FAIL
circuit_0556,vqe_h2,4,syntax,physics_constrained_agent,1,1,1,1,2,2,PASS
circuit_0556,vqe_h2,4,syntax,QBugLM_unconstrained,1,1,1,1,2,2,PASS
circuit_0556,vqe_h2,4,syntax,PyZX_heuristic,0,0,1,0,0,0,FAIL
circuit_0557,vqe_h2,4,structural,physics_constrained_agent,0,1,2,1,0,1,PASS
circuit_0557,vqe_h2,4,structural,QBugLM_unconstrained,0,0,1,1,2,2,FAIL
circuit_0557,vqe_h2,4,structural,PyZX_heuristic,0,0,1,0,-22,-17,FAIL
circuit_0558,vqe_h2,4,gate_redundancy,physics_constrained_agent,1,1,1,1,2,1,PASS
circuit_0558,vqe_h2,4,gate_redundancy,QBugLM_unconstrained,1,1,1,1,2,1,PASS
circuit_0558,vqe_h2,4,gate_redundancy,PyZX_heuristic,0,0,1,0,-22,-18,FAIL
circuit_0559,vqe_h2,4,semantic_deviation,physics_constrained_agent,1,1,1,1,0,0,PASS
circuit_0559,vqe_h2,4,semantic_deviation,QBugLM_unconstrained,0,0,1,1,0,0,FAIL
circuit_0559,vqe_h2,4,semantic_deviation,PyZX_heuristic,0,0,1,0,-22,-18,FAIL
circuit_0560,vqe_h2,4,physics_violation,physics_constrained_agent,1,1,1,1,1,0,PASS
circuit_0560,vqe_h2,4,physics_violation,QBugLM_unconstrained,0,0,1,0,1,0,FAIL
circuit_0560,vqe_h2,4,physics_violation,PyZX_heuristic,0,0,1,0,0,0,FAIL
circuit_0561,vqe_h2,4,syntax,physics_constrained_agent,1,1,1,1,2,2,PASS
circuit_0561,vqe_h2,4,syntax,QBugLM_unconstrained,1,1,1,1,2,2,PASS
circuit_0561,vqe_h2,4,syntax,PyZX_heuristic,0,0,1,0,0,0,FAIL
circuit_0562,vqe_h2,4,structural,physics_constrained_agent,1,1,1,1,-1,-1,PASS
circuit_0562,vqe_h2,4,structural,QBugLM_unconstrained,0,0,1,1,0,0,FAIL
circuit_0562,vqe_h2,4,structural,PyZX_heuristic,0,0,1,0,-23,-16,FAIL
circuit_0563,vqe_h2,4,gate_redundancy,physics_constrained_agent,1,1,1,1,2,1,PASS
circuit_0563,vqe_h2,4,gate_redundancy,QBugLM_unconstrained,1,1,1,1,2,1,PASS
circuit_0563,vqe_h2,4,gate_redundancy,PyZX_heuristic,0,0,1,0,-22,-18,FAIL
circuit_0564,vqe_h2,4,semantic_deviation,physics_constrained_agent,1,1,1,1,0,0,PASS
circuit_0564,vqe_h2,4,semantic_deviation,QBugLM_unconstrained,0,0,1,1,0,0,FAIL
circuit_0564,vqe_h2,4,semantic_deviation,PyZX_heuristic,0,0,1,0,-24,-19,FAIL
circuit_0565,vqe_h2,4,physics_violation,physics_constrained_agent,0,1,2,1,1,1,PASS
circuit_0565,vqe_h2,4,physics_violation,QBugLM_unconstrained,0,0,1,0,-2,-1,FAIL
circuit_0565,vqe_h2,4,physics_violation,PyZX_heuristic,0,0,1,0,-22,-18,FAIL
circuit_0566,vqe_h2,4,syntax,physics_constrained_agent,1,1,1,1,2,2,PASS
circuit_0566,vqe_h2,4,syntax,QBugLM_unconstrained,1,1,1,1,2,2,PASS
circuit_0566,vqe_h2,4,syntax,PyZX_heuristic,0,0,1,0,0,0,FAIL
circuit_0567,vqe_h2,4,structural,physics_constrained_agent,1,1,1,1,0,0,PASS
circuit_0567,vqe_h2,4,structural,QBugLM_unconstrained,0,0,1,1,0,0,FAIL
circuit_0567,vqe_h2,4,structural,PyZX_heuristic,0,0,1,0,-20,-12,FAIL
circuit_0568,vqe_h2,4,gate_redundancy,physics_constrained_agent,1,1,1,1,2,2,PASS
circuit_0568,vqe_h2,4,gate_redundancy,QBugLM_unconstrained,1,1,1,1,2,2,PASS
circuit_0568,vqe_h2,4,gate_redundancy,PyZX_heuristic,0,0,1,0,-22,-17,FAIL
circuit_0569,vqe_h2,4,semantic_deviation,physics_constrained_agent,1,1,1,1,0,0,PASS
circuit_0569,vqe_h2,4,semantic_deviation,QBugLM_unconstrained,0,0,1,1,0,0,FAIL
circuit_0569,vqe_h2,4,semantic_deviation,PyZX_heuristic,0,0,1,0,0,0,FAIL
circuit_0570,vqe_h2,4,physics_violation,physics_constrained_agent,0,1,2,1,1,1,PASS
circuit_0570,vqe_h2,4,physics_violation,QBugLM_unconstrained,0,0,1,0,-2,-1,FAIL
circuit_0570,vqe_h2,4,physics_violation,PyZX_heuristic,0,0,1,0,-22,-18,FAIL
circuit_0571,vqe_h2,4,syntax,physics_constrained_agent,1,1,1,1,2,2,PASS
circuit_0571,vqe_h2,4,syntax,QBugLM_unconstrained,0,0,1,0,0,0,FAIL
circuit_0571,vqe_h2,4,syntax,PyZX_heuristic,0,0,1,0,0,0,FAIL
circuit_0572,vqe_h2,4,structural,physics_constrained_agent,1,1,1,1,0,0,PASS
circuit_0572,vqe_h2,4,structural,QBugLM_unconstrained,0,0,1,1,0,0,FAIL
circuit_0572,vqe_h2,4,structural,PyZX_heuristic,0,0,1,0,-25,-14,FAIL
circuit_0573,vqe_h2,4,gate_redundancy,physics_constrained_agent,1,1,1,1,2,1,PASS
circuit_0573,vqe_h2,4,gate_redundancy,QBugLM_unconstrained,1,1,1,1,2,1,PASS
circuit_0573,vqe_h2,4,gate_redundancy,PyZX_heuristic,0,0,1,0,-22,-18,FAIL
circuit_0574,vqe_h2,4,semantic_deviation,physics_constrained_agent,1,1,1,1,0,0,PASS
circuit_0574,vqe_h2,4,semantic_deviation,QBugLM_unconstrained,0,0,1,1,0,0,FAIL
circuit_0574,vqe_h2,4,semantic_deviation,PyZX_heuristic,0,0,1,0,-22,-17,FAIL
circuit_0575,vqe_h2,4,physics_violation,physics_constrained_agent,1,1,1,1,1,0,PASS
circuit_0575,vqe_h2,4,physics_violation,QBugLM_unconstrained,0,0,1,0,1,0,FAIL
circuit_0575,vqe_h2,4,physics_violation,PyZX_heuristic,0,0,1,0,0,0,FAIL
circuit_0576,vqe_h2,4,syntax,physics_constrained_agent,1,1,1,1,2,2,PASS
circuit_0576,vqe_h2,4,syntax,QBugLM_unconstrained,1,1,1,1,2,2,PASS
circuit_0576,vqe_h2,4,syntax,PyZX_heuristic,0,0,1,0,0,0,FAIL
circuit_0577,vqe_h2,4,structural,physics_constrained_agent,0,1,2,1,0,1,PASS
circuit_0577,vqe_h2,4,structural,QBugLM_unconstrained,0,0,1,1,2,2,FAIL
circuit_0577,vqe_h2,4,structural,PyZX_heuristic,0,0,1,0,-22,-17,FAIL
circuit_0578,vqe_h2,4,gate_redundancy,physics_constrained_agent,1,1,1,1,2,1,PASS
circuit_0578,vqe_h2,4,gate_redundancy,QBugLM_unconstrained,1,1,1,1,2,1,PASS
circuit_0578,vqe_h2,4,gate_redundancy,PyZX_heuristic,0,0,1,0,-22,-18,FAIL
circuit_0579,vqe_h2,4,semantic_deviation,physics_constrained_agent,1,1,1,1,0,0,PASS
circuit_0579,vqe_h2,4,semantic_deviation,QBugLM_unconstrained,0,0,1,1,0,0,FAIL
circuit_0579,vqe_h2,4,semantic_deviation,PyZX_heuristic,0,0,1,0,0,0,FAIL
circuit_0580,vqe_h2,4,physics_violation,physics_constrained_agent,1,1,1,1,1,0,PASS
circuit_0580,vqe_h2,4,physics_violation,QBugLM_unconstrained,0,0,1,0,1,0,FAIL
circuit_0580,vqe_h2,4,physics_violation,PyZX_heuristic,0,0,1,0,0,0,FAIL
circuit_0581,vqe_h2,4,syntax,physics_constrained_agent,1,1,1,1,2,2,PASS
circuit_0581,vqe_h2,4,syntax,QBugLM_unconstrained,1,1,1,1,2,2,PASS
circuit_0581,vqe_h2,4,syntax,PyZX_heuristic,0,0,1,0,0,0,FAIL
circuit_0582,vqe_h2,4,structural,physics_constrained_agent,1,1,1,1,-1,0,PASS
circuit_0582,vqe_h2,4,structural,QBugLM_unconstrained,0,0,1,1,0,0,FAIL
circuit_0582,vqe_h2,4,structural,PyZX_heuristic,0,0,1,0,-24,-19,FAIL
circuit_0583,vqe_h2,4,gate_redundancy,physics_constrained_agent,1,1,1,1,2,1,PASS
circuit_0583,vqe_h2,4,gate_redundancy,QBugLM_unconstrained,1,1,1,1,2,1,PASS
circuit_0583,vqe_h2,4,gate_redundancy,PyZX_heuristic,0,0,1,0,-22,-18,FAIL
circuit_0584,vqe_h2,4,semantic_deviation,physics_constrained_agent,1,1,1,1,0,0,PASS
circuit_0584,vqe_h2,4,semantic_deviation,QBugLM_unconstrained,1,1,1,1,0,0,PASS
circuit_0584,vqe_h2,4,semantic_deviation,PyZX_heuristic,0,0,1,0,-24,-19,FAIL
circuit_0585,vqe_h2,4,physics_violation,physics_constrained_agent,1,1,1,1,1,0,PASS
circuit_0585,vqe_h2,4,physics_violation,QBugLM_unconstrained,0,0,1,0,1,0,FAIL
circuit_0585,vqe_h2,4,physics_violation,PyZX_heuristic,0,0,1,0,0,0,FAIL
circuit_0586,vqe_h2,4,syntax,physics_constrained_agent,1,1,1,1,2,2,PASS
circuit_0586,vqe_h2,4,syntax,QBugLM_unconstrained,1,1,1,1,2,2,PASS
circuit_0586,vqe_h2,4,syntax,PyZX_heuristic,0,0,1,0,0,0,FAIL
circuit_0587,vqe_h2,4,structural,physics_constrained_agent,1,1,1,1,-1,0,PASS
circuit_0587,vqe_h2,4,structural,QBugLM_unconstrained,1,1,1,1,0,0,PASS
circuit_0587,vqe_h2,4,structural,PyZX_heuristic,0,0,1,0,0,0,FAIL
circuit_0588,vqe_h2,4,gate_redundancy,physics_constrained_agent,1,1,1,1,2,2,PASS
circuit_0588,vqe_h2,4,gate_redundancy,QBugLM_unconstrained,1,1,1,1,2,2,PASS
circuit_0588,vqe_h2,4,gate_redundancy,PyZX_heuristic,0,0,1,0,-22,-17,FAIL
circuit_0589,vqe_h2,4,semantic_deviation,physics_constrained_agent,1,1,1,1,0,0,PASS
circuit_0589,vqe_h2,4,semantic_deviation,QBugLM_unconstrained,0,0,1,1,0,0,FAIL
circuit_0589,vqe_h2,4,semantic_deviation,PyZX_heuristic,0,0,1,0,-24,-19,FAIL
circuit_0590,vqe_h2,4,physics_violation,physics_constrained_agent,1,1,1,1,1,0,PASS
circuit_0590,vqe_h2,4,physics_violation,QBugLM_unconstrained,0,0,1,0,1,0,FAIL
circuit_0590,vqe_h2,4,physics_violation,PyZX_heuristic,0,0,1,0,0,0,FAIL
circuit_0591,vqe_h2,4,syntax,physics_constrained_agent,1,1,1,1,2,2,PASS
circuit_0591,vqe_h2,4,syntax,QBugLM_unconstrained,1,1,1,1,2,2,PASS
circuit_0591,vqe_h2,4,syntax,PyZX_heuristic,0,0,1,0,0,0,FAIL
circuit_0592,vqe_h2,4,structural,physics_constrained_agent,1,1,1,1,-1,-1,PASS
circuit_0592,vqe_h2,4,structural,QBugLM_unconstrained,0,0,1,1,0,0,FAIL
circuit_0592,vqe_h2,4,structural,PyZX_heuristic,0,0,1,0,-23,-12,FAIL
circuit_0593,vqe_h2,4,gate_redundancy,physics_constrained_agent,1,1,1,1,2,1,PASS
circuit_0593,vqe_h2,4,gate_redundancy,QBugLM_unconstrained,1,1,1,1,2,1,PASS
circuit_0593,vqe_h2,4,gate_redundancy,PyZX_heuristic,0,0,1,0,-22,-18,FAIL
circuit_0594,vqe_h2,4,semantic_deviation,physics_constrained_agent,1,1,1,1,0,0,PASS
circuit_0594,vqe_h2,4,semantic_deviation,QBugLM_unconstrained,0,0,1,1,0,0,FAIL
circuit_0594,vqe_h2,4,semantic_deviation,PyZX_heuristic,0,0,1,0,-24,-19,FAIL
circuit_0595,vqe_h2,4,physics_violation,physics_constrained_agent,1,1,1,1,1,0,PASS
circuit_0595,vqe_h2,4,physics_violation,QBugLM_unconstrained,0,0,1,0,1,0,FAIL
circuit_0595,vqe_h2,4,physics_violation,PyZX_heuristic,0,0,1,0,0,0,FAIL
circuit_0596,vqe_h2,4,syntax,physics_constrained_agent,1,1,1,1,2,2,PASS
circuit_0596,vqe_h2,4,syntax,QBugLM_unconstrained,1,1,1,1,2,2,PASS
circuit_0596,vqe_h2,4,syntax,PyZX_heuristic,0,0,1,0,0,0,FAIL
circuit_0597,vqe_h2,4,structural,physics_constrained_agent,1,1,1,1,0,0,PASS
circuit_0597,vqe_h2,4,structural,QBugLM_unconstrained,0,0,1,1,0,0,FAIL
circuit_0597,vqe_h2,4,structural,PyZX_heuristic,0,0,1,0,-20,-12,FAIL
circuit_0598,vqe_h2,4,gate_redundancy,physics_constrained_agent,1,1,1,1,2,2,PASS
circuit_0598,vqe_h2,4,gate_redundancy,QBugLM_unconstrained,1,1,1,1,2,2,PASS
circuit_0598,vqe_h2,4,gate_redundancy,PyZX_heuristic,0,0,1,0,-22,-17,FAIL
circuit_0599,vqe_h2,4,semantic_deviation,physics_constrained_agent,1,1,1,1,0,0,PASS
circuit_0599,vqe_h2,4,semantic_deviation,QBugLM_unconstrained,0,0,1,1,0,0,FAIL
circuit_0599,vqe_h2,4,semantic_deviation,PyZX_heuristic,0,0,1,0,-24,-19,FAIL
circuit_0600,vqe_h2,4,physics_violation,physics_constrained_agent,1,1,1,1,1,0,PASS
circuit_0600,vqe_h2,4,physics_violation,QBugLM_unconstrained,0,0,1,0,1,0,FAIL
circuit_0600,vqe_h2,4,physics_violation,PyZX_heuristic,0,0,1,0,0,0,FAIL
circuit_0601,vqe_h2,4,syntax,physics_constrained_agent,1,1,1,1,2,2,PASS
circuit_0601,vqe_h2,4,syntax,QBugLM_unconstrained,1,1,1,1,2,2,PASS
circuit_0601,vqe_h2,4,syntax,PyZX_heuristic,0,0,1,0,0,0,FAIL
circuit_0602,vqe_h2,4,structural,physics_constrained_agent,1,1,1,1,0,0,PASS
circuit_0602,vqe_h2,4,structural,QBugLM_unconstrained,0,0,1,1,0,0,FAIL
circuit_0602,vqe_h2,4,structural,PyZX_heuristic,0,0,1,0,-25,-17,FAIL
circuit_0603,vqe_h2,4,gate_redundancy,physics_constrained_agent,1,1,1,1,2,0,PASS
circuit_0603,vqe_h2,4,gate_redundancy,QBugLM_unconstrained,1,1,1,1,2,0,PASS
circuit_0603,vqe_h2,4,gate_redundancy,PyZX_heuristic,0,0,1,0,-22,-19,FAIL
circuit_0604,vqe_h2,4,semantic_deviation,physics_constrained_agent,1,1,1,1,0,0,PASS
circuit_0604,vqe_h2,4,semantic_deviation,QBugLM_unconstrained,0,0,1,1,0,0,FAIL
circuit_0604,vqe_h2,4,semantic_deviation,PyZX_heuristic,0,0,1,0,0,0,FAIL
circuit_0605,vqe_h2,4,physics_violation,physics_constrained_agent,1,1,1,1,1,0,PASS
circuit_0605,vqe_h2,4,physics_violation,QBugLM_unconstrained,0,0,1,0,1,0,FAIL
circuit_0605,vqe_h2,4,physics_violation,PyZX_heuristic,0,0,1,0,0,0,FAIL
circuit_0606,vqe_h2,4,syntax,physics_constrained_agent,1,1,1,1,2,2,PASS
circuit_0606,vqe_h2,4,syntax,QBugLM_unconstrained,1,1,1,1,2,2,PASS
circuit_0606,vqe_h2,4,syntax,PyZX_heuristic,0,0,1,0,0,0,FAIL
circuit_0607,vqe_h2,4,structural,physics_constrained_agent,1,1,1,1,0,0,PASS
circuit_0607,vqe_h2,4,structural,QBugLM_unconstrained,0,0,1,1,0,0,FAIL
circuit_0607,vqe_h2,4,structural,PyZX_heuristic,0,0,1,0,-25,-14,FAIL
circuit_0608,vqe_h2,4,gate_redundancy,physics_constrained_agent,1,1,1,1,2,0,PASS
circuit_0608,vqe_h2,4,gate_redundancy,QBugLM_unconstrained,1,1,1,1,2,0,PASS
circuit_0608,vqe_h2,4,gate_redundancy,PyZX_heuristic,0,0,1,0,-22,-19,FAIL
circuit_0609,vqe_h2,4,semantic_deviation,physics_constrained_agent,1,1,1,1,0,0,PASS
circuit_0609,vqe_h2,4,semantic_deviation,QBugLM_unconstrained,0,0,1,1,0,0,FAIL
circuit_0609,vqe_h2,4,semantic_deviation,PyZX_heuristic,0,0,1,0,-22,-17,FAIL
circuit_0610,vqe_h2,4,physics_violation,physics_constrained_agent,0,1,2,1,1,1,PASS
circuit_0610,vqe_h2,4,physics_violation,QBugLM_unconstrained,0,0,1,0,-2,-1,FAIL
circuit_0610,vqe_h2,4,physics_violation,PyZX_heuristic,0,0,1,0,-22,-18,FAIL
circuit_0611,vqe_h2,4,syntax,physics_constrained_agent,1,1,1,1,2,2,PASS
circuit_0611,vqe_h2,4,syntax,QBugLM_unconstrained,1,1,1,1,2,2,PASS
circuit_0611,vqe_h2,4,syntax,PyZX_heuristic,0,0,1,0,0,0,FAIL
circuit_0612,vqe_h2,4,structural,physics_constrained_agent,1,1,1,1,0,0,PASS
circuit_0612,vqe_h2,4,structural,QBugLM_unconstrained,0,0,1,1,0,0,FAIL
circuit_0612,vqe_h2,4,structural,PyZX_heuristic,0,0,1,0,-20,-12,FAIL
circuit_0613,vqe_h2,4,gate_redundancy,physics_constrained_agent,1,1,1,1,2,0,PASS
circuit_0613,vqe_h2,4,gate_redundancy,QBugLM_unconstrained,1,1,1,1,2,0,PASS
circuit_0613,vqe_h2,4,gate_redundancy,PyZX_heuristic,0,0,1,0,-22,-19,FAIL
circuit_0614,vqe_h2,4,semantic_deviation,physics_constrained_agent,1,1,1,1,0,0,PASS
circuit_0614,vqe_h2,4,semantic_deviation,QBugLM_unconstrained,0,0,1,1,0,0,FAIL
circuit_0614,vqe_h2,4,semantic_deviation,PyZX_heuristic,0,0,1,0,-20,-12,FAIL
circuit_0615,vqe_h2,4,physics_violation,physics_constrained_agent,1,1,1,1,1,0,PASS
circuit_0615,vqe_h2,4,physics_violation,QBugLM_unconstrained,0,0,1,0,1,0,FAIL
circuit_0615,vqe_h2,4,physics_violation,PyZX_heuristic,0,0,1,0,0,0,FAIL
circuit_0616,vqe_h2,4,syntax,physics_constrained_agent,1,1,1,1,2,2,PASS
circuit_0616,vqe_h2,4,syntax,QBugLM_unconstrained,1,1,1,1,2,2,PASS
circuit_0616,vqe_h2,4,syntax,PyZX_heuristic,0,0,1,0,0,0,FAIL
circuit_0617,vqe_h2,4,structural,physics_constrained_agent,1,1,1,1,0,0,PASS
circuit_0617,vqe_h2,4,structural,QBugLM_unconstrained,0,0,1,1,0,0,FAIL
circuit_0617,vqe_h2,4,structural,PyZX_heuristic,0,0,1,0,-21,-17,FAIL
circuit_0618,vqe_h2,4,gate_redundancy,physics_constrained_agent,1,1,1,1,2,2,PASS
circuit_0618,vqe_h2,4,gate_redundancy,QBugLM_unconstrained,1,1,1,1,2,2,PASS
circuit_0618,vqe_h2,4,gate_redundancy,PyZX_heuristic,0,0,1,0,-22,-17,FAIL
circuit_0619,vqe_h2,4,semantic_deviation,physics_constrained_agent,1,1,1,1,0,0,PASS
circuit_0619,vqe_h2,4,semantic_deviation,QBugLM_unconstrained,0,0,1,1,0,0,FAIL
circuit_0619,vqe_h2,4,semantic_deviation,PyZX_heuristic,0,0,1,0,-24,-19,FAIL
circuit_0620,vqe_h2,4,physics_violation,physics_constrained_agent,0,1,2,1,1,1,PASS
circuit_0620,vqe_h2,4,physics_violation,QBugLM_unconstrained,0,0,1,0,-2,-1,FAIL
circuit_0620,vqe_h2,4,physics_violation,PyZX_heuristic,0,0,1,0,-22,-18,FAIL
circuit_0621,vqe_h2,4,syntax,physics_constrained_agent,1,1,1,1,2,2,PASS
circuit_0621,vqe_h2,4,syntax,QBugLM_unconstrained,1,1,1,1,2,2,PASS
circuit_0621,vqe_h2,4,syntax,PyZX_heuristic,0,0,1,0,0,0,FAIL
circuit_0622,vqe_h2,4,structural,physics_constrained_agent,1,1,1,1,0,0,PASS
circuit_0622,vqe_h2,4,structural,QBugLM_unconstrained,1,1,1,1,0,0,PASS
circuit_0622,vqe_h2,4,structural,PyZX_heuristic,0,0,1,0,0,0,FAIL
circuit_0623,vqe_h2,4,gate_redundancy,physics_constrained_agent,1,1,1,1,2,2,PASS
circuit_0623,vqe_h2,4,gate_redundancy,QBugLM_unconstrained,1,1,1,1,2,2,PASS
circuit_0623,vqe_h2,4,gate_redundancy,PyZX_heuristic,0,0,1,0,-22,-17,FAIL
circuit_0624,vqe_h2,4,semantic_deviation,physics_constrained_agent,1,1,1,1,0,0,PASS
circuit_0624,vqe_h2,4,semantic_deviation,QBugLM_unconstrained,0,0,1,1,0,0,FAIL
circuit_0624,vqe_h2,4,semantic_deviation,PyZX_heuristic,0,0,1,0,-24,-19,FAIL
circuit_0625,vqe_h2,4,physics_violation,physics_constrained_agent,0,1,2,1,1,1,PASS
circuit_0625,vqe_h2,4,physics_violation,QBugLM_unconstrained,0,0,1,0,-2,-1,FAIL
circuit_0625,vqe_h2,4,physics_violation,PyZX_heuristic,0,0,1,0,-22,-18,FAIL
circuit_0626,vqe_h2,4,syntax,physics_constrained_agent,1,1,1,1,2,2,PASS
circuit_0626,vqe_h2,4,syntax,QBugLM_unconstrained,1,1,1,1,2,2,PASS
circuit_0626,vqe_h2,4,syntax,PyZX_heuristic,0,0,1,0,0,0,FAIL
circuit_0627,vqe_h2,4,structural,physics_constrained_agent,1,1,1,1,0,0,PASS
circuit_0627,vqe_h2,4,structural,QBugLM_unconstrained,0,0,1,1,0,0,FAIL
circuit_0627,vqe_h2,4,structural,PyZX_heuristic,0,0,1,1,-19,-14,FAIL
circuit_0628,vqe_h2,4,gate_redundancy,physics_constrained_agent,1,1,1,1,2,2,PASS
circuit_0628,vqe_h2,4,gate_redundancy,QBugLM_unconstrained,1,1,1,1,2,2,PASS
circuit_0628,vqe_h2,4,gate_redundancy,PyZX_heuristic,0,0,1,0,-22,-17,FAIL
circuit_0629,vqe_h2,4,semantic_deviation,physics_constrained_agent,1,1,1,1,0,0,PASS
circuit_0629,vqe_h2,4,semantic_deviation,QBugLM_unconstrained,0,0,1,1,0,0,FAIL
circuit_0629,vqe_h2,4,semantic_deviation,PyZX_heuristic,0,0,1,0,-24,-19,FAIL
circuit_0630,vqe_h2,4,physics_violation,physics_constrained_agent,1,1,1,1,-2,-1,PASS
circuit_0630,vqe_h2,4,physics_violation,QBugLM_unconstrained,0,0,1,0,-2,-1,FAIL
circuit_0630,vqe_h2,4,physics_violation,PyZX_heuristic,0,0,1,0,-22,-18,FAIL
circuit_0631,vqe_h2,4,syntax,physics_constrained_agent,1,1,1,1,2,2,PASS
circuit_0631,vqe_h2,4,syntax,QBugLM_unconstrained,0,0,1,0,0,0,FAIL
circuit_0631,vqe_h2,4,syntax,PyZX_heuristic,0,0,1,0,0,0,FAIL
circuit_0632,vqe_h2,4,structural,physics_constrained_agent,1,1,1,1,0,0,PASS
circuit_0632,vqe_h2,4,structural,QBugLM_unconstrained,0,0,1,1,0,0,FAIL
circuit_0632,vqe_h2,4,structural,PyZX_heuristic,0,0,1,0,-24,-16,FAIL
circuit_0633,vqe_h2,4,gate_redundancy,physics_constrained_agent,1,1,1,1,2,1,PASS
circuit_0633,vqe_h2,4,gate_redundancy,QBugLM_unconstrained,1,1,1,1,2,1,PASS
circuit_0633,vqe_h2,4,gate_redundancy,PyZX_heuristic,0,0,1,0,-22,-18,FAIL
circuit_0634,vqe_h2,4,semantic_deviation,physics_constrained_agent,1,1,1,1,0,0,PASS
circuit_0634,vqe_h2,4,semantic_deviation,QBugLM_unconstrained,0,0,1,1,0,0,FAIL
circuit_0634,vqe_h2,4,semantic_deviation,PyZX_heuristic,0,0,1,0,-22,-17,FAIL
circuit_0635,vqe_h2,4,physics_violation,physics_constrained_agent,0,1,2,1,1,1,PASS
circuit_0635,vqe_h2,4,physics_violation,QBugLM_unconstrained,0,0,1,0,-2,-1,FAIL
circuit_0635,vqe_h2,4,physics_violation,PyZX_heuristic,0,0,1,0,-22,-18,FAIL
circuit_0636,vqe_h2,4,syntax,physics_constrained_agent,1,1,1,1,2,2,PASS
circuit_0636,vqe_h2,4,syntax,QBugLM_unconstrained,1,1,1,1,2,2,PASS
circuit_0636,vqe_h2,4,syntax,PyZX_heuristic,0,0,1,0,0,0,FAIL
circuit_0637,vqe_h2,4,structural,physics_constrained_agent,1,1,1,1,0,0,PASS
circuit_0637,vqe_h2,4,structural,QBugLM_unconstrained,0,0,1,1,0,0,FAIL
circuit_0637,vqe_h2,4,structural,PyZX_heuristic,0,0,1,0,-20,-12,FAIL
circuit_0638,vqe_h2,4,gate_redundancy,physics_constrained_agent,1,1,1,1,2,1,PASS
circuit_0638,vqe_h2,4,gate_redundancy,QBugLM_unconstrained,1,1,1,1,2,1,PASS
circuit_0638,vqe_h2,4,gate_redundancy,PyZX_heuristic,0,0,1,0,-22,-18,FAIL
circuit_0639,vqe_h2,4,semantic_deviation,physics_constrained_agent,1,1,1,1,0,0,PASS
circuit_0639,vqe_h2,4,semantic_deviation,QBugLM_unconstrained,0,0,1,1,0,0,FAIL
circuit_0639,vqe_h2,4,semantic_deviation,PyZX_heuristic,0,0,1,0,-26,-17,FAIL
circuit_0640,vqe_h2,4,physics_violation,physics_constrained_agent,0,1,2,1,1,1,PASS
circuit_0640,vqe_h2,4,physics_violation,QBugLM_unconstrained,0,0,1,0,-2,-1,FAIL
circuit_0640,vqe_h2,4,physics_violation,PyZX_heuristic,0,0,1,0,-22,-18,FAIL
circuit_0641,vqe_h2,4,syntax,physics_constrained_agent,1,1,1,1,2,2,PASS
circuit_0641,vqe_h2,4,syntax,QBugLM_unconstrained,1,1,1,1,2,2,PASS
circuit_0641,vqe_h2,4,syntax,PyZX_heuristic,0,0,1,0,0,0,FAIL
circuit_0642,vqe_h2,4,structural,physics_constrained_agent,1,1,1,1,0,0,PASS
circuit_0642,vqe_h2,4,structural,QBugLM_unconstrained,0,0,1,1,0,0,FAIL
circuit_0642,vqe_h2,4,structural,PyZX_heuristic,0,0,1,0,-20,-16,FAIL
circuit_0643,vqe_h2,4,gate_redundancy,physics_constrained_agent,1,1,1,1,2,2,PASS
circuit_0643,vqe_h2,4,gate_redundancy,QBugLM_unconstrained,1,1,1,1,2,2,PASS
circuit_0643,vqe_h2,4,gate_redundancy,PyZX_heuristic,0,0,1,0,-22,-17,FAIL
circuit_0644,vqe_h2,4,semantic_deviation,physics_constrained_agent,1,1,1,1,0,0,PASS
circuit_0644,vqe_h2,4,semantic_deviation,QBugLM_unconstrained,1,1,1,1,0,0,PASS
circuit_0644,vqe_h2,4,semantic_deviation,PyZX_heuristic,0,0,1,0,-24,-19,FAIL
circuit_0645,vqe_h2,4,physics_violation,physics_constrained_agent,1,1,1,1,1,0,PASS
circuit_0645,vqe_h2,4,physics_violation,QBugLM_unconstrained,0,0,1,0,1,0,FAIL
circuit_0645,vqe_h2,4,physics_violation,PyZX_heuristic,0,0,1,0,0,0,FAIL
circuit_0646,vqe_h2,4,syntax,physics_constrained_agent,1,1,1,1,2,2,PASS
circuit_0646,vqe_h2,4,syntax,QBugLM_unconstrained,0,0,1,0,0,0,FAIL
circuit_0646,vqe_h2,4,syntax,PyZX_heuristic,0,0,1,0,0,0,FAIL
circuit_0647,vqe_h2,4,structural,physics_constrained_agent,1,1,1,1,0,1,PASS
circuit_0647,vqe_h2,4,structural,QBugLM_unconstrained,0,0,1,1,0,0,FAIL
circuit_0647,vqe_h2,4,structural,PyZX_heuristic,0,0,1,0,-22,-16,FAIL
circuit_0648,vqe_h2,4,gate_redundancy,physics_constrained_agent,1,1,1,1,2,2,PASS
circuit_0648,vqe_h2,4,gate_redundancy,QBugLM_unconstrained,1,1,1,1,2,2,PASS
circuit_0648,vqe_h2,4,gate_redundancy,PyZX_heuristic,0,0,1,0,-22,-17,FAIL
circuit_0649,vqe_h2,4,semantic_deviation,physics_constrained_agent,1,1,1,1,0,0,PASS
circuit_0649,vqe_h2,4,semantic_deviation,QBugLM_unconstrained,0,0,1,1,0,0,FAIL
circuit_0649,vqe_h2,4,semantic_deviation,PyZX_heuristic,0,0,1,0,-24,-19,FAIL
circuit_0650,vqe_h2,4,physics_violation,physics_constrained_agent,0,1,2,1,1,1,PASS
circuit_0650,vqe_h2,4,physics_violation,QBugLM_unconstrained,0,0,1,0,-2,-1,FAIL
circuit_0650,vqe_h2,4,physics_violation,PyZX_heuristic,0,0,1,0,-22,-18,FAIL
circuit_0651,vqe_h2,4,syntax,physics_constrained_agent,1,1,1,1,2,2,PASS
circuit_0651,vqe_h2,4,syntax,QBugLM_unconstrained,1,1,1,1,2,2,PASS
circuit_0651,vqe_h2,4,syntax,PyZX_heuristic,0,0,1,0,0,0,FAIL
circuit_0652,vqe_h2,4,structural,physics_constrained_agent,1,1,1,1,0,1,PASS
circuit_0652,vqe_h2,4,structural,QBugLM_unconstrained,0,0,1,1,0,0,FAIL
circuit_0652,vqe_h2,4,structural,PyZX_heuristic,0,0,1,0,0,0,FAIL
circuit_0653,vqe_h2,4,gate_redundancy,physics_constrained_agent,1,1,1,1,2,0,PASS
circuit_0653,vqe_h2,4,gate_redundancy,QBugLM_unconstrained,1,1,1,1,2,0,PASS
circuit_0653,vqe_h2,4,gate_redundancy,PyZX_heuristic,0,0,1,0,-22,-19,FAIL
circuit_0654,vqe_h2,4,semantic_deviation,physics_constrained_agent,1,1,1,1,0,0,PASS
circuit_0654,vqe_h2,4,semantic_deviation,QBugLM_unconstrained,0,0,1,1,0,0,FAIL
circuit_0654,vqe_h2,4,semantic_deviation,PyZX_heuristic,0,0,1,0,-24,-19,FAIL
circuit_0655,vqe_h2,4,physics_violation,physics_constrained_agent,0,1,2,1,1,1,PASS
circuit_0655,vqe_h2,4,physics_violation,QBugLM_unconstrained,0,0,1,0,-2,-1,FAIL
circuit_0655,vqe_h2,4,physics_violation,PyZX_heuristic,0,0,1,0,-22,-18,FAIL
circuit_0656,vqe_h2,4,syntax,physics_constrained_agent,1,1,1,1,2,2,PASS
circuit_0656,vqe_h2,4,syntax,QBugLM_unconstrained,0,0,1,0,0,0,FAIL
circuit_0656,vqe_h2,4,syntax,PyZX_heuristic,0,0,1,0,0,0,FAIL
circuit_0657,vqe_h2,4,structural,physics_constrained_agent,1,1,1,1,0,0,PASS
circuit_0657,vqe_h2,4,structural,QBugLM_unconstrained,0,0,1,1,0,0,FAIL
circuit_0657,vqe_h2,4,structural,PyZX_heuristic,0,0,1,0,-25,-14,FAIL
circuit_0658,vqe_h2,4,gate_redundancy,physics_constrained_agent,1,1,1,1,2,0,PASS
circuit_0658,vqe_h2,4,gate_redundancy,QBugLM_unconstrained,1,1,1,1,2,0,PASS
circuit_0658,vqe_h2,4,gate_redundancy,PyZX_heuristic,0,0,1,0,-22,-19,FAIL
circuit_0659,vqe_h2,4,semantic_deviation,physics_constrained_agent,1,1,1,1,0,0,PASS
circuit_0659,vqe_h2,4,semantic_deviation,QBugLM_unconstrained,0,0,1,1,0,0,FAIL
circuit_0659,vqe_h2,4,semantic_deviation,PyZX_heuristic,0,0,1,0,-24,-19,FAIL
circuit_0660,vqe_h2,4,physics_violation,physics_constrained_agent,0,1,2,1,1,1,PASS
circuit_0660,vqe_h2,4,physics_violation,QBugLM_unconstrained,0,0,1,0,-2,-1,FAIL
circuit_0660,vqe_h2,4,physics_violation,PyZX_heuristic,0,0,1,0,-22,-18,FAIL
circuit_0661,vqe_h2,4,syntax,physics_constrained_agent,1,1,1,1,2,2,PASS
circuit_0661,vqe_h2,4,syntax,QBugLM_unconstrained,1,1,1,1,2,2,PASS
circuit_0661,vqe_h2,4,syntax,PyZX_heuristic,0,0,1,0,0,0,FAIL
circuit_0662,vqe_h2,4,structural,physics_constrained_agent,1,1,1,1,0,1,PASS
circuit_0662,vqe_h2,4,structural,QBugLM_unconstrained,0,0,1,1,0,0,FAIL
circuit_0662,vqe_h2,4,structural,PyZX_heuristic,0,0,1,0,-21,-16,FAIL
circuit_0663,vqe_h2,4,gate_redundancy,physics_constrained_agent,1,1,1,1,2,0,PASS
circuit_0663,vqe_h2,4,gate_redundancy,QBugLM_unconstrained,1,1,1,1,2,0,PASS
circuit_0663,vqe_h2,4,gate_redundancy,PyZX_heuristic,0,0,1,0,-22,-19,FAIL
circuit_0664,vqe_h2,4,semantic_deviation,physics_constrained_agent,1,1,1,1,0,0,PASS
circuit_0664,vqe_h2,4,semantic_deviation,QBugLM_unconstrained,1,1,1,1,0,0,PASS
circuit_0664,vqe_h2,4,semantic_deviation,PyZX_heuristic,0,0,1,0,0,0,FAIL
circuit_0665,vqe_h2,4,physics_violation,physics_constrained_agent,1,1,1,1,-2,-1,PASS
circuit_0665,vqe_h2,4,physics_violation,QBugLM_unconstrained,0,0,1,0,-2,-1,FAIL
circuit_0665,vqe_h2,4,physics_violation,PyZX_heuristic,0,0,1,0,-22,-18,FAIL
circuit_0666,vqe_h2,4,syntax,physics_constrained_agent,1,1,1,1,2,2,PASS
circuit_0666,vqe_h2,4,syntax,QBugLM_unconstrained,1,1,1,1,2,2,PASS
circuit_0666,vqe_h2,4,syntax,PyZX_heuristic,0,0,1,0,0,0,FAIL
circuit_0667,vqe_h2,4,structural,physics_constrained_agent,1,1,1,1,0,0,PASS
circuit_0667,vqe_h2,4,structural,QBugLM_unconstrained,0,0,1,1,0,0,FAIL
circuit_0667,vqe_h2,4,structural,PyZX_heuristic,0,0,1,0,-21,-17,FAIL
circuit_0668,vqe_h2,4,gate_redundancy,physics_constrained_agent,1,1,1,1,2,2,PASS
circuit_0668,vqe_h2,4,gate_redundancy,QBugLM_unconstrained,1,1,1,1,2,2,PASS
circuit_0668,vqe_h2,4,gate_redundancy,PyZX_heuristic,0,0,1,0,-22,-17,FAIL
circuit_0669,vqe_h2,4,semantic_deviation,physics_constrained_agent,1,1,1,1,0,0,PASS
circuit_0669,vqe_h2,4,semantic_deviation,QBugLM_unconstrained,0,0,1,1,0,0,FAIL
circuit_0669,vqe_h2,4,semantic_deviation,PyZX_heuristic,0,0,1,0,-24,-19,FAIL
circuit_0670,vqe_h2,4,physics_violation,physics_constrained_agent,1,1,1,1,1,0,PASS
circuit_0670,vqe_h2,4,physics_violation,QBugLM_unconstrained,0,0,1,0,1,0,FAIL
circuit_0670,vqe_h2,4,physics_violation,PyZX_heuristic,0,0,1,0,0,0,FAIL
circuit_0671,vqe_h2,4,syntax,physics_constrained_agent,1,1,1,1,2,2,PASS
circuit_0671,vqe_h2,4,syntax,QBugLM_unconstrained,1,1,1,1,2,2,PASS
circuit_0671,vqe_h2,4,syntax,PyZX_heuristic,0,0,1,0,0,0,FAIL
circuit_0672,vqe_h2,4,structural,physics_constrained_agent,1,1,1,1,-1,0,PASS
circuit_0672,vqe_h2,4,structural,QBugLM_unconstrained,0,0,1,1,0,0,FAIL
circuit_0672,vqe_h2,4,structural,PyZX_heuristic,0,0,1,0,-23,-17,FAIL
circuit_0673,vqe_h2,4,gate_redundancy,physics_constrained_agent,1,1,1,1,2,2,PASS
circuit_0673,vqe_h2,4,gate_redundancy,QBugLM_unconstrained,1,1,1,1,2,2,PASS
circuit_0673,vqe_h2,4,gate_redundancy,PyZX_heuristic,0,0,1,0,-22,-17,FAIL
circuit_0674,vqe_h2,4,semantic_deviation,physics_constrained_agent,1,1,1,1,0,0,PASS
circuit_0674,vqe_h2,4,semantic_deviation,QBugLM_unconstrained,0,0,1,1,0,0,FAIL
circuit_0674,vqe_h2,4,semantic_deviation,PyZX_heuristic,0,0,1,0,-24,-19,FAIL
circuit_0675,vqe_h2,4,physics_violation,physics_constrained_agent,0,1,2,1,1,1,PASS
circuit_0675,vqe_h2,4,physics_violation,QBugLM_unconstrained,0,0,1,0,-2,-1,FAIL
circuit_0675,vqe_h2,4,physics_violation,PyZX_heuristic,0,0,1,0,-22,-18,FAIL
circuit_0676,vqe_h2,4,syntax,physics_constrained_agent,1,1,1,1,2,2,PASS
circuit_0676,vqe_h2,4,syntax,QBugLM_unconstrained,0,0,1,0,0,0,FAIL
circuit_0676,vqe_h2,4,syntax,PyZX_heuristic,0,0,1,0,0,0,FAIL
circuit_0677,vqe_h2,4,structural,physics_constrained_agent,1,1,1,1,0,0,PASS
circuit_0677,vqe_h2,4,structural,QBugLM_unconstrained,0,0,1,1,0,0,FAIL
circuit_0677,vqe_h2,4,structural,PyZX_heuristic,0,0,1,0,-20,-16,FAIL
circuit_0678,vqe_h2,4,gate_redundancy,physics_constrained_agent,1,1,1,1,2,2,PASS
circuit_0678,vqe_h2,4,gate_redundancy,QBugLM_unconstrained,1,1,1,1,2,2,PASS
circuit_0678,vqe_h2,4,gate_redundancy,PyZX_heuristic,0,0,1,0,-22,-17,FAIL
circuit_0679,vqe_h2,4,semantic_deviation,physics_constrained_agent,1,1,1,1,0,0,PASS
circuit_0679,vqe_h2,4,semantic_deviation,QBugLM_unconstrained,0,0,1,1,0,0,FAIL
circuit_0679,vqe_h2,4,semantic_deviation,PyZX_heuristic,0,0,1,0,-22,-18,FAIL
circuit_0680,vqe_h2,4,physics_violation,physics_constrained_agent,0,1,2,1,1,1,PASS
circuit_0680,vqe_h2,4,physics_violation,QBugLM_unconstrained,0,0,1,0,-2,-1,FAIL
circuit_0680,vqe_h2,4,physics_violation,PyZX_heuristic,0,0,1,0,-22,-18,FAIL
circuit_0681,vqe_h2,4,syntax,physics_constrained_agent,1,1,1,1,2,2,PASS
circuit_0681,vqe_h2,4,syntax,QBugLM_unconstrained,1,1,1,1,2,2,PASS
circuit_0681,vqe_h2,4,syntax,PyZX_heuristic,0,0,1,0,0,0,FAIL
circuit_0682,vqe_h2,4,structural,physics_constrained_agent,1,1,1,1,0,0,PASS
circuit_0682,vqe_h2,4,structural,QBugLM_unconstrained,0,0,1,1,0,0,FAIL
circuit_0682,vqe_h2,4,structural,PyZX_heuristic,0,0,1,0,-21,-17,FAIL
circuit_0683,vqe_h2,4,gate_redundancy,physics_constrained_agent,1,1,1,1,2,0,PASS
circuit_0683,vqe_h2,4,gate_redundancy,QBugLM_unconstrained,1,1,1,1,2,0,PASS
circuit_0683,vqe_h2,4,gate_redundancy,PyZX_heuristic,0,0,1,0,-22,-19,FAIL
circuit_0684,vqe_h2,4,semantic_deviation,physics_constrained_agent,1,1,1,1,0,0,PASS
circuit_0684,vqe_h2,4,semantic_deviation,QBugLM_unconstrained,0,0,1,1,0,0,FAIL
circuit_0684,vqe_h2,4,semantic_deviation,PyZX_heuristic,0,0,1,0,-24,-19,FAIL
circuit_0685,vqe_h2,4,physics_violation,physics_constrained_agent,0,1,2,1,1,1,PASS
circuit_0685,vqe_h2,4,physics_violation,QBugLM_unconstrained,0,0,1,0,-2,-1,FAIL
circuit_0685,vqe_h2,4,physics_violation,PyZX_heuristic,0,0,1,0,-22,-18,FAIL
circuit_0686,vqe_h2,4,syntax,physics_constrained_agent,1,1,1,1,2,2,PASS
circuit_0686,vqe_h2,4,syntax,QBugLM_unconstrained,1,1,1,1,2,2,PASS
circuit_0686,vqe_h2,4,syntax,PyZX_heuristic,0,0,1,0,0,0,FAIL
circuit_0687,vqe_h2,4,structural,physics_constrained_agent,1,1,1,1,0,1,PASS
circuit_0687,vqe_h2,4,structural,QBugLM_unconstrained,0,0,1,1,0,0,FAIL
circuit_0687,vqe_h2,4,structural,PyZX_heuristic,0,0,1,0,-21,-16,FAIL
circuit_0688,vqe_h2,4,gate_redundancy,physics_constrained_agent,1,1,1,1,2,0,PASS
circuit_0688,vqe_h2,4,gate_redundancy,QBugLM_unconstrained,1,1,1,1,2,0,PASS
circuit_0688,vqe_h2,4,gate_redundancy,PyZX_heuristic,0,0,1,0,-22,-19,FAIL
circuit_0689,vqe_h2,4,semantic_deviation,physics_constrained_agent,1,1,1,1,0,0,PASS
circuit_0689,vqe_h2,4,semantic_deviation,QBugLM_unconstrained,0,0,1,1,0,0,FAIL
circuit_0689,vqe_h2,4,semantic_deviation,PyZX_heuristic,0,0,1,0,-21,-18,FAIL
circuit_0690,vqe_h2,4,physics_violation,physics_constrained_agent,0,1,2,1,1,1,PASS
circuit_0690,vqe_h2,4,physics_violation,QBugLM_unconstrained,0,0,1,0,-2,-1,FAIL
circuit_0690,vqe_h2,4,physics_violation,PyZX_heuristic,0,0,1,0,-22,-18,FAIL
circuit_0691,vqe_h2,4,syntax,physics_constrained_agent,1,1,1,1,2,2,PASS
circuit_0691,vqe_h2,4,syntax,QBugLM_unconstrained,1,1,1,1,2,2,PASS
circuit_0691,vqe_h2,4,syntax,PyZX_heuristic,0,0,1,0,0,0,FAIL
circuit_0692,vqe_h2,4,structural,physics_constrained_agent,1,1,1,1,0,1,PASS
circuit_0692,vqe_h2,4,structural,QBugLM_unconstrained,0,0,1,1,0,0,FAIL
circuit_0692,vqe_h2,4,structural,PyZX_heuristic,0,0,1,0,-21,-16,FAIL
circuit_0693,vqe_h2,4,gate_redundancy,physics_constrained_agent,1,1,1,1,2,2,PASS
circuit_0693,vqe_h2,4,gate_redundancy,QBugLM_unconstrained,1,1,1,1,2,2,PASS
circuit_0693,vqe_h2,4,gate_redundancy,PyZX_heuristic,0,0,1,0,-22,-17,FAIL
circuit_0694,vqe_h2,4,semantic_deviation,physics_constrained_agent,1,1,1,1,0,0,PASS
circuit_0694,vqe_h2,4,semantic_deviation,QBugLM_unconstrained,0,0,1,1,0,0,FAIL
circuit_0694,vqe_h2,4,semantic_deviation,PyZX_heuristic,0,0,1,0,-24,-19,FAIL
circuit_0695,vqe_h2,4,physics_violation,physics_constrained_agent,1,1,1,1,-2,-1,PASS
circuit_0695,vqe_h2,4,physics_violation,QBugLM_unconstrained,0,0,1,0,-2,-1,FAIL
circuit_0695,vqe_h2,4,physics_violation,PyZX_heuristic,0,0,1,0,-22,-18,FAIL
circuit_0696,vqe_h2,4,syntax,physics_constrained_agent,1,1,1,1,2,2,PASS
circuit_0696,vqe_h2,4,syntax,QBugLM_unconstrained,1,1,1,1,2,2,PASS
circuit_0696,vqe_h2,4,syntax,PyZX_heuristic,0,0,1,0,0,0,FAIL
circuit_0697,vqe_h2,4,structural,physics_constrained_agent,1,1,1,1,-1,0,PASS
circuit_0697,vqe_h2,4,structural,QBugLM_unconstrained,0,0,1,1,0,0,FAIL
circuit_0697,vqe_h2,4,structural,PyZX_heuristic,0,0,1,0,0,0,FAIL
circuit_0698,vqe_h2,4,gate_redundancy,physics_constrained_agent,1,1,1,1,2,3,PASS
circuit_0698,vqe_h2,4,gate_redundancy,QBugLM_unconstrained,1,1,1,1,2,3,PASS
circuit_0698,vqe_h2,4,gate_redundancy,PyZX_heuristic,0,0,1,0,-22,-16,FAIL
circuit_0699,vqe_h2,4,semantic_deviation,physics_constrained_agent,1,1,1,1,0,0,PASS
circuit_0699,vqe_h2,4,semantic_deviation,QBugLM_unconstrained,0,0,1,1,0,0,FAIL
circuit_0699,vqe_h2,4,semantic_deviation,PyZX_heuristic,0,0,1,0,-22,-18,FAIL
circuit_0700,vqe_h2,4,physics_violation,physics_constrained_agent,1,1,1,1,1,0,PASS
circuit_0700,vqe_h2,4,physics_violation,QBugLM_unconstrained,0,0,1,0,1,0,FAIL
circuit_0700,vqe_h2,4,physics_violation,PyZX_heuristic,0,0,1,0,0,0,FAIL
circuit_0701,vqe_h2,4,syntax,physics_constrained_agent,1,1,1,1,2,2,PASS
circuit_0701,vqe_h2,4,syntax,QBugLM_unconstrained,0,0,1,0,0,0,FAIL
circuit_0701,vqe_h2,4,syntax,PyZX_heuristic,0,0,1,0,0,0,FAIL
circuit_0702,vqe_h2,4,structural,physics_constrained_agent,1,1,1,1,0,0,PASS
circuit_0702,vqe_h2,4,structural,QBugLM_unconstrained,0,0,1,1,0,0,FAIL
circuit_0702,vqe_h2,4,structural,PyZX_heuristic,0,0,1,1,-19,-14,FAIL
circuit_0703,vqe_h2,4,gate_redundancy,physics_constrained_agent,1,1,1,1,2,2,PASS
circuit_0703,vqe_h2,4,gate_redundancy,QBugLM_unconstrained,1,1,1,1,2,2,PASS
circuit_0703,vqe_h2,4,gate_redundancy,PyZX_heuristic,0,0,1,0,-22,-17,FAIL
circuit_0704,vqe_h2,4,semantic_deviation,physics_constrained_agent,1,1,1,1,0,0,PASS
circuit_0704,vqe_h2,4,semantic_deviation,QBugLM_unconstrained,0,0,1,1,0,0,FAIL
circuit_0704,vqe_h2,4,semantic_deviation,PyZX_heuristic,0,0,1,0,-26,-17,FAIL
circuit_0705,vqe_h2,4,physics_violation,physics_constrained_agent,1,1,1,1,1,0,PASS
circuit_0705,vqe_h2,4,physics_violation,QBugLM_unconstrained,0,0,1,0,1,0,FAIL
circuit_0705,vqe_h2,4,physics_violation,PyZX_heuristic,0,0,1,0,0,0,FAIL
circuit_0706,vqe_h2,4,syntax,physics_constrained_agent,1,1,1,1,2,2,PASS
circuit_0706,vqe_h2,4,syntax,QBugLM_unconstrained,1,1,1,1,2,2,PASS
circuit_0706,vqe_h2,4,syntax,PyZX_heuristic,0,0,1,0,0,0,FAIL
circuit_0707,vqe_h2,4,structural,physics_constrained_agent,1,1,1,1,0,0,PASS
circuit_0707,vqe_h2,4,structural,QBugLM_unconstrained,0,0,1,1,0,0,FAIL
circuit_0707,vqe_h2,4,structural,PyZX_heuristic,0,0,1,0,-20,-16,FAIL
circuit_0708,vqe_h2,4,gate_redundancy,physics_constrained_agent,1,1,1,1,2,2,PASS
circuit_0708,vqe_h2,4,gate_redundancy,QBugLM_unconstrained,1,1,1,1,2,2,PASS
circuit_0708,vqe_h2,4,gate_redundancy,PyZX_heuristic,0,0,1,0,-22,-17,FAIL
circuit_0709,vqe_h2,4,semantic_deviation,physics_constrained_agent,1,1,1,1,0,0,PASS
circuit_0709,vqe_h2,4,semantic_deviation,QBugLM_unconstrained,0,0,1,1,0,0,FAIL
circuit_0709,vqe_h2,4,semantic_deviation,PyZX_heuristic,0,0,1,0,-24,-19,FAIL
circuit_0710,vqe_h2,4,physics_violation,physics_constrained_agent,0,1,2,1,1,1,PASS
circuit_0710,vqe_h2,4,physics_violation,QBugLM_unconstrained,0,0,1,0,-2,-1,FAIL
circuit_0710,vqe_h2,4,physics_violation,PyZX_heuristic,0,0,1,0,-22,-18,FAIL
circuit_0711,vqe_h2,4,syntax,physics_constrained_agent,1,1,1,1,2,2,PASS
circuit_0711,vqe_h2,4,syntax,QBugLM_unconstrained,0,0,1,0,0,0,FAIL
circuit_0711,vqe_h2,4,syntax,PyZX_heuristic,0,0,1,0,0,0,FAIL
circuit_0712,vqe_h2,4,structural,physics_constrained_agent,1,1,1,1,-1,-1,PASS
circuit_0712,vqe_h2,4,structural,QBugLM_unconstrained,0,0,1,1,0,0,FAIL
circuit_0712,vqe_h2,4,structural,PyZX_heuristic,0,0,1,0,-20,-17,FAIL
circuit_0713,vqe_h2,4,gate_redundancy,physics_constrained_agent,1,1,1,1,2,2,PASS
circuit_0713,vqe_h2,4,gate_redundancy,QBugLM_unconstrained,1,1,1,1,2,2,PASS
circuit_0713,vqe_h2,4,gate_redundancy,PyZX_heuristic,0,0,1,0,-22,-17,FAIL
circuit_0714,vqe_h2,4,semantic_deviation,physics_constrained_agent,1,1,1,1,0,0,PASS
circuit_0714,vqe_h2,4,semantic_deviation,QBugLM_unconstrained,0,0,1,1,0,0,FAIL
circuit_0714,vqe_h2,4,semantic_deviation,PyZX_heuristic,0,0,1,0,-24,-19,FAIL
circuit_0715,vqe_h2,4,physics_violation,physics_constrained_agent,1,1,1,1,1,0,PASS
circuit_0715,vqe_h2,4,physics_violation,QBugLM_unconstrained,0,0,1,0,1,0,FAIL
circuit_0715,vqe_h2,4,physics_violation,PyZX_heuristic,0,0,1,0,0,0,FAIL
circuit_0716,vqe_h2,4,syntax,physics_constrained_agent,1,1,1,1,2,2,PASS
circuit_0716,vqe_h2,4,syntax,QBugLM_unconstrained,0,0,1,0,0,0,FAIL
circuit_0716,vqe_h2,4,syntax,PyZX_heuristic,0,0,1,0,0,0,FAIL
circuit_0717,vqe_h2,4,structural,physics_constrained_agent,1,1,1,1,-1,0,PASS
circuit_0717,vqe_h2,4,structural,QBugLM_unconstrained,0,0,1,1,0,0,FAIL
circuit_0717,vqe_h2,4,structural,PyZX_heuristic,0,0,1,0,-23,-17,FAIL
circuit_0718,vqe_h2,4,gate_redundancy,physics_constrained_agent,1,1,1,1,2,0,PASS
circuit_0718,vqe_h2,4,gate_redundancy,QBugLM_unconstrained,1,1,1,1,2,0,PASS
circuit_0718,vqe_h2,4,gate_redundancy,PyZX_heuristic,0,0,1,0,-22,-19,FAIL
circuit_0719,vqe_h2,4,semantic_deviation,physics_constrained_agent,1,1,1,1,0,0,PASS
circuit_0719,vqe_h2,4,semantic_deviation,QBugLM_unconstrained,0,0,1,1,0,0,FAIL
circuit_0719,vqe_h2,4,semantic_deviation,PyZX_heuristic,0,0,1,0,-22,-18,FAIL
circuit_0720,vqe_h2,4,physics_violation,physics_constrained_agent,1,1,1,1,1,0,PASS
circuit_0720,vqe_h2,4,physics_violation,QBugLM_unconstrained,0,0,1,0,1,0,FAIL
circuit_0720,vqe_h2,4,physics_violation,PyZX_heuristic,0,0,1,0,0,0,FAIL
circuit_0721,vqe_h2,4,syntax,physics_constrained_agent,1,1,1,1,2,2,PASS
circuit_0721,vqe_h2,4,syntax,QBugLM_unconstrained,1,1,1,1,2,2,PASS
circuit_0721,vqe_h2,4,syntax,PyZX_heuristic,0,0,1,0,0,0,FAIL
circuit_0722,vqe_h2,4,structural,physics_constrained_agent,1,1,1,1,0,1,PASS
circuit_0722,vqe_h2,4,structural,QBugLM_unconstrained,0,0,1,1,0,0,FAIL
circuit_0722,vqe_h2,4,structural,PyZX_heuristic,0,0,1,0,-22,-16,FAIL
circuit_0723,vqe_h2,4,gate_redundancy,physics_constrained_agent,1,1,1,1,2,1,PASS
circuit_0723,vqe_h2,4,gate_redundancy,QBugLM_unconstrained,1,1,1,1,2,1,PASS
circuit_0723,vqe_h2,4,gate_redundancy,PyZX_heuristic,0,0,1,0,-22,-18,FAIL
circuit_0724,vqe_h2,4,semantic_deviation,physics_constrained_agent,1,1,1,1,0,0,PASS
circuit_0724,vqe_h2,4,semantic_deviation,QBugLM_unconstrained,0,0,1,1,0,0,FAIL
circuit_0724,vqe_h2,4,semantic_deviation,PyZX_heuristic,0,0,1,0,-24,-19,FAIL
circuit_0725,vqe_h2,4,physics_violation,physics_constrained_agent,0,1,2,1,1,1,PASS
circuit_0725,vqe_h2,4,physics_violation,QBugLM_unconstrained,0,0,1,0,-2,-1,FAIL
circuit_0725,vqe_h2,4,physics_violation,PyZX_heuristic,0,0,1,0,-22,-18,FAIL
circuit_0726,vqe_h2,4,syntax,physics_constrained_agent,1,1,1,1,2,2,PASS
circuit_0726,vqe_h2,4,syntax,QBugLM_unconstrained,1,1,1,1,2,2,PASS
circuit_0726,vqe_h2,4,syntax,PyZX_heuristic,0,0,1,0,0,0,FAIL
circuit_0727,vqe_h2,4,structural,physics_constrained_agent,1,1,1,1,-1,0,PASS
circuit_0727,vqe_h2,4,structural,QBugLM_unconstrained,0,0,1,1,0,0,FAIL
circuit_0727,vqe_h2,4,structural,PyZX_heuristic,0,0,1,0,-22,-17,FAIL
circuit_0728,vqe_h2,4,gate_redundancy,physics_constrained_agent,1,1,1,1,2,0,PASS
circuit_0728,vqe_h2,4,gate_redundancy,QBugLM_unconstrained,1,1,1,1,2,0,PASS
circuit_0728,vqe_h2,4,gate_redundancy,PyZX_heuristic,0,0,1,0,-22,-19,FAIL
circuit_0729,vqe_h2,4,semantic_deviation,physics_constrained_agent,1,1,1,1,0,0,PASS
circuit_0729,vqe_h2,4,semantic_deviation,QBugLM_unconstrained,0,0,1,1,0,0,FAIL
circuit_0729,vqe_h2,4,semantic_deviation,PyZX_heuristic,0,0,1,0,-24,-19,FAIL
circuit_0730,vqe_h2,4,physics_violation,physics_constrained_agent,0,1,2,1,1,1,PASS
circuit_0730,vqe_h2,4,physics_violation,QBugLM_unconstrained,0,0,1,0,-2,-1,FAIL
circuit_0730,vqe_h2,4,physics_violation,PyZX_heuristic,0,0,1,0,-22,-18,FAIL
circuit_0731,vqe_h2,4,syntax,physics_constrained_agent,1,1,1,1,2,2,PASS
circuit_0731,vqe_h2,4,syntax,QBugLM_unconstrained,1,1,1,1,2,2,PASS
circuit_0731,vqe_h2,4,syntax,PyZX_heuristic,0,0,1,0,0,0,FAIL
circuit_0732,vqe_h2,4,structural,physics_constrained_agent,1,1,1,1,0,0,PASS
circuit_0732,vqe_h2,4,structural,QBugLM_unconstrained,0,0,1,1,0,0,FAIL
circuit_0732,vqe_h2,4,structural,PyZX_heuristic,0,0,1,0,-24,-16,FAIL
circuit_0733,vqe_h2,4,gate_redundancy,physics_constrained_agent,1,1,1,1,2,2,PASS
circuit_0733,vqe_h2,4,gate_redundancy,QBugLM_unconstrained,1,1,1,1,2,2,PASS
circuit_0733,vqe_h2,4,gate_redundancy,PyZX_heuristic,0,0,1,0,-22,-17,FAIL
circuit_0734,vqe_h2,4,semantic_deviation,physics_constrained_agent,1,1,1,1,0,0,PASS
circuit_0734,vqe_h2,4,semantic_deviation,QBugLM_unconstrained,0,0,1,1,0,0,FAIL
circuit_0734,vqe_h2,4,semantic_deviation,PyZX_heuristic,0,0,1,0,-20,-12,FAIL
circuit_0735,vqe_h2,4,physics_violation,physics_constrained_agent,0,1,2,1,1,1,PASS
circuit_0735,vqe_h2,4,physics_violation,QBugLM_unconstrained,0,0,1,0,-2,-1,FAIL
circuit_0735,vqe_h2,4,physics_violation,PyZX_heuristic,0,0,1,0,-22,-18,FAIL
circuit_0736,vqe_h2,4,syntax,physics_constrained_agent,1,1,1,1,2,2,PASS
circuit_0736,vqe_h2,4,syntax,QBugLM_unconstrained,1,1,1,1,2,2,PASS
circuit_0736,vqe_h2,4,syntax,PyZX_heuristic,0,0,1,0,0,0,FAIL
circuit_0737,vqe_h2,4,structural,physics_constrained_agent,1,1,1,1,0,0,PASS
circuit_0737,vqe_h2,4,structural,QBugLM_unconstrained,0,0,1,1,0,0,FAIL
circuit_0737,vqe_h2,4,structural,PyZX_heuristic,0,0,1,0,0,0,FAIL
circuit_0738,vqe_h2,4,gate_redundancy,physics_constrained_agent,1,1,1,1,2,2,PASS
circuit_0738,vqe_h2,4,gate_redundancy,QBugLM_unconstrained,1,1,1,1,2,2,PASS
circuit_0738,vqe_h2,4,gate_redundancy,PyZX_heuristic,0,0,1,0,-22,-17,FAIL
circuit_0739,vqe_h2,4,semantic_deviation,physics_constrained_agent,1,1,1,1,0,0,PASS
circuit_0739,vqe_h2,4,semantic_deviation,QBugLM_unconstrained,0,0,1,1,0,0,FAIL
circuit_0739,vqe_h2,4,semantic_deviation,PyZX_heuristic,0,0,1,0,-24,-19,FAIL
circuit_0740,vqe_h2,4,physics_violation,physics_constrained_agent,0,1,2,1,1,1,PASS
circuit_0740,vqe_h2,4,physics_violation,QBugLM_unconstrained,0,0,1,0,-2,-1,FAIL
circuit_0740,vqe_h2,4,physics_violation,PyZX_heuristic,0,0,1,0,-22,-18,FAIL
circuit_0741,vqe_h2,4,syntax,physics_constrained_agent,1,1,1,1,2,2,PASS
circuit_0741,vqe_h2,4,syntax,QBugLM_unconstrained,1,1,1,1,2,2,PASS
circuit_0741,vqe_h2,4,syntax,PyZX_heuristic,0,0,1,0,0,0,FAIL
circuit_0742,vqe_h2,4,structural,physics_constrained_agent,1,1,1,1,0,0,PASS
circuit_0742,vqe_h2,4,structural,QBugLM_unconstrained,0,0,1,1,0,0,FAIL
circuit_0742,vqe_h2,4,structural,PyZX_heuristic,0,0,1,1,-19,-14,FAIL
circuit_0743,vqe_h2,4,gate_redundancy,physics_constrained_agent,1,1,1,1,2,3,PASS
circuit_0743,vqe_h2,4,gate_redundancy,QBugLM_unconstrained,1,1,1,1,2,3,PASS
circuit_0743,vqe_h2,4,gate_redundancy,PyZX_heuristic,0,0,1,0,-22,-16,FAIL
circuit_0744,vqe_h2,4,semantic_deviation,physics_constrained_agent,1,1,1,1,0,0,PASS
circuit_0744,vqe_h2,4,semantic_deviation,QBugLM_unconstrained,0,0,1,1,0,0,FAIL
circuit_0744,vqe_h2,4,semantic_deviation,PyZX_heuristic,0,0,1,0,-24,-19,FAIL
circuit_0745,vqe_h2,4,physics_violation,physics_constrained_agent,1,1,1,1,1,0,PASS
circuit_0745,vqe_h2,4,physics_violation,QBugLM_unconstrained,0,0,1,0,1,0,FAIL
circuit_0745,vqe_h2,4,physics_violation,PyZX_heuristic,0,0,1,0,0,0,FAIL
circuit_0746,vqe_h2,4,syntax,physics_constrained_agent,1,1,1,1,2,2,PASS
circuit_0746,vqe_h2,4,syntax,QBugLM_unconstrained,1,1,1,1,2,2,PASS
circuit_0746,vqe_h2,4,syntax,PyZX_heuristic,0,0,1,0,0,0,FAIL
circuit_0747,vqe_h2,4,structural,physics_constrained_agent,1,1,1,1,0,0,PASS
circuit_0747,vqe_h2,4,structural,QBugLM_unconstrained,0,0,1,1,0,0,FAIL
circuit_0747,vqe_h2,4,structural,PyZX_heuristic,0,0,1,0,-20,-16,FAIL
circuit_0748,vqe_h2,4,gate_redundancy,physics_constrained_agent,1,1,1,1,2,2,PASS
circuit_0748,vqe_h2,4,gate_redundancy,QBugLM_unconstrained,1,1,1,1,2,2,PASS
circuit_0748,vqe_h2,4,gate_redundancy,PyZX_heuristic,0,0,1,0,-22,-17,FAIL
circuit_0749,vqe_h2,4,semantic_deviation,physics_constrained_agent,1,1,1,1,0,0,PASS
circuit_0749,vqe_h2,4,semantic_deviation,QBugLM_unconstrained,0,0,1,1,0,0,FAIL
circuit_0749,vqe_h2,4,semantic_deviation,PyZX_heuristic,0,0,1,0,-22,-18,FAIL
circuit_0750,vqe_h2,4,physics_violation,physics_constrained_agent,1,1,1,1,1,0,PASS
circuit_0750,vqe_h2,4,physics_violation,QBugLM_unconstrained,0,0,1,0,1,0,FAIL
circuit_0750,vqe_h2,4,physics_violation,PyZX_heuristic,0,0,1,0,0,0,FAIL
circuit_0751,qft,6,syntax,physics_constrained_agent,0,1,2,1,-50,-52,PASS
circuit_0751,qft,6,syntax,QBugLM_unconstrained,0,0,1,0,0,0,FAIL
circuit_0751,qft,6,syntax,PyZX_heuristic,0,0,1,0,0,0,FAIL
circuit_0752,qft,4,structural,physics_constrained_agent,0,1,3,1,-12,-13,PASS
circuit_0752,qft,4,structural,QBugLM_unconstrained,0,0,1,1,-12,-14,FAIL
circuit_0752,qft,4,structural,PyZX_heuristic,0,0,1,0,0,0,FAIL
circuit_0753,qft,6,gate_redundancy,physics_constrained_agent,1,1,1,1,-52,-53,PASS
circuit_0753,qft,6,gate_redundancy,QBugLM_unconstrained,1,1,1,1,-52,-53,PASS
circuit_0753,qft,6,gate_redundancy,PyZX_heuristic,0,0,1,0,0,0,FAIL
circuit_0754,qft,4,semantic_deviation,physics_constrained_agent,1,1,1,1,-12,-13,PASS
circuit_0754,qft,4,semantic_deviation,QBugLM_unconstrained,1,1,1,1,-12,-13,PASS
circuit_0754,qft,4,semantic_deviation,PyZX_heuristic,0,0,1,0,0,0,FAIL
circuit_0755,qft,5,physics_violation,physics_constrained_agent,1,1,1,1,-27,-28,PASS
circuit_0755,qft,5,physics_violation,QBugLM_unconstrained,0,0,1,0,-27,-28,FAIL
circuit_0755,qft,5,physics_violation,PyZX_heuristic,0,0,1,0,0,0,FAIL
circuit_0756,qft,6,syntax,physics_constrained_agent,0,1,2,1,-50,-52,PASS
circuit_0756,qft,6,syntax,QBugLM_unconstrained,0,0,1,0,2,2,FAIL
circuit_0756,qft,6,syntax,PyZX_heuristic,0,0,1,0,0,0,FAIL
circuit_0757,qft,6,structural,physics_constrained_agent,0,1,3,1,-53,-55,PASS
circuit_0757,qft,6,structural,QBugLM_unconstrained,0,0,1,1,-52,-55,FAIL
circuit_0757,qft,6,structural,PyZX_heuristic,0,0,1,0,0,0,FAIL
circuit_0758,qft,6,gate_redundancy,physics_constrained_agent,1,1,1,1,-52,-54,PASS
circuit_0758,qft,6,gate_redundancy,QBugLM_unconstrained,1,1,1,1,-52,-54,PASS
circuit_0758,qft,6,gate_redundancy,PyZX_heuristic,0,0,1,0,0,0,FAIL
circuit_0759,qft,6,semantic_deviation,physics_constrained_agent,1,1,1,1,-52,-54,PASS
circuit_0759,qft,6,semantic_deviation,QBugLM_unconstrained,1,1,1,1,-52,-54,PASS
circuit_0759,qft,6,semantic_deviation,PyZX_heuristic,0,0,1,0,0,0,FAIL
circuit_0760,qft,5,physics_violation,physics_constrained_agent,1,1,1,1,-30,-31,PASS
circuit_0760,qft,5,physics_violation,QBugLM_unconstrained,0,0,1,0,-30,-31,FAIL
circuit_0760,qft,5,physics_violation,PyZX_heuristic,0,0,1,0,0,0,FAIL
circuit_0761,qft,4,syntax,physics_constrained_agent,0,1,2,1,-10,-11,PASS
circuit_0761,qft,4,syntax,QBugLM_unconstrained,0,0,1,0,2,2,FAIL
circuit_0761,qft,4,syntax,PyZX_heuristic,0,0,1,0,0,0,FAIL
circuit_0762,qft,4,structural,physics_constrained_agent,1,1,1,1,-12,-13,PASS
circuit_0762,qft,4,structural,QBugLM_unconstrained,1,1,1,1,-12,-13,PASS
circuit_0762,qft,4,structural,PyZX_heuristic,0,0,1,0,0,0,FAIL
circuit_0763,qft,6,gate_redundancy,physics_constrained_agent,1,1,1,1,-52,-54,PASS
circuit_0763,qft,6,gate_redundancy,QBugLM_unconstrained,1,1,1,1,-52,-54,PASS
circuit_0763,qft,6,gate_redundancy,PyZX_heuristic,0,0,1,0,0,0,FAIL
circuit_0764,qft,5,semantic_deviation,physics_constrained_agent,1,1,1,1,-28,-29,PASS
circuit_0764,qft,5,semantic_deviation,QBugLM_unconstrained,1,1,1,1,-28,-29,PASS
circuit_0764,qft,5,semantic_deviation,PyZX_heuristic,0,0,1,0,0,0,FAIL
circuit_0765,qft,4,physics_violation,physics_constrained_agent,1,1,1,1,-11,-12,PASS
circuit_0765,qft,4,physics_violation,QBugLM_unconstrained,0,0,1,0,-11,-12,FAIL
circuit_0765,qft,4,physics_violation,PyZX_heuristic,0,0,1,0,0,0,FAIL
circuit_0766,qft,4,syntax,physics_constrained_agent,0,1,2,1,-10,-11,PASS
circuit_0766,qft,4,syntax,QBugLM_unconstrained,0,0,1,0,0,0,FAIL
circuit_0766,qft,4,syntax,PyZX_heuristic,0,0,1,0,0,0,FAIL
circuit_0767,qft,4,structural,physics_constrained_agent,1,1,1,1,-10,-10,PASS
circuit_0767,qft,4,structural,QBugLM_unconstrained,1,1,1,1,-10,-10,PASS
circuit_0767,qft,4,structural,PyZX_heuristic,0,0,1,0,0,0,FAIL
circuit_0768,qft,4,gate_redundancy,physics_constrained_agent,1,1,1,1,-12,-13,PASS
circuit_0768,qft,4,gate_redundancy,QBugLM_unconstrained,1,1,1,1,-12,-13,PASS
circuit_0768,qft,4,gate_redundancy,PyZX_heuristic,0,0,1,0,0,0,FAIL
circuit_0769,qft,4,semantic_deviation,physics_constrained_agent,1,1,1,1,-12,-13,PASS
circuit_0769,qft,4,semantic_deviation,QBugLM_unconstrained,1,1,1,1,-12,-13,PASS
circuit_0769,qft,4,semantic_deviation,PyZX_heuristic,0,0,1,0,0,0,FAIL
circuit_0770,qft,4,physics_violation,physics_constrained_agent,1,1,1,1,-14,-15,PASS
circuit_0770,qft,4,physics_violation,QBugLM_unconstrained,0,0,1,0,-14,-15,FAIL
circuit_0770,qft,4,physics_violation,PyZX_heuristic,0,0,1,0,0,0,FAIL
circuit_0771,qft,5,syntax,physics_constrained_agent,0,1,2,1,-26,-27,PASS
circuit_0771,qft,5,syntax,QBugLM_unconstrained,0,0,1,0,2,2,FAIL
circuit_0771,qft,5,syntax,PyZX_heuristic,0,0,1,0,0,0,FAIL
circuit_0772,qft,6,structural,physics_constrained_agent,0,1,3,1,-52,-53,PASS
circuit_0772,qft,6,structural,QBugLM_unconstrained,0,0,1,1,-52,-54,FAIL
circuit_0772,qft,6,structural,PyZX_heuristic,0,0,1,0,0,0,FAIL
circuit_0773,qft,4,gate_redundancy,physics_constrained_agent,1,1,1,1,-12,-13,PASS
circuit_0773,qft,4,gate_redundancy,QBugLM_unconstrained,1,1,1,1,-12,-13,PASS
circuit_0773,qft,4,gate_redundancy,PyZX_heuristic,0,0,1,0,0,0,FAIL
circuit_0774,qft,5,semantic_deviation,physics_constrained_agent,1,1,1,1,-28,-29,PASS
circuit_0774,qft,5,semantic_deviation,QBugLM_unconstrained,1,1,1,1,-28,-29,PASS
circuit_0774,qft,5,semantic_deviation,PyZX_heuristic,0,0,1,0,0,0,FAIL
circuit_0775,qft,5,physics_violation,physics_constrained_agent,1,1,1,1,-30,-31,PASS
circuit_0775,qft,5,physics_violation,QBugLM_unconstrained,0,0,1,0,-30,-31,FAIL
circuit_0775,qft,5,physics_violation,PyZX_heuristic,0,0,1,0,0,0,FAIL
circuit_0776,qft,6,syntax,physics_constrained_agent,0,1,2,1,-50,-52,PASS
circuit_0776,qft,6,syntax,QBugLM_unconstrained,0,0,1,0,2,2,FAIL
circuit_0776,qft,6,syntax,PyZX_heuristic,0,0,1,0,0,0,FAIL
circuit_0777,qft,6,structural,physics_constrained_agent,1,1,1,1,-52,-54,PASS
circuit_0777,qft,6,structural,QBugLM_unconstrained,1,1,1,1,-52,-54,PASS
circuit_0777,qft,6,structural,PyZX_heuristic,0,0,1,0,0,0,FAIL
circuit_0778,qft,4,gate_redundancy,physics_constrained_agent,1,1,1,1,-12,-12,PASS
circuit_0778,qft,4,gate_redundancy,QBugLM_unconstrained,1,1,1,1,-12,-12,PASS
circuit_0778,qft,4,gate_redundancy,PyZX_heuristic,0,0,1,0,0,0,FAIL
circuit_0779,qft,6,semantic_deviation,physics_constrained_agent,1,1,1,1,-52,-54,PASS
circuit_0779,qft,6,semantic_deviation,QBugLM_unconstrained,1,1,1,1,-52,-54,PASS
circuit_0779,qft,6,semantic_deviation,PyZX_heuristic,0,0,1,0,0,0,FAIL
circuit_0780,qft,6,physics_violation,physics_constrained_agent,1,1,1,1,-54,-55,PASS
circuit_0780,qft,6,physics_violation,QBugLM_unconstrained,0,0,1,0,-54,-55,FAIL
circuit_0780,qft,6,physics_violation,PyZX_heuristic,0,0,1,0,0,0,FAIL
circuit_0781,qft,5,syntax,physics_constrained_agent,0,1,2,1,-26,-27,PASS
circuit_0781,qft,5,syntax,QBugLM_unconstrained,0,0,1,0,0,0,FAIL
circuit_0781,qft,5,syntax,PyZX_heuristic,0,0,1,0,0,0,FAIL
circuit_0782,qft,5,structural,physics_constrained_agent,0,1,3,1,-28,-28,PASS
circuit_0782,qft,5,structural,QBugLM_unconstrained,0,0,1,1,-28,-29,FAIL
circuit_0782,qft,5,structural,PyZX_heuristic,0,0,1,0,0,0,FAIL
circuit_0783,qft,5,gate_redundancy,physics_constrained_agent,1,1,1,1,-28,-28,PASS
circuit_0783,qft,5,gate_redundancy,QBugLM_unconstrained,1,1,1,1,-28,-28,PASS
circuit_0783,qft,5,gate_redundancy,PyZX_heuristic,0,0,1,0,0,0,FAIL
circuit_0784,qft,4,semantic_deviation,physics_constrained_agent,1,1,1,1,-12,-13,PASS
circuit_0784,qft,4,semantic_deviation,QBugLM_unconstrained,1,1,1,1,-12,-13,PASS
circuit_0784,qft,4,semantic_deviation,PyZX_heuristic,0,0,1,0,0,0,FAIL
circuit_0785,qft,4,physics_violation,physics_constrained_agent,1,1,1,1,-11,-12,PASS
circuit_0785,qft,4,physics_violation,QBugLM_unconstrained,0,0,1,0,-11,-12,FAIL
circuit_0785,qft,4,physics_violation,PyZX_heuristic,0,0,1,0,0,0,FAIL
circuit_0786,qft,6,syntax,physics_constrained_agent,0,1,2,1,-50,-52,PASS
circuit_0786,qft,6,syntax,QBugLM_unconstrained,0,0,1,0,2,2,FAIL
circuit_0786,qft,6,syntax,PyZX_heuristic,0,0,1,0,0,0,FAIL
circuit_0787,qft,6,structural,physics_constrained_agent,1,1,1,1,-48,-48,PASS
circuit_0787,qft,6,structural,QBugLM_unconstrained,1,1,1,1,-48,-48,PASS
circuit_0787,qft,6,structural,PyZX_heuristic,0,0,1,0,0,0,FAIL
circuit_0788,qft,4,gate_redundancy,physics_constrained_agent,1,1,1,1,-12,-15,PASS
circuit_0788,qft,4,gate_redundancy,QBugLM_unconstrained,1,1,1,1,-12,-15,PASS
circuit_0788,qft,4,gate_redundancy,PyZX_heuristic,0,0,1,0,0,0,FAIL
circuit_0789,qft,4,semantic_deviation,physics_constrained_agent,1,1,1,1,-12,-13,PASS
circuit_0789,qft,4,semantic_deviation,QBugLM_unconstrained,1,1,1,1,-12,-13,PASS
circuit_0789,qft,4,semantic_deviation,PyZX_heuristic,0,0,1,0,0,0,FAIL
circuit_0790,qft,5,physics_violation,physics_constrained_agent,1,1,1,1,-27,-28,PASS
circuit_0790,qft,5,physics_violation,QBugLM_unconstrained,0,0,1,0,-27,-28,FAIL
circuit_0790,qft,5,physics_violation,PyZX_heuristic,0,0,1,0,0,0,FAIL
circuit_0791,qft,4,syntax,physics_constrained_agent,0,1,2,1,-10,-11,PASS
circuit_0791,qft,4,syntax,QBugLM_unconstrained,0,0,1,0,0,0,FAIL
circuit_0791,qft,4,syntax,PyZX_heuristic,0,0,1,0,0,0,FAIL
circuit_0792,qft,4,structural,physics_constrained_agent,1,1,1,1,-12,-13,PASS
circuit_0792,qft,4,structural,QBugLM_unconstrained,1,1,1,1,-12,-13,PASS
circuit_0792,qft,4,structural,PyZX_heuristic,0,0,1,0,0,0,FAIL
circuit_0793,qft,6,gate_redundancy,physics_constrained_agent,1,1,1,1,-52,-54,PASS
circuit_0793,qft,6,gate_redundancy,QBugLM_unconstrained,1,1,1,1,-52,-54,PASS
circuit_0793,qft,6,gate_redundancy,PyZX_heuristic,0,0,1,0,0,0,FAIL
circuit_0794,qft,6,semantic_deviation,physics_constrained_agent,1,1,1,1,-52,-54,PASS
circuit_0794,qft,6,semantic_deviation,QBugLM_unconstrained,1,1,1,1,-52,-54,PASS
circuit_0794,qft,6,semantic_deviation,PyZX_heuristic,0,0,1,0,0,0,FAIL
circuit_0795,qft,5,physics_violation,physics_constrained_agent,1,1,1,1,-27,-28,PASS
circuit_0795,qft,5,physics_violation,QBugLM_unconstrained,0,0,1,0,-27,-28,FAIL
circuit_0795,qft,5,physics_violation,PyZX_heuristic,0,0,1,0,0,0,FAIL
circuit_0796,qft,4,syntax,physics_constrained_agent,0,1,2,1,-10,-11,PASS
circuit_0796,qft,4,syntax,QBugLM_unconstrained,0,0,1,0,0,0,FAIL
circuit_0796,qft,4,syntax,PyZX_heuristic,0,0,1,0,0,0,FAIL
circuit_0797,qft,6,structural,physics_constrained_agent,0,1,3,1,-52,-54,PASS
circuit_0797,qft,6,structural,QBugLM_unconstrained,0,0,1,1,-52,-54,FAIL
circuit_0797,qft,6,structural,PyZX_heuristic,0,0,1,0,0,0,FAIL
circuit_0798,qft,4,gate_redundancy,physics_constrained_agent,1,1,1,1,-12,-12,PASS
circuit_0798,qft,4,gate_redundancy,QBugLM_unconstrained,1,1,1,1,-12,-12,PASS
circuit_0798,qft,4,gate_redundancy,PyZX_heuristic,0,0,1,0,0,0,FAIL
circuit_0799,qft,4,semantic_deviation,physics_constrained_agent,1,1,1,1,-12,-13,PASS
circuit_0799,qft,4,semantic_deviation,QBugLM_unconstrained,1,1,1,1,-12,-13,PASS
circuit_0799,qft,4,semantic_deviation,PyZX_heuristic,0,0,1,0,0,0,FAIL
circuit_0800,qft,5,physics_violation,physics_constrained_agent,1,1,1,1,-30,-31,PASS
circuit_0800,qft,5,physics_violation,QBugLM_unconstrained,0,0,1,0,-30,-31,FAIL
circuit_0800,qft,5,physics_violation,PyZX_heuristic,0,0,1,0,0,0,FAIL
circuit_0801,qft,4,syntax,physics_constrained_agent,0,1,2,1,-10,-11,PASS
circuit_0801,qft,4,syntax,QBugLM_unconstrained,0,0,1,0,2,2,FAIL
circuit_0801,qft,4,syntax,PyZX_heuristic,0,0,1,0,0,0,FAIL
circuit_0802,qft,5,structural,physics_constrained_agent,0,1,3,1,-28,-30,PASS
circuit_0802,qft,5,structural,QBugLM_unconstrained,0,0,1,1,-28,-30,FAIL
circuit_0802,qft,5,structural,PyZX_heuristic,0,0,1,0,0,0,FAIL
circuit_0803,qft,6,gate_redundancy,physics_constrained_agent,1,1,1,1,-52,-52,PASS
circuit_0803,qft,6,gate_redundancy,QBugLM_unconstrained,1,1,1,1,-52,-52,PASS
circuit_0803,qft,6,gate_redundancy,PyZX_heuristic,0,0,1,0,0,0,FAIL
circuit_0804,qft,6,semantic_deviation,physics_constrained_agent,1,1,1,1,-52,-54,PASS
circuit_0804,qft,6,semantic_deviation,QBugLM_unconstrained,1,1,1,1,-52,-54,PASS
circuit_0804,qft,6,semantic_deviation,PyZX_heuristic,0,0,1,0,0,0,FAIL
circuit_0805,qft,6,physics_violation,physics_constrained_agent,1,1,1,1,-51,-53,PASS
circuit_0805,qft,6,physics_violation,QBugLM_unconstrained,0,0,1,0,-51,-53,FAIL
circuit_0805,qft,6,physics_violation,PyZX_heuristic,0,0,1,0,0,0,FAIL
circuit_0806,qft,6,syntax,physics_constrained_agent,0,1,2,1,-50,-52,PASS
circuit_0806,qft,6,syntax,QBugLM_unconstrained,0,0,1,0,2,2,FAIL
circuit_0806,qft,6,syntax,PyZX_heuristic,0,0,1,0,0,0,FAIL
circuit_0807,qft,5,structural,physics_constrained_agent,1,1,1,1,-28,-28,PASS
circuit_0807,qft,5,structural,QBugLM_unconstrained,1,1,1,1,-28,-28,PASS
circuit_0807,qft,5,structural,PyZX_heuristic,0,0,1,0,0,0,FAIL
circuit_0808,qft,5,gate_redundancy,physics_constrained_agent,1,1,1,1,-28,-29,PASS
circuit_0808,qft,5,gate_redundancy,QBugLM_unconstrained,1,1,1,1,-28,-29,PASS
circuit_0808,qft,5,gate_redundancy,PyZX_heuristic,0,0,1,0,0,0,FAIL
circuit_0809,qft,6,semantic_deviation,physics_constrained_agent,1,1,1,1,-52,-54,PASS
circuit_0809,qft,6,semantic_deviation,QBugLM_unconstrained,1,1,1,1,-52,-54,PASS
circuit_0809,qft,6,semantic_deviation,PyZX_heuristic,0,0,1,0,0,0,FAIL
circuit_0810,qft,6,physics_violation,physics_constrained_agent,1,1,1,1,-54,-55,PASS
circuit_0810,qft,6,physics_violation,QBugLM_unconstrained,0,0,1,0,-54,-55,FAIL
circuit_0810,qft,6,physics_violation,PyZX_heuristic,0,0,1,0,0,0,FAIL
circuit_0811,qft,6,syntax,physics_constrained_agent,0,1,2,1,-50,-52,PASS
circuit_0811,qft,6,syntax,QBugLM_unconstrained,0,0,1,0,2,2,FAIL
circuit_0811,qft,6,syntax,PyZX_heuristic,0,0,1,0,0,0,FAIL
circuit_0812,qft,5,structural,physics_constrained_agent,0,1,3,1,-28,-29,PASS
circuit_0812,qft,5,structural,QBugLM_unconstrained,0,0,1,1,-28,-28,FAIL
circuit_0812,qft,5,structural,PyZX_heuristic,0,0,1,0,0,0,FAIL
circuit_0813,qft,6,gate_redundancy,physics_constrained_agent,1,1,1,1,-52,-53,PASS
circuit_0813,qft,6,gate_redundancy,QBugLM_unconstrained,1,1,1,1,-52,-53,PASS
circuit_0813,qft,6,gate_redundancy,PyZX_heuristic,0,0,1,0,0,0,FAIL
circuit_0814,qft,5,semantic_deviation,physics_constrained_agent,1,1,1,1,-28,-29,PASS
circuit_0814,qft,5,semantic_deviation,QBugLM_unconstrained,1,1,1,1,-28,-29,PASS
circuit_0814,qft,5,semantic_deviation,PyZX_heuristic,0,0,1,0,0,0,FAIL
circuit_0815,qft,4,physics_violation,physics_constrained_agent,1,1,1,1,-11,-12,PASS
circuit_0815,qft,4,physics_violation,QBugLM_unconstrained,0,0,1,0,-11,-12,FAIL
circuit_0815,qft,4,physics_violation,PyZX_heuristic,0,0,1,0,0,0,FAIL
circuit_0816,qft,6,syntax,physics_constrained_agent,0,1,2,1,-50,-52,PASS
circuit_0816,qft,6,syntax,QBugLM_unconstrained,0,0,1,0,2,2,FAIL
circuit_0816,qft,6,syntax,PyZX_heuristic,0,0,1,0,0,0,FAIL
circuit_0817,qft,5,structural,physics_constrained_agent,0,1,3,1,-28,-28,PASS
circuit_0817,qft,5,structural,QBugLM_unconstrained,0,0,1,1,-28,-29,FAIL
circuit_0817,qft,5,structural,PyZX_heuristic,0,0,1,0,0,0,FAIL
circuit_0818,qft,5,gate_redundancy,physics_constrained_agent,1,1,1,1,-28,-27,PASS
circuit_0818,qft,5,gate_redundancy,QBugLM_unconstrained,1,1,1,1,-28,-27,PASS
circuit_0818,qft,5,gate_redundancy,PyZX_heuristic,0,0,1,0,0,0,FAIL
circuit_0819,qft,5,semantic_deviation,physics_constrained_agent,1,1,1,1,-28,-29,PASS
circuit_0819,qft,5,semantic_deviation,QBugLM_unconstrained,1,1,1,1,-28,-29,PASS
circuit_0819,qft,5,semantic_deviation,PyZX_heuristic,0,0,1,0,0,0,FAIL
circuit_0820,qft,4,physics_violation,physics_constrained_agent,1,1,1,1,-14,-15,PASS
circuit_0820,qft,4,physics_violation,QBugLM_unconstrained,0,0,1,0,-14,-15,FAIL
circuit_0820,qft,4,physics_violation,PyZX_heuristic,0,0,1,0,0,0,FAIL
circuit_0821,qft,6,syntax,physics_constrained_agent,0,1,2,1,-50,-52,PASS
circuit_0821,qft,6,syntax,QBugLM_unconstrained,0,0,1,0,0,0,FAIL
circuit_0821,qft,6,syntax,PyZX_heuristic,0,0,1,0,0,0,FAIL
circuit_0822,qft,5,structural,physics_constrained_agent,1,1,1,1,-28,-29,PASS
circuit_0822,qft,5,structural,QBugLM_unconstrained,1,1,1,1,-28,-29,PASS
circuit_0822,qft,5,structural,PyZX_heuristic,0,0,1,0,0,0,FAIL
circuit_0823,qft,6,gate_redundancy,physics_constrained_agent,1,1,1,1,-52,-54,PASS
circuit_0823,qft,6,gate_redundancy,QBugLM_unconstrained,1,1,1,1,-52,-54,PASS
circuit_0823,qft,6,gate_redundancy,PyZX_heuristic,0,0,1,0,0,0,FAIL
circuit_0824,qft,5,semantic_deviation,physics_constrained_agent,1,1,1,1,-28,-29,PASS
circuit_0824,qft,5,semantic_deviation,QBugLM_unconstrained,1,1,1,1,-28,-29,PASS
circuit_0824,qft,5,semantic_deviation,PyZX_heuristic,0,0,1,0,0,0,FAIL
circuit_0825,qft,6,physics_violation,physics_constrained_agent,1,1,1,1,-54,-55,PASS
circuit_0825,qft,6,physics_violation,QBugLM_unconstrained,0,0,1,0,-54,-55,FAIL
circuit_0825,qft,6,physics_violation,PyZX_heuristic,0,0,1,0,0,0,FAIL
circuit_0826,qft,4,syntax,physics_constrained_agent,0,1,2,1,-10,-11,PASS
circuit_0826,qft,4,syntax,QBugLM_unconstrained,0,0,1,0,2,2,FAIL
circuit_0826,qft,4,syntax,PyZX_heuristic,0,0,1,0,0,0,FAIL
circuit_0827,qft,5,structural,physics_constrained_agent,1,1,1,1,-28,-31,PASS
circuit_0827,qft,5,structural,QBugLM_unconstrained,1,1,1,1,-28,-31,PASS
circuit_0827,qft,5,structural,PyZX_heuristic,0,0,1,0,0,0,FAIL
circuit_0828,qft,5,gate_redundancy,physics_constrained_agent,1,1,1,1,-28,-30,PASS
circuit_0828,qft,5,gate_redundancy,QBugLM_unconstrained,1,1,1,1,-28,-30,PASS
circuit_0828,qft,5,gate_redundancy,PyZX_heuristic,0,0,1,0,0,0,FAIL
circuit_0829,qft,4,semantic_deviation,physics_constrained_agent,1,1,1,1,-12,-13,PASS
circuit_0829,qft,4,semantic_deviation,QBugLM_unconstrained,1,1,1,1,-12,-13,PASS
circuit_0829,qft,4,semantic_deviation,PyZX_heuristic,0,0,1,0,0,0,FAIL
circuit_0830,qft,6,physics_violation,physics_constrained_agent,1,1,1,1,-51,-53,PASS
circuit_0830,qft,6,physics_violation,QBugLM_unconstrained,0,0,1,0,-51,-53,FAIL
circuit_0830,qft,6,physics_violation,PyZX_heuristic,0,0,1,0,0,0,FAIL
circuit_0831,qft,5,syntax,physics_constrained_agent,0,1,2,1,-26,-27,PASS
circuit_0831,qft,5,syntax,QBugLM_unconstrained,0,0,1,0,2,2,FAIL
circuit_0831,qft,5,syntax,PyZX_heuristic,0,0,1,0,0,0,FAIL
circuit_0832,qft,4,structural,physics_constrained_agent,0,1,3,1,-12,-12,PASS
circuit_0832,qft,4,structural,QBugLM_unconstrained,0,0,1,1,-12,-13,FAIL
circuit_0832,qft,4,structural,PyZX_heuristic,0,0,1,0,0,0,FAIL
circuit_0833,qft,5,gate_redundancy,physics_constrained_agent,1,1,1,1,-28,-27,PASS
circuit_0833,qft,5,gate_redundancy,QBugLM_unconstrained,1,1,1,1,-28,-27,PASS
circuit_0833,qft,5,gate_redundancy,PyZX_heuristic,0,0,1,0,0,0,FAIL
circuit_0834,qft,5,semantic_deviation,physics_constrained_agent,1,1,1,1,-28,-29,PASS
circuit_0834,qft,5,semantic_deviation,QBugLM_unconstrained,1,1,1,1,-28,-29,PASS
circuit_0834,qft,5,semantic_deviation,PyZX_heuristic,0,0,1,0,0,0,FAIL
circuit_0835,qft,5,physics_violation,physics_constrained_agent,1,1,1,1,-30,-31,PASS
circuit_0835,qft,5,physics_violation,QBugLM_unconstrained,0,0,1,0,-30,-31,FAIL
circuit_0835,qft,5,physics_violation,PyZX_heuristic,0,0,1,0,0,0,FAIL
circuit_0836,qft,6,syntax,physics_constrained_agent,0,1,2,1,-50,-52,PASS
circuit_0836,qft,6,syntax,QBugLM_unconstrained,0,0,1,0,0,0,FAIL
circuit_0836,qft,6,syntax,PyZX_heuristic,0,0,1,0,0,0,FAIL
circuit_0837,qft,4,structural,physics_constrained_agent,1,1,1,1,-12,-13,PASS
circuit_0837,qft,4,structural,QBugLM_unconstrained,1,1,1,1,-12,-13,PASS
circuit_0837,qft,4,structural,PyZX_heuristic,0,0,1,0,0,0,FAIL
circuit_0838,qft,4,gate_redundancy,physics_constrained_agent,1,1,1,1,-12,-13,PASS
circuit_0838,qft,4,gate_redundancy,QBugLM_unconstrained,1,1,1,1,-12,-13,PASS
circuit_0838,qft,4,gate_redundancy,PyZX_heuristic,0,0,1,0,0,0,FAIL
circuit_0839,qft,4,semantic_deviation,physics_constrained_agent,1,1,1,1,-12,-13,PASS
circuit_0839,qft,4,semantic_deviation,QBugLM_unconstrained,1,1,1,1,-12,-13,PASS
circuit_0839,qft,4,semantic_deviation,PyZX_heuristic,0,0,1,0,0,0,FAIL
circuit_0840,qft,4,physics_violation,physics_constrained_agent,1,1,1,1,-14,-15,PASS
circuit_0840,qft,4,physics_violation,QBugLM_unconstrained,0,0,1,0,-14,-15,FAIL
circuit_0840,qft,4,physics_violation,PyZX_heuristic,0,0,1,0,0,0,FAIL
circuit_0841,qft,5,syntax,physics_constrained_agent,0,1,2,1,-26,-27,PASS
circuit_0841,qft,5,syntax,QBugLM_unconstrained,0,0,1,0,2,2,FAIL
circuit_0841,qft,5,syntax,PyZX_heuristic,0,0,1,0,0,0,FAIL
circuit_0842,qft,6,structural,physics_constrained_agent,0,1,3,1,-52,-54,PASS
circuit_0842,qft,6,structural,QBugLM_unconstrained,0,0,1,1,-52,-54,FAIL
circuit_0842,qft,6,structural,PyZX_heuristic,0,0,1,0,0,0,FAIL
circuit_0843,qft,4,gate_redundancy,physics_constrained_agent,1,1,1,1,-12,-13,PASS
circuit_0843,qft,4,gate_redundancy,QBugLM_unconstrained,1,1,1,1,-12,-13,PASS
circuit_0843,qft,4,gate_redundancy,PyZX_heuristic,0,0,1,0,0,0,FAIL
circuit_0844,qft,6,semantic_deviation,physics_constrained_agent,1,1,1,1,-52,-54,PASS
circuit_0844,qft,6,semantic_deviation,QBugLM_unconstrained,1,1,1,1,-52,-54,PASS
circuit_0844,qft,6,semantic_deviation,PyZX_heuristic,0,0,1,0,0,0,FAIL
circuit_0845,qft,4,physics_violation,physics_constrained_agent,1,1,1,1,-11,-12,PASS
circuit_0845,qft,4,physics_violation,QBugLM_unconstrained,0,0,1,0,-11,-12,FAIL
circuit_0845,qft,4,physics_violation,PyZX_heuristic,0,0,1,0,0,0,FAIL
circuit_0846,qft,4,syntax,physics_constrained_agent,0,1,2,1,-10,-11,PASS
circuit_0846,qft,4,syntax,QBugLM_unconstrained,0,0,1,0,2,2,FAIL
circuit_0846,qft,4,syntax,PyZX_heuristic,0,0,1,0,0,0,FAIL
circuit_0847,qft,5,structural,physics_constrained_agent,0,1,3,1,-28,-30,PASS
circuit_0847,qft,5,structural,QBugLM_unconstrained,0,0,1,1,-28,-30,FAIL
circuit_0847,qft,5,structural,PyZX_heuristic,0,0,1,0,0,0,FAIL
circuit_0848,qft,5,gate_redundancy,physics_constrained_agent,1,1,1,1,-28,-29,PASS
circuit_0848,qft,5,gate_redundancy,QBugLM_unconstrained,1,1,1,1,-28,-29,PASS
circuit_0848,qft,5,gate_redundancy,PyZX_heuristic,0,0,1,0,0,0,FAIL
circuit_0849,qft,5,semantic_deviation,physics_constrained_agent,1,1,1,1,-28,-29,PASS
circuit_0849,qft,5,semantic_deviation,QBugLM_unconstrained,1,1,1,1,-28,-29,PASS
circuit_0849,qft,5,semantic_deviation,PyZX_heuristic,0,0,1,0,0,0,FAIL
circuit_0850,qft,6,physics_violation,physics_constrained_agent,1,1,1,1,-54,-55,PASS
circuit_0850,qft,6,physics_violation,QBugLM_unconstrained,0,0,1,0,-54,-55,FAIL
circuit_0850,qft,6,physics_violation,PyZX_heuristic,0,0,1,0,0,0,FAIL
circuit_0851,qft,5,syntax,physics_constrained_agent,0,1,2,1,-26,-27,PASS
circuit_0851,qft,5,syntax,QBugLM_unconstrained,0,0,1,0,0,0,FAIL
circuit_0851,qft,5,syntax,PyZX_heuristic,0,0,1,0,0,0,FAIL
circuit_0852,qft,5,structural,physics_constrained_agent,1,1,1,1,-28,-29,PASS
circuit_0852,qft,5,structural,QBugLM_unconstrained,1,1,1,1,-28,-29,PASS
circuit_0852,qft,5,structural,PyZX_heuristic,0,0,1,0,0,0,FAIL
circuit_0853,qft,4,gate_redundancy,physics_constrained_agent,1,1,1,1,-12,-13,PASS
circuit_0853,qft,4,gate_redundancy,QBugLM_unconstrained,1,1,1,1,-12,-13,PASS
circuit_0853,qft,4,gate_redundancy,PyZX_heuristic,0,0,1,0,0,0,FAIL
circuit_0854,qft,4,semantic_deviation,physics_constrained_agent,1,1,1,1,-12,-13,PASS
circuit_0854,qft,4,semantic_deviation,QBugLM_unconstrained,1,1,1,1,-12,-13,PASS
circuit_0854,qft,4,semantic_deviation,PyZX_heuristic,0,0,1,0,0,0,FAIL
circuit_0855,qft,5,physics_violation,physics_constrained_agent,1,1,1,1,-30,-31,PASS
circuit_0855,qft,5,physics_violation,QBugLM_unconstrained,0,0,1,0,-30,-31,FAIL
circuit_0855,qft,5,physics_violation,PyZX_heuristic,0,0,1,0,0,0,FAIL
circuit_0856,qft,5,syntax,physics_constrained_agent,0,1,2,1,-26,-27,PASS
circuit_0856,qft,5,syntax,QBugLM_unconstrained,0,0,1,0,2,2,FAIL
circuit_0856,qft,5,syntax,PyZX_heuristic,0,0,1,0,0,0,FAIL
circuit_0857,qft,6,structural,physics_constrained_agent,1,1,1,1,-50,-50,PASS
circuit_0857,qft,6,structural,QBugLM_unconstrained,1,1,1,1,-50,-50,PASS
circuit_0857,qft,6,structural,PyZX_heuristic,0,0,1,0,0,0,FAIL
circuit_0858,qft,6,gate_redundancy,physics_constrained_agent,1,1,1,1,-52,-51,PASS
circuit_0858,qft,6,gate_redundancy,QBugLM_unconstrained,1,1,1,1,-52,-51,PASS
circuit_0858,qft,6,gate_redundancy,PyZX_heuristic,0,0,1,0,0,0,FAIL
circuit_0859,qft,4,semantic_deviation,physics_constrained_agent,1,1,1,1,-12,-13,PASS
circuit_0859,qft,4,semantic_deviation,QBugLM_unconstrained,1,1,1,1,-12,-13,PASS
circuit_0859,qft,4,semantic_deviation,PyZX_heuristic,0,0,1,0,0,0,FAIL
circuit_0860,qft,6,physics_violation,physics_constrained_agent,1,1,1,1,-51,-53,PASS
circuit_0860,qft,6,physics_violation,QBugLM_unconstrained,0,0,1,0,-51,-53,FAIL
circuit_0860,qft,6,physics_violation,PyZX_heuristic,0,0,1,0,0,0,FAIL
circuit_0861,qft,5,syntax,physics_constrained_agent,0,1,2,1,-26,-27,PASS
circuit_0861,qft,5,syntax,QBugLM_unconstrained,0,0,1,0,2,2,FAIL
circuit_0861,qft,5,syntax,PyZX_heuristic,0,0,1,0,0,0,FAIL
circuit_0862,qft,5,structural,physics_constrained_agent,0,1,3,1,-28,-30,PASS
circuit_0862,qft,5,structural,QBugLM_unconstrained,0,0,1,1,-28,-30,FAIL
circuit_0862,qft,5,structural,PyZX_heuristic,0,0,1,0,0,0,FAIL
circuit_0863,qft,4,gate_redundancy,physics_constrained_agent,1,1,1,1,-12,-12,PASS
circuit_0863,qft,4,gate_redundancy,QBugLM_unconstrained,1,1,1,1,-12,-12,PASS
circuit_0863,qft,4,gate_redundancy,PyZX_heuristic,0,0,1,0,0,0,FAIL
circuit_0864,qft,5,semantic_deviation,physics_constrained_agent,1,1,1,1,-28,-29,PASS
circuit_0864,qft,5,semantic_deviation,QBugLM_unconstrained,1,1,1,1,-28,-29,PASS
circuit_0864,qft,5,semantic_deviation,PyZX_heuristic,0,0,1,0,0,0,FAIL
circuit_0865,qft,5,physics_violation,physics_constrained_agent,1,1,1,1,-27,-28,PASS
circuit_0865,qft,5,physics_violation,QBugLM_unconstrained,0,0,1,0,-27,-28,FAIL
circuit_0865,qft,5,physics_violation,PyZX_heuristic,0,0,1,0,0,0,FAIL
circuit_0866,qft,5,syntax,physics_constrained_agent,0,1,2,1,-26,-27,PASS
circuit_0866,qft,5,syntax,QBugLM_unconstrained,0,0,1,0,2,2,FAIL
circuit_0866,qft,5,syntax,PyZX_heuristic,0,0,1,0,0,0,FAIL
circuit_0867,qft,5,structural,physics_constrained_agent,0,1,3,1,-29,-29,PASS
circuit_0867,qft,5,structural,QBugLM_unconstrained,0,0,1,1,-28,-28,FAIL
circuit_0867,qft,5,structural,PyZX_heuristic,0,0,1,0,0,0,FAIL
circuit_0868,qft,6,gate_redundancy,physics_constrained_agent,1,1,1,1,-52,-54,PASS
circuit_0868,qft,6,gate_redundancy,QBugLM_unconstrained,1,1,1,1,-52,-54,PASS
circuit_0868,qft,6,gate_redundancy,PyZX_heuristic,0,0,1,0,0,0,FAIL
circuit_0869,qft,6,semantic_deviation,physics_constrained_agent,1,1,1,1,-52,-54,PASS
circuit_0869,qft,6,semantic_deviation,QBugLM_unconstrained,1,1,1,1,-52,-54,PASS
circuit_0869,qft,6,semantic_deviation,PyZX_heuristic,0,0,1,0,0,0,FAIL
circuit_0870,qft,6,physics_violation,physics_constrained_agent,1,1,1,1,-51,-53,PASS
circuit_0870,qft,6,physics_violation,QBugLM_unconstrained,0,0,1,0,-51,-53,FAIL
circuit_0870,qft,6,physics_violation,PyZX_heuristic,0,0,1,0,0,0,FAIL
circuit_0871,qft,6,syntax,physics_constrained_agent,0,1,2,1,-50,-52,PASS
circuit_0871,qft,6,syntax,QBugLM_unconstrained,0,0,1,0,2,2,FAIL
circuit_0871,qft,6,syntax,PyZX_heuristic,0,0,1,0,0,0,FAIL
circuit_0872,qft,6,structural,physics_constrained_agent,1,1,1,1,-48,-48,PASS
circuit_0872,qft,6,structural,QBugLM_unconstrained,1,1,1,1,-48,-48,PASS
circuit_0872,qft,6,structural,PyZX_heuristic,0,0,1,0,0,0,FAIL
circuit_0873,qft,4,gate_redundancy,physics_constrained_agent,1,1,1,1,-12,-13,PASS
circuit_0873,qft,4,gate_redundancy,QBugLM_unconstrained,1,1,1,1,-12,-13,PASS
circuit_0873,qft,4,gate_redundancy,PyZX_heuristic,0,0,1,0,0,0,FAIL
circuit_0874,qft,5,semantic_deviation,physics_constrained_agent,1,1,1,1,-28,-29,PASS
circuit_0874,qft,5,semantic_deviation,QBugLM_unconstrained,1,1,1,1,-28,-29,PASS
circuit_0874,qft,5,semantic_deviation,PyZX_heuristic,0,0,1,0,0,0,FAIL
circuit_0875,qft,4,physics_violation,physics_constrained_agent,1,1,1,1,-14,-15,PASS
circuit_0875,qft,4,physics_violation,QBugLM_unconstrained,0,0,1,0,-14,-15,FAIL
circuit_0875,qft,4,physics_violation,PyZX_heuristic,0,0,1,0,0,0,FAIL
circuit_0876,qft,5,syntax,physics_constrained_agent,0,1,2,1,-26,-27,PASS
circuit_0876,qft,5,syntax,QBugLM_unconstrained,0,0,1,0,2,2,FAIL
circuit_0876,qft,5,syntax,PyZX_heuristic,0,0,1,0,0,0,FAIL
circuit_0877,qft,5,structural,physics_constrained_agent,0,1,3,1,-28,-30,PASS
circuit_0877,qft,5,structural,QBugLM_unconstrained,0,0,1,1,-28,-30,FAIL
circuit_0877,qft,5,structural,PyZX_heuristic,0,0,1,0,0,0,FAIL
circuit_0878,qft,5,gate_redundancy,physics_constrained_agent,1,1,1,1,-28,-29,PASS
circuit_0878,qft,5,gate_redundancy,QBugLM_unconstrained,1,1,1,1,-28,-29,PASS
circuit_0878,qft,5,gate_redundancy,PyZX_heuristic,0,0,1,0,0,0,FAIL
circuit_0879,qft,4,semantic_deviation,physics_constrained_agent,1,1,1,1,-12,-13,PASS
circuit_0879,qft,4,semantic_deviation,QBugLM_unconstrained,1,1,1,1,-12,-13,PASS
circuit_0879,qft,4,semantic_deviation,PyZX_heuristic,0,0,1,0,0,0,FAIL
circuit_0880,qft,5,physics_violation,physics_constrained_agent,1,1,1,1,-30,-31,PASS
circuit_0880,qft,5,physics_violation,QBugLM_unconstrained,0,0,1,0,-30,-31,FAIL
circuit_0880,qft,5,physics_violation,PyZX_heuristic,0,0,1,0,0,0,FAIL
circuit_0881,qft,5,syntax,physics_constrained_agent,0,1,2,1,-26,-27,PASS
circuit_0881,qft,5,syntax,QBugLM_unconstrained,0,0,1,0,2,2,FAIL
circuit_0881,qft,5,syntax,PyZX_heuristic,0,0,1,0,0,0,FAIL
circuit_0882,qft,6,structural,physics_constrained_agent,0,1,3,1,-52,-53,PASS
circuit_0882,qft,6,structural,QBugLM_unconstrained,0,0,1,1,-52,-54,FAIL
circuit_0882,qft,6,structural,PyZX_heuristic,0,0,1,0,0,0,FAIL
circuit_0883,qft,6,gate_redundancy,physics_constrained_agent,1,1,1,1,-52,-54,PASS
circuit_0883,qft,6,gate_redundancy,QBugLM_unconstrained,1,1,1,1,-52,-54,PASS
circuit_0883,qft,6,gate_redundancy,PyZX_heuristic,0,0,1,0,0,0,FAIL
circuit_0884,qft,5,semantic_deviation,physics_constrained_agent,1,1,1,1,-28,-29,PASS
circuit_0884,qft,5,semantic_deviation,QBugLM_unconstrained,1,1,1,1,-28,-29,PASS
circuit_0884,qft,5,semantic_deviation,PyZX_heuristic,0,0,1,0,0,0,FAIL
circuit_0885,qft,6,physics_violation,physics_constrained_agent,1,1,1,1,-54,-55,PASS
circuit_0885,qft,6,physics_violation,QBugLM_unconstrained,0,0,1,0,-54,-55,FAIL
circuit_0885,qft,6,physics_violation,PyZX_heuristic,0,0,1,0,0,0,FAIL
circuit_0886,qft,4,syntax,physics_constrained_agent,0,1,2,1,-10,-11,PASS
circuit_0886,qft,4,syntax,QBugLM_unconstrained,0,0,1,0,0,0,FAIL
circuit_0886,qft,4,syntax,PyZX_heuristic,0,0,1,0,0,0,FAIL
circuit_0887,qft,5,structural,physics_constrained_agent,1,1,1,1,-26,-26,PASS
circuit_0887,qft,5,structural,QBugLM_unconstrained,1,1,1,1,-26,-26,PASS
circuit_0887,qft,5,structural,PyZX_heuristic,0,0,1,0,0,0,FAIL
circuit_0888,qft,4,gate_redundancy,physics_constrained_agent,1,1,1,1,-12,-13,PASS
circuit_0888,qft,4,gate_redundancy,QBugLM_unconstrained,1,1,1,1,-12,-13,PASS
circuit_0888,qft,4,gate_redundancy,PyZX_heuristic,0,0,1,0,0,0,FAIL
circuit_0889,qft,6,semantic_deviation,physics_constrained_agent,1,1,1,1,-52,-54,PASS
circuit_0889,qft,6,semantic_deviation,QBugLM_unconstrained,1,1,1,1,-52,-54,PASS
circuit_0889,qft,6,semantic_deviation,PyZX_heuristic,0,0,1,0,0,0,FAIL
circuit_0890,qft,6,physics_violation,physics_constrained_agent,1,1,1,1,-54,-55,PASS
circuit_0890,qft,6,physics_violation,QBugLM_unconstrained,0,0,1,0,-54,-55,FAIL
circuit_0890,qft,6,physics_violation,PyZX_heuristic,0,0,1,0,0,0,FAIL
circuit_0891,qft,4,syntax,physics_constrained_agent,0,1,2,1,-10,-11,PASS
circuit_0891,qft,4,syntax,QBugLM_unconstrained,0,0,1,0,2,2,FAIL
circuit_0891,qft,4,syntax,PyZX_heuristic,0,0,1,0,0,0,FAIL
circuit_0892,qft,5,structural,physics_constrained_agent,0,1,3,1,-28,-29,PASS
circuit_0892,qft,5,structural,QBugLM_unconstrained,0,0,1,1,-28,-30,FAIL
circuit_0892,qft,5,structural,PyZX_heuristic,0,0,1,0,0,0,FAIL
circuit_0893,qft,6,gate_redundancy,physics_constrained_agent,1,1,1,1,-52,-53,PASS
circuit_0893,qft,6,gate_redundancy,QBugLM_unconstrained,1,1,1,1,-52,-53,PASS
circuit_0893,qft,6,gate_redundancy,PyZX_heuristic,0,0,1,0,0,0,FAIL
circuit_0894,qft,6,semantic_deviation,physics_constrained_agent,1,1,1,1,-52,-54,PASS
circuit_0894,qft,6,semantic_deviation,QBugLM_unconstrained,1,1,1,1,-52,-54,PASS
circuit_0894,qft,6,semantic_deviation,PyZX_heuristic,0,0,1,0,0,0,FAIL
circuit_0895,qft,6,physics_violation,physics_constrained_agent,1,1,1,1,-54,-55,PASS
circuit_0895,qft,6,physics_violation,QBugLM_unconstrained,0,0,1,0,-54,-55,FAIL
circuit_0895,qft,6,physics_violation,PyZX_heuristic,0,0,1,0,0,0,FAIL
circuit_0896,qft,4,syntax,physics_constrained_agent,0,1,2,1,-10,-11,PASS
circuit_0896,qft,4,syntax,QBugLM_unconstrained,0,0,1,0,2,2,FAIL
circuit_0896,qft,4,syntax,PyZX_heuristic,0,0,1,0,0,0,FAIL
circuit_0897,qft,4,structural,physics_constrained_agent,1,1,1,1,-10,-9,PASS
circuit_0897,qft,4,structural,QBugLM_unconstrained,1,1,1,1,-10,-9,PASS
circuit_0897,qft,4,structural,PyZX_heuristic,0,0,1,0,0,0,FAIL
circuit_0898,qft,6,gate_redundancy,physics_constrained_agent,1,1,1,1,-52,-54,PASS
circuit_0898,qft,6,gate_redundancy,QBugLM_unconstrained,1,1,1,1,-52,-54,PASS
circuit_0898,qft,6,gate_redundancy,PyZX_heuristic,0,0,1,0,0,0,FAIL
circuit_0899,qft,5,semantic_deviation,physics_constrained_agent,1,1,1,1,-28,-29,PASS
circuit_0899,qft,5,semantic_deviation,QBugLM_unconstrained,1,1,1,1,-28,-29,PASS
circuit_0899,qft,5,semantic_deviation,PyZX_heuristic,0,0,1,0,0,0,FAIL
circuit_0900,qft,4,physics_violation,physics_constrained_agent,1,1,1,1,-11,-12,PASS
circuit_0900,qft,4,physics_violation,QBugLM_unconstrained,0,0,1,0,-11,-12,FAIL
circuit_0900,qft,4,physics_violation,PyZX_heuristic,0,0,1,0,0,0,FAIL
circuit_0901,qft,5,syntax,physics_constrained_agent,0,1,2,1,-26,-27,PASS
circuit_0901,qft,5,syntax,QBugLM_unconstrained,0,0,1,0,2,2,FAIL
circuit_0901,qft,5,syntax,PyZX_heuristic,0,0,1,0,0,0,FAIL
circuit_0902,qft,4,structural,physics_constrained_agent,1,1,1,1,-12,-12,PASS
circuit_0902,qft,4,structural,QBugLM_unconstrained,1,1,1,1,-12,-12,PASS
circuit_0902,qft,4,structural,PyZX_heuristic,0,0,1,0,0,0,FAIL
circuit_0903,qft,4,gate_redundancy,physics_constrained_agent,1,1,1,1,-12,-13,PASS
circuit_0903,qft,4,gate_redundancy,QBugLM_unconstrained,1,1,1,1,-12,-13,PASS
circuit_0903,qft,4,gate_redundancy,PyZX_heuristic,0,0,1,0,0,0,FAIL
circuit_0904,qft,5,semantic_deviation,physics_constrained_agent,1,1,1,1,-28,-29,PASS
circuit_0904,qft,5,semantic_deviation,QBugLM_unconstrained,1,1,1,1,-28,-29,PASS
circuit_0904,qft,5,semantic_deviation,PyZX_heuristic,0,0,1,0,0,0,FAIL
circuit_0905,qft,5,physics_violation,physics_constrained_agent,1,1,1,1,-30,-31,PASS
circuit_0905,qft,5,physics_violation,QBugLM_unconstrained,0,0,1,0,-30,-31,FAIL
circuit_0905,qft,5,physics_violation,PyZX_heuristic,0,0,1,0,0,0,FAIL
circuit_0906,qft,5,syntax,physics_constrained_agent,0,1,2,1,-26,-27,PASS
circuit_0906,qft,5,syntax,QBugLM_unconstrained,0,0,1,0,0,0,FAIL
circuit_0906,qft,5,syntax,PyZX_heuristic,0,0,1,0,0,0,FAIL
circuit_0907,qft,4,structural,physics_constrained_agent,1,1,1,1,-12,-13,PASS
circuit_0907,qft,4,structural,QBugLM_unconstrained,1,1,1,1,-12,-13,PASS
circuit_0907,qft,4,structural,PyZX_heuristic,0,0,1,0,0,0,FAIL
circuit_0908,qft,5,gate_redundancy,physics_constrained_agent,1,1,1,1,-28,-29,PASS
circuit_0908,qft,5,gate_redundancy,QBugLM_unconstrained,1,1,1,1,-28,-29,PASS
circuit_0908,qft,5,gate_redundancy,PyZX_heuristic,0,0,1,0,0,0,FAIL
circuit_0909,qft,5,semantic_deviation,physics_constrained_agent,1,1,1,1,-28,-29,PASS
circuit_0909,qft,5,semantic_deviation,QBugLM_unconstrained,1,1,1,1,-28,-29,PASS
circuit_0909,qft,5,semantic_deviation,PyZX_heuristic,0,0,1,0,0,0,FAIL
circuit_0910,qft,5,physics_violation,physics_constrained_agent,1,1,1,1,-30,-31,PASS
circuit_0910,qft,5,physics_violation,QBugLM_unconstrained,0,0,1,0,-30,-31,FAIL
circuit_0910,qft,5,physics_violation,PyZX_heuristic,0,0,1,0,0,0,FAIL
circuit_0911,qft,5,syntax,physics_constrained_agent,0,1,2,1,-26,-27,PASS
circuit_0911,qft,5,syntax,QBugLM_unconstrained,0,0,1,0,2,2,FAIL
circuit_0911,qft,5,syntax,PyZX_heuristic,0,0,1,0,0,0,FAIL
circuit_0912,qft,5,structural,physics_constrained_agent,1,1,1,1,-28,-28,PASS
circuit_0912,qft,5,structural,QBugLM_unconstrained,1,1,1,1,-28,-28,PASS
circuit_0912,qft,5,structural,PyZX_heuristic,0,0,1,0,0,0,FAIL
circuit_0913,qft,5,gate_redundancy,physics_constrained_agent,1,1,1,1,-28,-29,PASS
circuit_0913,qft,5,gate_redundancy,QBugLM_unconstrained,1,1,1,1,-28,-29,PASS
circuit_0913,qft,5,gate_redundancy,PyZX_heuristic,0,0,1,0,0,0,FAIL
circuit_0914,qft,5,semantic_deviation,physics_constrained_agent,1,1,1,1,-28,-29,PASS
circuit_0914,qft,5,semantic_deviation,QBugLM_unconstrained,1,1,1,1,-28,-29,PASS
circuit_0914,qft,5,semantic_deviation,PyZX_heuristic,0,0,1,0,0,0,FAIL
circuit_0915,qft,4,physics_violation,physics_constrained_agent,1,1,1,1,-11,-12,PASS
circuit_0915,qft,4,physics_violation,QBugLM_unconstrained,0,0,1,0,-11,-12,FAIL
circuit_0915,qft,4,physics_violation,PyZX_heuristic,0,0,1,0,0,0,FAIL
circuit_0916,qft,5,syntax,physics_constrained_agent,0,1,2,1,-26,-27,PASS
circuit_0916,qft,5,syntax,QBugLM_unconstrained,0,0,1,0,0,0,FAIL
circuit_0916,qft,5,syntax,PyZX_heuristic,0,0,1,0,0,0,FAIL
circuit_0917,qft,4,structural,physics_constrained_agent,1,1,1,1,-12,-13,PASS
circuit_0917,qft,4,structural,QBugLM_unconstrained,1,1,1,1,-12,-13,PASS
circuit_0917,qft,4,structural,PyZX_heuristic,0,0,1,0,0,0,FAIL
circuit_0918,qft,6,gate_redundancy,physics_constrained_agent,1,1,1,1,-52,-54,PASS
circuit_0918,qft,6,gate_redundancy,QBugLM_unconstrained,1,1,1,1,-52,-54,PASS
circuit_0918,qft,6,gate_redundancy,PyZX_heuristic,0,0,1,0,0,0,FAIL
circuit_0919,qft,6,semantic_deviation,physics_constrained_agent,1,1,1,1,-52,-54,PASS
circuit_0919,qft,6,semantic_deviation,QBugLM_unconstrained,1,1,1,1,-52,-54,PASS
circuit_0919,qft,6,semantic_deviation,PyZX_heuristic,0,0,1,0,0,0,FAIL
circuit_0920,qft,4,physics_violation,physics_constrained_agent,1,1,1,1,-11,-12,PASS
circuit_0920,qft,4,physics_violation,QBugLM_unconstrained,0,0,1,0,-11,-12,FAIL
circuit_0920,qft,4,physics_violation,PyZX_heuristic,0,0,1,0,0,0,FAIL
circuit_0921,qft,5,syntax,physics_constrained_agent,0,1,2,1,-26,-27,PASS
circuit_0921,qft,5,syntax,QBugLM_unconstrained,0,0,1,0,0,0,FAIL
circuit_0921,qft,5,syntax,PyZX_heuristic,0,0,1,0,0,0,FAIL
circuit_0922,qft,4,structural,physics_constrained_agent,0,1,3,1,-12,-14,PASS
circuit_0922,qft,4,structural,QBugLM_unconstrained,0,0,1,1,-12,-14,FAIL
circuit_0922,qft,4,structural,PyZX_heuristic,0,0,1,0,0,0,FAIL
circuit_0923,qft,6,gate_redundancy,physics_constrained_agent,1,1,1,1,-52,-54,PASS
circuit_0923,qft,6,gate_redundancy,QBugLM_unconstrained,1,1,1,1,-52,-54,PASS
circuit_0923,qft,6,gate_redundancy,PyZX_heuristic,0,0,1,0,0,0,FAIL
circuit_0924,qft,4,semantic_deviation,physics_constrained_agent,1,1,1,1,-12,-13,PASS
circuit_0924,qft,4,semantic_deviation,QBugLM_unconstrained,1,1,1,1,-12,-13,PASS
circuit_0924,qft,4,semantic_deviation,PyZX_heuristic,0,0,1,0,0,0,FAIL
circuit_0925,qft,6,physics_violation,physics_constrained_agent,1,1,1,1,-54,-55,PASS
circuit_0925,qft,6,physics_violation,QBugLM_unconstrained,0,0,1,0,-54,-55,FAIL
circuit_0925,qft,6,physics_violation,PyZX_heuristic,0,0,1,0,0,0,FAIL
circuit_0926,qft,4,syntax,physics_constrained_agent,0,1,2,1,-10,-11,PASS
circuit_0926,qft,4,syntax,QBugLM_unconstrained,0,0,1,0,2,2,FAIL
circuit_0926,qft,4,syntax,PyZX_heuristic,0,0,1,0,0,0,FAIL
circuit_0927,qft,4,structural,physics_constrained_agent,0,1,3,1,-12,-13,PASS
circuit_0927,qft,4,structural,QBugLM_unconstrained,0,0,1,1,-12,-12,FAIL
circuit_0927,qft,4,structural,PyZX_heuristic,0,0,1,0,0,0,FAIL
circuit_0928,qft,4,gate_redundancy,physics_constrained_agent,1,1,1,1,-12,-12,PASS
circuit_0928,qft,4,gate_redundancy,QBugLM_unconstrained,1,1,1,1,-12,-12,PASS
circuit_0928,qft,4,gate_redundancy,PyZX_heuristic,0,0,1,0,0,0,FAIL
circuit_0929,qft,4,semantic_deviation,physics_constrained_agent,1,1,1,1,-12,-13,PASS
circuit_0929,qft,4,semantic_deviation,QBugLM_unconstrained,1,1,1,1,-12,-13,PASS
circuit_0929,qft,4,semantic_deviation,PyZX_heuristic,0,0,1,0,0,0,FAIL
circuit_0930,qft,4,physics_violation,physics_constrained_agent,1,1,1,1,-14,-15,PASS
circuit_0930,qft,4,physics_violation,QBugLM_unconstrained,0,0,1,0,-14,-15,FAIL
circuit_0930,qft,4,physics_violation,PyZX_heuristic,0,0,1,0,0,0,FAIL
circuit_0931,qft,6,syntax,physics_constrained_agent,0,1,2,1,-50,-52,PASS
circuit_0931,qft,6,syntax,QBugLM_unconstrained,0,0,1,0,2,2,FAIL
circuit_0931,qft,6,syntax,PyZX_heuristic,0,0,1,0,0,0,FAIL
circuit_0932,qft,4,structural,physics_constrained_agent,1,1,1,1,-12,-13,PASS
circuit_0932,qft,4,structural,QBugLM_unconstrained,1,1,1,1,-12,-13,PASS
circuit_0932,qft,4,structural,PyZX_heuristic,0,0,1,0,0,0,FAIL
circuit_0933,qft,4,gate_redundancy,physics_constrained_agent,1,1,1,1,-12,-12,PASS
circuit_0933,qft,4,gate_redundancy,QBugLM_unconstrained,1,1,1,1,-12,-12,PASS
circuit_0933,qft,4,gate_redundancy,PyZX_heuristic,0,0,1,0,0,0,FAIL
circuit_0934,qft,4,semantic_deviation,physics_constrained_agent,1,1,1,1,-12,-13,PASS
circuit_0934,qft,4,semantic_deviation,QBugLM_unconstrained,1,1,1,1,-12,-13,PASS
circuit_0934,qft,4,semantic_deviation,PyZX_heuristic,0,0,1,0,0,0,FAIL
circuit_0935,qft,5,physics_violation,physics_constrained_agent,1,1,1,1,-30,-31,PASS
circuit_0935,qft,5,physics_violation,QBugLM_unconstrained,0,0,1,0,-30,-31,FAIL
circuit_0935,qft,5,physics_violation,PyZX_heuristic,0,0,1,0,0,0,FAIL
circuit_0936,qft,6,syntax,physics_constrained_agent,0,1,2,1,-50,-52,PASS
circuit_0936,qft,6,syntax,QBugLM_unconstrained,0,0,1,0,2,2,FAIL
circuit_0936,qft,6,syntax,PyZX_heuristic,0,0,1,0,0,0,FAIL
circuit_0937,qft,4,structural,physics_constrained_agent,0,1,3,1,-12,-13,PASS
circuit_0937,qft,4,structural,QBugLM_unconstrained,0,0,1,1,-12,-14,FAIL
circuit_0937,qft,4,structural,PyZX_heuristic,0,0,1,0,0,0,FAIL
circuit_0938,qft,6,gate_redundancy,physics_constrained_agent,1,1,1,1,-52,-52,PASS
circuit_0938,qft,6,gate_redundancy,QBugLM_unconstrained,1,1,1,1,-52,-52,PASS
circuit_0938,qft,6,gate_redundancy,PyZX_heuristic,0,0,1,0,0,0,FAIL
circuit_0939,qft,4,semantic_deviation,physics_constrained_agent,1,1,1,1,-12,-13,PASS
circuit_0939,qft,4,semantic_deviation,QBugLM_unconstrained,1,1,1,1,-12,-13,PASS
circuit_0939,qft,4,semantic_deviation,PyZX_heuristic,0,0,1,0,0,0,FAIL
circuit_0940,qft,5,physics_violation,physics_constrained_agent,1,1,1,1,-30,-31,PASS
circuit_0940,qft,5,physics_violation,QBugLM_unconstrained,0,0,1,0,-30,-31,FAIL
circuit_0940,qft,5,physics_violation,PyZX_heuristic,0,0,1,0,0,0,FAIL
circuit_0941,qft,6,syntax,physics_constrained_agent,0,1,2,1,-50,-52,PASS
circuit_0941,qft,6,syntax,QBugLM_unconstrained,0,0,1,0,2,2,FAIL
circuit_0941,qft,6,syntax,PyZX_heuristic,0,0,1,0,0,0,FAIL
circuit_0942,qft,5,structural,physics_constrained_agent,0,1,3,1,-28,-29,PASS
circuit_0942,qft,5,structural,QBugLM_unconstrained,0,0,1,1,-28,-29,FAIL
circuit_0942,qft,5,structural,PyZX_heuristic,0,0,1,0,0,0,FAIL
circuit_0943,qft,5,gate_redundancy,physics_constrained_agent,1,1,1,1,-28,-29,PASS
circuit_0943,qft,5,gate_redundancy,QBugLM_unconstrained,1,1,1,1,-28,-29,PASS
circuit_0943,qft,5,gate_redundancy,PyZX_heuristic,0,0,1,0,0,0,FAIL
circuit_0944,qft,4,semantic_deviation,physics_constrained_agent,1,1,1,1,-12,-13,PASS
circuit_0944,qft,4,semantic_deviation,QBugLM_unconstrained,1,1,1,1,-12,-13,PASS
circuit_0944,qft,4,semantic_deviation,PyZX_heuristic,0,0,1,0,0,0,FAIL
circuit_0945,qft,6,physics_violation,physics_constrained_agent,1,1,1,1,-54,-55,PASS
circuit_0945,qft,6,physics_violation,QBugLM_unconstrained,0,0,1,0,-54,-55,FAIL
circuit_0945,qft,6,physics_violation,PyZX_heuristic,0,0,1,0,0,0,FAIL
circuit_0946,qft,6,syntax,physics_constrained_agent,0,1,2,1,-50,-52,PASS
circuit_0946,qft,6,syntax,QBugLM_unconstrained,0,0,1,0,0,0,FAIL
circuit_0946,qft,6,syntax,PyZX_heuristic,0,0,1,0,0,0,FAIL
circuit_0947,qft,6,structural,physics_constrained_agent,1,1,1,1,-46,-46,PASS
circuit_0947,qft,6,structural,QBugLM_unconstrained,1,1,1,1,-46,-46,PASS
circuit_0947,qft,6,structural,PyZX_heuristic,0,0,1,0,0,0,FAIL
circuit_0948,qft,6,gate_redundancy,physics_constrained_agent,1,1,1,1,-52,-54,PASS
circuit_0948,qft,6,gate_redundancy,QBugLM_unconstrained,1,1,1,1,-52,-54,PASS
circuit_0948,qft,6,gate_redundancy,PyZX_heuristic,0,0,1,0,0,0,FAIL
circuit_0949,qft,4,semantic_deviation,physics_constrained_agent,1,1,1,1,-12,-13,PASS
circuit_0949,qft,4,semantic_deviation,QBugLM_unconstrained,1,1,1,1,-12,-13,PASS
circuit_0949,qft,4,semantic_deviation,PyZX_heuristic,0,0,1,0,0,0,FAIL
circuit_0950,qft,4,physics_violation,physics_constrained_agent,1,1,1,1,-14,-15,PASS
circuit_0950,qft,4,physics_violation,QBugLM_unconstrained,0,0,1,0,-14,-15,FAIL
circuit_0950,qft,4,physics_violation,PyZX_heuristic,0,0,1,0,0,0,FAIL
circuit_0951,qft,5,syntax,physics_constrained_agent,0,1,2,1,-26,-27,PASS
circuit_0951,qft,5,syntax,QBugLM_unconstrained,0,0,1,0,2,2,FAIL
circuit_0951,qft,5,syntax,PyZX_heuristic,0,0,1,0,0,0,FAIL
circuit_0952,qft,4,structural,physics_constrained_agent,1,1,1,1,-12,-13,PASS
circuit_0952,qft,4,structural,QBugLM_unconstrained,1,1,1,1,-12,-13,PASS
circuit_0952,qft,4,structural,PyZX_heuristic,0,0,1,0,0,0,FAIL
circuit_0953,qft,6,gate_redundancy,physics_constrained_agent,1,1,1,1,-52,-52,PASS
circuit_0953,qft,6,gate_redundancy,QBugLM_unconstrained,1,1,1,1,-52,-52,PASS
circuit_0953,qft,6,gate_redundancy,PyZX_heuristic,0,0,1,0,0,0,FAIL
circuit_0954,qft,4,semantic_deviation,physics_constrained_agent,1,1,1,1,-12,-13,PASS
circuit_0954,qft,4,semantic_deviation,QBugLM_unconstrained,1,1,1,1,-12,-13,PASS
circuit_0954,qft,4,semantic_deviation,PyZX_heuristic,0,0,1,0,0,0,FAIL
circuit_0955,qft,5,physics_violation,physics_constrained_agent,1,1,1,1,-27,-28,PASS
circuit_0955,qft,5,physics_violation,QBugLM_unconstrained,0,0,1,0,-27,-28,FAIL
circuit_0955,qft,5,physics_violation,PyZX_heuristic,0,0,1,0,0,0,FAIL
circuit_0956,qft,6,syntax,physics_constrained_agent,0,1,2,1,-50,-52,PASS
circuit_0956,qft,6,syntax,QBugLM_unconstrained,0,0,1,0,2,2,FAIL
circuit_0956,qft,6,syntax,PyZX_heuristic,0,0,1,0,0,0,FAIL
circuit_0957,qft,6,structural,physics_constrained_agent,0,1,3,1,-52,-54,PASS
circuit_0957,qft,6,structural,QBugLM_unconstrained,0,0,1,1,-52,-54,FAIL
circuit_0957,qft,6,structural,PyZX_heuristic,0,0,1,0,0,0,FAIL
circuit_0958,qft,5,gate_redundancy,physics_constrained_agent,1,1,1,1,-28,-29,PASS
circuit_0958,qft,5,gate_redundancy,QBugLM_unconstrained,1,1,1,1,-28,-29,PASS
circuit_0958,qft,5,gate_redundancy,PyZX_heuristic,0,0,1,0,0,0,FAIL
circuit_0959,qft,5,semantic_deviation,physics_constrained_agent,1,1,1,1,-28,-29,PASS
circuit_0959,qft,5,semantic_deviation,QBugLM_unconstrained,1,1,1,1,-28,-29,PASS
circuit_0959,qft,5,semantic_deviation,PyZX_heuristic,0,0,1,0,0,0,FAIL
circuit_0960,qft,6,physics_violation,physics_constrained_agent,1,1,1,1,-51,-53,PASS
circuit_0960,qft,6,physics_violation,QBugLM_unconstrained,0,0,1,0,-51,-53,FAIL
circuit_0960,qft,6,physics_violation,PyZX_heuristic,0,0,1,0,0,0,FAIL
circuit_0961,qft,4,syntax,physics_constrained_agent,0,1,2,1,-10,-11,PASS
circuit_0961,qft,4,syntax,QBugLM_unconstrained,0,0,1,0,2,2,FAIL
circuit_0961,qft,4,syntax,PyZX_heuristic,0,0,1,0,0,0,FAIL
circuit_0962,qft,4,structural,physics_constrained_agent,0,1,3,1,-12,-13,PASS
circuit_0962,qft,4,structural,QBugLM_unconstrained,0,0,1,1,-12,-12,FAIL
circuit_0962,qft,4,structural,PyZX_heuristic,0,0,1,0,0,0,FAIL
circuit_0963,qft,6,gate_redundancy,physics_constrained_agent,1,1,1,1,-52,-54,PASS
circuit_0963,qft,6,gate_redundancy,QBugLM_unconstrained,1,1,1,1,-52,-54,PASS
circuit_0963,qft,6,gate_redundancy,PyZX_heuristic,0,0,1,0,0,0,FAIL
circuit_0964,qft,6,semantic_deviation,physics_constrained_agent,1,1,1,1,-52,-54,PASS
circuit_0964,qft,6,semantic_deviation,QBugLM_unconstrained,1,1,1,1,-52,-54,PASS
circuit_0964,qft,6,semantic_deviation,PyZX_heuristic,0,0,1,0,0,0,FAIL
circuit_0965,qft,6,physics_violation,physics_constrained_agent,1,1,1,1,-54,-55,PASS
circuit_0965,qft,6,physics_violation,QBugLM_unconstrained,0,0,1,0,-54,-55,FAIL
circuit_0965,qft,6,physics_violation,PyZX_heuristic,0,0,1,0,0,0,FAIL
circuit_0966,qft,4,syntax,physics_constrained_agent,0,1,2,1,-10,-11,PASS
circuit_0966,qft,4,syntax,QBugLM_unconstrained,0,0,1,0,2,2,FAIL
circuit_0966,qft,4,syntax,PyZX_heuristic,0,0,1,0,0,0,FAIL
circuit_0967,qft,4,structural,physics_constrained_agent,0,1,3,1,-13,-14,PASS
circuit_0967,qft,4,structural,QBugLM_unconstrained,0,0,1,1,-12,-13,FAIL
circuit_0967,qft,4,structural,PyZX_heuristic,0,0,1,0,0,0,FAIL
circuit_0968,qft,6,gate_redundancy,physics_constrained_agent,1,1,1,1,-52,-54,PASS
circuit_0968,qft,6,gate_redundancy,QBugLM_unconstrained,1,1,1,1,-52,-54,PASS
circuit_0968,qft,6,gate_redundancy,PyZX_heuristic,0,0,1,0,0,0,FAIL
circuit_0969,qft,5,semantic_deviation,physics_constrained_agent,1,1,1,1,-28,-29,PASS
circuit_0969,qft,5,semantic_deviation,QBugLM_unconstrained,1,1,1,1,-28,-29,PASS
circuit_0969,qft,5,semantic_deviation,PyZX_heuristic,0,0,1,0,0,0,FAIL
circuit_0970,qft,6,physics_violation,physics_constrained_agent,1,1,1,1,-51,-53,PASS
circuit_0970,qft,6,physics_violation,QBugLM_unconstrained,0,0,1,0,-51,-53,FAIL
circuit_0970,qft,6,physics_violation,PyZX_heuristic,0,0,1,0,0,0,FAIL
circuit_0971,qft,6,syntax,physics_constrained_agent,0,1,2,1,-50,-52,PASS
circuit_0971,qft,6,syntax,QBugLM_unconstrained,0,0,1,0,2,2,FAIL
circuit_0971,qft,6,syntax,PyZX_heuristic,0,0,1,0,0,0,FAIL
circuit_0972,qft,4,structural,physics_constrained_agent,0,1,3,1,-12,-13,PASS
circuit_0972,qft,4,structural,QBugLM_unconstrained,0,0,1,1,-12,-13,FAIL
circuit_0972,qft,4,structural,PyZX_heuristic,0,0,1,0,0,0,FAIL
circuit_0973,qft,6,gate_redundancy,physics_constrained_agent,1,1,1,1,-52,-56,PASS
circuit_0973,qft,6,gate_redundancy,QBugLM_unconstrained,1,1,1,1,-52,-56,PASS
circuit_0973,qft,6,gate_redundancy,PyZX_heuristic,0,0,1,0,0,0,FAIL
circuit_0974,qft,4,semantic_deviation,physics_constrained_agent,1,1,1,1,-12,-13,PASS
circuit_0974,qft,4,semantic_deviation,QBugLM_unconstrained,1,1,1,1,-12,-13,PASS
circuit_0974,qft,4,semantic_deviation,PyZX_heuristic,0,0,1,0,0,0,FAIL
circuit_0975,qft,5,physics_violation,physics_constrained_agent,1,1,1,1,-27,-28,PASS
circuit_0975,qft,5,physics_violation,QBugLM_unconstrained,0,0,1,0,-27,-28,FAIL
circuit_0975,qft,5,physics_violation,PyZX_heuristic,0,0,1,0,0,0,FAIL
circuit_0976,qft,6,syntax,physics_constrained_agent,0,1,2,1,-50,-52,PASS
circuit_0976,qft,6,syntax,QBugLM_unconstrained,0,0,1,0,2,2,FAIL
circuit_0976,qft,6,syntax,PyZX_heuristic,0,0,1,0,0,0,FAIL
circuit_0977,qft,5,structural,physics_constrained_agent,1,1,1,1,-28,-28,PASS
circuit_0977,qft,5,structural,QBugLM_unconstrained,1,1,1,1,-28,-28,PASS
circuit_0977,qft,5,structural,PyZX_heuristic,0,0,1,0,0,0,FAIL
circuit_0978,qft,6,gate_redundancy,physics_constrained_agent,1,1,1,1,-52,-54,PASS
circuit_0978,qft,6,gate_redundancy,QBugLM_unconstrained,1,1,1,1,-52,-54,PASS
circuit_0978,qft,6,gate_redundancy,PyZX_heuristic,0,0,1,0,0,0,FAIL
circuit_0979,qft,5,semantic_deviation,physics_constrained_agent,1,1,1,1,-28,-29,PASS
circuit_0979,qft,5,semantic_deviation,QBugLM_unconstrained,1,1,1,1,-28,-29,PASS
circuit_0979,qft,5,semantic_deviation,PyZX_heuristic,0,0,1,0,0,0,FAIL
circuit_0980,qft,4,physics_violation,physics_constrained_agent,1,1,1,1,-14,-15,PASS
circuit_0980,qft,4,physics_violation,QBugLM_unconstrained,0,0,1,0,-14,-15,FAIL
circuit_0980,qft,4,physics_violation,PyZX_heuristic,0,0,1,0,0,0,FAIL
circuit_0981,qft,6,syntax,physics_constrained_agent,0,1,2,1,-50,-52,PASS
circuit_0981,qft,6,syntax,QBugLM_unconstrained,0,0,1,0,2,2,FAIL
circuit_0981,qft,6,syntax,PyZX_heuristic,0,0,1,0,0,0,FAIL
circuit_0982,qft,6,structural,physics_constrained_agent,0,1,3,1,-53,-54,PASS
circuit_0982,qft,6,structural,QBugLM_unconstrained,0,0,1,1,-52,-54,FAIL
circuit_0982,qft,6,structural,PyZX_heuristic,0,0,1,0,0,0,FAIL
circuit_0983,qft,5,gate_redundancy,physics_constrained_agent,1,1,1,1,-28,-29,PASS
circuit_0983,qft,5,gate_redundancy,QBugLM_unconstrained,1,1,1,1,-28,-29,PASS
circuit_0983,qft,5,gate_redundancy,PyZX_heuristic,0,0,1,0,0,0,FAIL
circuit_0984,qft,4,semantic_deviation,physics_constrained_agent,1,1,1,1,-12,-13,PASS
circuit_0984,qft,4,semantic_deviation,QBugLM_unconstrained,1,1,1,1,-12,-13,PASS
circuit_0984,qft,4,semantic_deviation,PyZX_heuristic,0,0,1,0,0,0,FAIL
circuit_0985,qft,5,physics_violation,physics_constrained_agent,1,1,1,1,-30,-31,PASS
circuit_0985,qft,5,physics_violation,QBugLM_unconstrained,0,0,1,0,-30,-31,FAIL
circuit_0985,qft,5,physics_violation,PyZX_heuristic,0,0,1,0,0,0,FAIL
circuit_0986,qft,5,syntax,physics_constrained_agent,0,1,2,1,-26,-27,PASS
circuit_0986,qft,5,syntax,QBugLM_unconstrained,0,0,1,0,2,2,FAIL
circuit_0986,qft,5,syntax,PyZX_heuristic,0,0,1,0,0,0,FAIL
circuit_0987,qft,4,structural,physics_constrained_agent,0,1,3,1,-12,-12,PASS
circuit_0987,qft,4,structural,QBugLM_unconstrained,0,0,1,1,-12,-12,FAIL
circuit_0987,qft,4,structural,PyZX_heuristic,0,0,1,0,0,0,FAIL
circuit_0988,qft,5,gate_redundancy,physics_constrained_agent,1,1,1,1,-28,-28,PASS
circuit_0988,qft,5,gate_redundancy,QBugLM_unconstrained,1,1,1,1,-28,-28,PASS
circuit_0988,qft,5,gate_redundancy,PyZX_heuristic,0,0,1,0,0,0,FAIL
circuit_0989,qft,5,semantic_deviation,physics_constrained_agent,1,1,1,1,-28,-29,PASS
circuit_0989,qft,5,semantic_deviation,QBugLM_unconstrained,1,1,1,1,-28,-29,PASS
circuit_0989,qft,5,semantic_deviation,PyZX_heuristic,0,0,1,0,0,0,FAIL
circuit_0990,qft,6,physics_violation,physics_constrained_agent,1,1,1,1,-51,-53,PASS
circuit_0990,qft,6,physics_violation,QBugLM_unconstrained,0,0,1,0,-51,-53,FAIL
circuit_0990,qft,6,physics_violation,PyZX_heuristic,0,0,1,0,0,0,FAIL
circuit_0991,qft,5,syntax,physics_constrained_agent,0,1,2,1,-26,-27,PASS
circuit_0991,qft,5,syntax,QBugLM_unconstrained,0,0,1,0,2,2,FAIL
circuit_0991,qft,5,syntax,PyZX_heuristic,0,0,1,0,0,0,FAIL
circuit_0992,qft,6,structural,physics_constrained_agent,0,1,3,1,-53,-55,PASS
circuit_0992,qft,6,structural,QBugLM_unconstrained,0,0,1,1,-52,-55,FAIL
circuit_0992,qft,6,structural,PyZX_heuristic,0,0,1,0,0,0,FAIL
circuit_0993,qft,4,gate_redundancy,physics_constrained_agent,1,1,1,1,-12,-13,PASS
circuit_0993,qft,4,gate_redundancy,QBugLM_unconstrained,1,1,1,1,-12,-13,PASS
circuit_0993,qft,4,gate_redundancy,PyZX_heuristic,0,0,1,0,0,0,FAIL
circuit_0994,qft,5,semantic_deviation,physics_constrained_agent,1,1,1,1,-28,-29,PASS
circuit_0994,qft,5,semantic_deviation,QBugLM_unconstrained,1,1,1,1,-28,-29,PASS
circuit_0994,qft,5,semantic_deviation,PyZX_heuristic,0,0,1,0,0,0,FAIL
circuit_0995,qft,4,physics_violation,physics_constrained_agent,1,1,1,1,-14,-15,PASS
circuit_0995,qft,4,physics_violation,QBugLM_unconstrained,0,0,1,0,-14,-15,FAIL
circuit_0995,qft,4,physics_violation,PyZX_heuristic,0,0,1,0,0,0,FAIL
circuit_0996,qft,6,syntax,physics_constrained_agent,0,1,2,1,-50,-52,PASS
circuit_0996,qft,6,syntax,QBugLM_unconstrained,0,0,1,0,2,2,FAIL
circuit_0996,qft,6,syntax,PyZX_heuristic,0,0,1,0,0,0,FAIL
circuit_0997,qft,6,structural,physics_constrained_agent,0,1,3,1,-52,-55,PASS
circuit_0997,qft,6,structural,QBugLM_unconstrained,0,0,1,1,-52,-55,FAIL
circuit_0997,qft,6,structural,PyZX_heuristic,0,0,1,0,0,0,FAIL
circuit_0998,qft,6,gate_redundancy,physics_constrained_agent,1,1,1,1,-52,-54,PASS
circuit_0998,qft,6,gate_redundancy,QBugLM_unconstrained,1,1,1,1,-52,-54,PASS
circuit_0998,qft,6,gate_redundancy,PyZX_heuristic,0,0,1,0,0,0,FAIL
circuit_0999,qft,5,semantic_deviation,physics_constrained_agent,1,1,1,1,-28,-29,PASS
circuit_0999,qft,5,semantic_deviation,QBugLM_unconstrained,1,1,1,1,-28,-29,PASS
circuit_0999,qft,5,semantic_deviation,PyZX_heuristic,0,0,1,0,0,0,FAIL
circuit_1000,qft,6,physics_violation,physics_constrained_agent,1,1,1,1,-54,-55,PASS
circuit_1000,qft,6,physics_violation,QBugLM_unconstrained,0,0,1,0,-54,-55,FAIL
circuit_1000,qft,6,physics_violation,PyZX_heuristic,0,0,1,0,0,0,FAIL
